timestamp,phase,buffer_size,win_loss,score_loss,win_rate,avg_margin
2026-03-17 12:27:18,1,307,0.1405,0.0091,0.000,0.0
2026-03-17 12:27:44,1,411,0.0197,0.0067,0.000,0.0
2026-03-17 12:28:07,1,532,0.0296,0.0077,0.000,0.0
2026-03-17 12:28:32,1,642,0.0236,0.0101,0.000,0.0
2026-03-17 12:28:53,1,754,0.0197,0.0097,0.000,0.0
2026-03-17 12:29:14,1,865,0.0279,0.0098,0.000,0.0
2026-03-17 12:29:32,1,953,0.0336,0.0098,0.000,0.0
2026-03-17 12:30:00,1,1042,0.0115,0.0089,0.000,0.0
2026-03-17 12:30:23,1,1165,0.0234,0.0088,0.000,0.0
2026-03-17 12:30:41,1,1279,0.0186,0.0087,0.000,0.0
2026-03-17 12:31:11,1,1366,0.0333,0.0087,0.000,0.0
2026-03-17 12:31:37,1,1496,0.0316,0.0087,0.000,0.0
2026-03-17 12:32:02,1,1618,0.0308,0.0083,0.000,0.0
2026-03-17 12:32:23,1,1729,0.0167,0.0084,0.000,0.0
2026-03-17 12:32:44,1,1847,0.0399,0.0084,0.000,0.0
2026-03-17 12:33:03,1,1938,0.0266,0.0079,0.000,0.0
2026-03-17 12:33:34,1,2033,0.0208,0.0078,0.000,0.0
2026-03-17 12:34:04,1,2159,0.0496,0.0081,0.000,0.0
2026-03-17 12:34:34,1,2290,0.0462,0.0076,0.000,0.0
2026-03-17 12:35:03,1,2409,0.0345,0.0077,0.000,0.0
2026-03-17 12:35:48,1,2532,0.0252,0.0072,0.000,0.0
2026-03-17 12:36:43,1,2680,0.0342,0.0075,0.000,0.0
2026-03-17 12:37:37,1,2859,0.0429,0.0074,0.000,0.0
2026-03-17 12:38:21,1,3065,0.0276,0.0072,0.000,0.0
2026-03-17 12:39:09,1,3223,0.0223,0.0070,0.000,0.0
2026-03-17 12:39:44,1,3389,0.0238,0.0071,0.000,0.0
2026-03-17 12:40:36,1,3502,0.0350,0.0073,0.000,0.0
2026-03-17 12:41:20,1,3673,0.0558,0.0078,0.000,0.0
2026-03-17 12:41:45,1,3833,0.0237,0.0074,0.000,0.0
2026-03-17 12:42:18,1,3949,0.0286,0.0074,0.000,0.0
2026-03-17 12:42:41,1,4076,0.0239,0.0072,0.000,0.0
2026-03-17 12:43:06,1,4172,0.0207,0.0072,0.000,0.0
2026-03-17 12:43:33,1,4286,0.0334,0.0075,0.000,0.0
2026-03-17 12:44:10,1,4387,0.0333,0.0076,0.000,0.0
2026-03-17 12:44:49,1,4524,0.0256,0.0072,0.000,0.0
2026-03-17 12:45:36,1,4651,0.0349,0.0071,0.000,0.0
2026-03-17 12:46:52,1,4844,0.0512,0.0079,0.300,-26.6
2026-03-17 12:47:15,1,5445,0.0830,0.0077,0.000,0.0
2026-03-17 13:23:13,1,277,0.0752,0.0080,0.000,0.0
2026-03-17 13:25:38,1,500,0.1224,0.0089,0.000,0.0
2026-03-17 13:28:04,1,1535,0.2788,0.0116,0.000,0.0
2026-03-17 13:30:34,1,2410,0.2151,0.0107,0.000,0.0
2026-03-17 13:33:01,1,3316,0.1936,0.0105,0.000,0.0
2026-03-17 13:35:30,1,4209,0.1896,0.0104,0.000,0.0
2026-03-17 13:41:09,1,5288,0.1869,0.0105,0.350,-21.9
2026-03-17 13:43:45,1,8293,0.2757,0.0127,0.000,0.0
2026-03-17 13:49:36,1,10106,0.2621,0.0123,0.550,-1.2
2026-03-17 13:55:33,1,15846,0.3444,0.0131,0.450,9.4
2026-03-17 14:01:25,1,21349,0.3642,0.0127,0.400,-23.3
2026-03-17 14:07:15,1,26706,0.3759,0.0129,0.650,2.5
2026-03-17 14:12:58,1,32030,0.3817,0.0126,0.200,-51.1
2026-03-17 14:19:26,1,37199,0.3827,0.0130,0.450,0.2
2026-03-17 14:25:42,1,43042,0.3903,0.0134,0.500,10.3
2026-03-17 14:32:09,1,48694,0.3861,0.0132,0.350,-14.7
2026-03-17 14:38:27,1,54435,0.3857,0.0131,0.500,0.2
2026-03-17 14:44:53,1,59987,0.3965,0.0132,0.550,27.1
2026-03-17 14:51:20,1,66124,0.3980,0.0134,0.550,10.6
2026-03-17 14:57:43,1,72167,0.3929,0.0131,0.600,3.8
2026-03-17 15:04:15,1,78414,0.4099,0.0133,0.500,-12.9
2026-03-17 15:10:12,1,84860,0.4072,0.0134,0.400,-7.0
2026-03-17 15:16:14,1,90810,0.4087,0.0131,0.550,0.4
2026-03-17 15:21:59,1,96813,0.4095,0.0132,0.600,11.8
2026-03-17 15:28:00,1,100000,0.4050,0.0131,0.250,-43.6
2026-03-17 15:33:56,1,100000,0.4150,0.0133,0.700,36.0
2026-03-17 15:37:56,1,1579,0.3702,0.0153,0.000,0.0
2026-03-17 15:40:41,1,4060,0.3338,0.0137,0.000,0.0
2026-03-17 15:43:18,1,6810,0.3179,0.0129,0.000,0.0
2026-03-17 15:54:32,1,9388,0.2991,0.0128,0.460,-19.0
2026-03-17 16:05:24,1,20661,0.4127,0.0139,0.580,27.6
2026-03-17 16:16:20,1,31701,0.3987,0.0126,0.600,11.0
2026-03-17 16:27:10,1,42717,0.4198,0.0131,0.460,0.8
2026-03-17 16:38:04,1,53522,0.4148,0.0129,0.540,0.4
2026-03-17 16:49:18,1,64381,0.4178,0.0134,0.500,11.4
2026-03-17 17:00:18,1,75516,0.4157,0.0133,0.520,9.3
2026-03-17 17:11:22,1,86422,0.4145,0.0130,0.580,2.5
2026-03-17 17:22:51,1,97587,0.4143,0.0132,0.520,5.4
2026-03-17 17:34:22,1,100000,0.4220,0.0133,0.560,14.7
2026-03-17 17:46:14,1,100000,0.4255,0.0133,0.500,3.1
2026-03-17 19:01:34,1,5855,0.4283,0.0128,0.000,0.0
2026-03-17 19:01:39,1,5855,0.4076,0.0127,0.000,0.0
2026-03-17 19:01:44,1,5855,0.3666,0.0123,0.000,0.0
2026-03-17 19:01:49,1,5855,0.2957,0.0119,0.000,0.0
2026-03-17 19:01:54,1,5855,0.1893,0.0117,0.000,0.0
2026-03-17 19:01:58,1,5855,0.1224,0.0108,0.000,0.0
2026-03-17 19:02:03,1,5855,0.0812,0.0107,0.000,0.0
2026-03-17 19:02:09,1,5855,0.0654,0.0099,0.000,0.0
2026-03-17 19:02:22,1,5855,0.0508,0.0093,0.000,0.0
2026-03-17 19:02:35,1,5892,0.0448,0.0089,0.000,0.0
2026-03-17 19:02:45,1,5944,0.0491,0.0088,0.000,0.0
2026-03-17 19:02:57,1,5994,0.0435,0.0085,0.000,0.0
2026-03-17 19:03:12,1,6034,0.0402,0.0082,0.000,0.0
2026-03-17 19:03:25,1,6082,0.0391,0.0081,0.000,0.0
2026-03-17 19:03:56,1,6157,0.0412,0.0081,0.000,0.0
2026-03-17 19:04:29,1,6302,0.0404,0.0079,0.000,0.0
2026-03-17 19:05:02,1,6430,0.0398,0.0079,0.000,0.0
2026-03-17 19:05:32,1,6557,0.0337,0.0080,0.000,0.0
2026-03-17 19:06:25,1,6673,0.0306,0.0076,0.000,0.0
2026-03-17 19:07:15,1,6853,0.0386,0.0078,0.000,0.0
2026-03-17 19:08:10,1,7011,0.0394,0.0078,0.000,0.0
2026-03-17 19:08:56,1,7172,0.0407,0.0079,0.000,0.0
2026-03-17 19:10:01,1,7318,0.0351,0.0077,0.000,0.0
2026-03-17 19:10:59,1,7504,0.0456,0.0075,0.000,0.0
2026-03-17 19:15:37,1,7679,0.0492,0.0080,0.440,4.4
2026-03-17 19:16:24,1,9168,0.1593,0.0092,0.000,0.0
2026-03-17 19:17:05,1,9328,0.0931,0.0093,0.000,0.0
2026-03-17 19:17:46,1,9483,0.0560,0.0084,0.000,0.0
2026-03-17 19:17:54,1,9626,0.0519,0.0082,0.000,0.0
2026-03-17 19:18:02,1,9660,0.0430,0.0084,0.000,0.0
2026-03-17 19:18:10,1,9697,0.0414,0.0081,0.000,0.0
2026-03-17 19:18:18,1,9738,0.0285,0.0079,0.000,0.0
2026-03-17 19:18:26,1,9774,0.0287,0.0079,0.000,0.0
2026-03-17 19:18:33,1,9800,0.0299,0.0081,0.000,0.0
2026-03-17 19:18:40,1,9842,0.0418,0.0081,0.000,0.0
2026-03-17 19:18:46,1,9881,0.0293,0.0080,0.000,0.0
2026-03-17 19:18:52,1,9909,0.0250,0.0077,0.000,0.0
2026-03-17 19:19:01,1,9948,0.0211,0.0077,0.000,0.0
2026-03-17 19:19:11,1,9974,0.0212,0.0077,0.000,0.0
2026-03-17 19:19:21,1,10039,0.0175,0.0076,0.000,0.0
2026-03-17 19:19:28,1,10129,0.0248,0.0077,0.000,0.0
2026-03-17 19:19:37,1,10204,0.0242,0.0073,0.000,0.0
2026-03-17 19:19:41,1,10244,0.0211,0.0074,0.000,0.0
2026-03-17 19:19:46,1,10279,0.0180,0.0074,0.000,0.0
2026-03-17 19:19:51,1,10317,0.0223,0.0076,0.000,0.0
2026-03-17 19:19:56,1,10344,0.0160,0.0075,0.000,0.0
2026-03-17 19:20:01,1,10370,0.0172,0.0074,0.000,0.0
2026-03-17 19:20:06,1,10408,0.0184,0.0071,0.000,0.0
2026-03-17 19:20:47,1,517,0.1101,0.0066,0.000,0.0
2026-03-17 19:20:53,1,617,0.0367,0.0059,0.000,0.0
2026-03-17 19:20:58,1,706,0.0687,0.0062,0.000,0.0
2026-03-17 19:21:04,1,793,0.0117,0.0059,0.000,0.0
2026-03-17 19:21:09,1,872,0.0233,0.0059,0.000,0.0
2026-03-17 19:21:15,1,978,0.0285,0.0068,0.000,0.0
2026-03-17 19:21:21,1,1052,0.0104,0.0064,0.000,0.0
2026-03-17 19:21:26,1,1142,0.0051,0.0065,0.000,0.0
2026-03-17 19:21:32,1,1234,0.0316,0.0075,0.000,0.0
2026-03-17 19:21:37,1,1322,0.0214,0.0074,0.000,0.0
2026-03-17 19:21:43,1,1394,0.0212,0.0072,0.000,0.0
2026-03-17 19:21:48,1,1480,0.0196,0.0075,0.000,0.0
2026-03-17 19:21:54,1,1572,0.0328,0.0082,0.000,0.0
2026-03-17 19:21:59,1,1649,0.0343,0.0080,0.000,0.0
2026-03-17 19:22:05,1,1728,0.0106,0.0075,0.000,0.0
2026-03-17 19:22:11,1,1789,0.0066,0.0074,0.000,0.0
2026-03-17 19:22:16,1,1865,0.0120,0.0079,0.000,0.0
2026-03-17 19:22:22,1,1953,0.0186,0.0081,0.000,0.0
2026-03-17 19:22:28,1,2014,0.0128,0.0076,0.000,0.0
2026-03-17 19:22:34,1,2102,0.0101,0.0078,0.000,0.0
2026-03-17 19:22:39,1,2201,0.0180,0.0077,0.000,0.0
2026-03-17 19:22:45,1,2291,0.0169,0.0073,0.000,0.0
2026-03-17 19:22:50,1,2366,0.0112,0.0075,0.000,0.0
2026-03-17 19:22:56,1,2425,0.0073,0.0075,0.000,0.0
2026-03-17 19:23:02,1,2503,0.0155,0.0075,0.000,0.0
2026-03-17 19:23:07,1,2606,0.0253,0.0078,0.000,0.0
2026-03-17 19:23:14,1,2704,0.0124,0.0079,0.000,0.0
2026-03-17 19:23:19,1,2769,0.0069,0.0078,0.000,0.0
2026-03-17 19:23:25,1,2866,0.0140,0.0079,0.000,0.0
2026-03-17 19:23:31,1,2944,0.0299,0.0079,0.000,0.0
2026-03-17 19:23:37,1,2991,0.0135,0.0079,0.000,0.0
2026-03-17 19:23:42,1,3094,0.0109,0.0076,0.000,0.0
2026-03-17 19:23:48,1,3183,0.0228,0.0078,0.000,0.0
2026-03-17 19:23:54,1,3253,0.0160,0.0077,0.000,0.0
2026-03-17 19:23:59,1,3364,0.0165,0.0074,0.000,0.0
2026-03-17 19:24:05,1,3426,0.0120,0.0073,0.000,0.0
2026-03-17 19:24:10,1,3528,0.0278,0.0078,0.000,0.0
2026-03-17 19:24:16,1,3601,0.0169,0.0075,0.000,0.0
2026-03-17 19:24:22,1,3690,0.0231,0.0075,0.000,0.0
2026-03-17 19:24:27,1,3810,0.0216,0.0075,0.000,0.0
2026-03-17 19:24:33,1,3954,0.0229,0.0075,0.000,0.0
2026-03-17 19:24:39,1,4100,0.0305,0.0075,0.000,0.0
2026-03-17 19:24:45,1,4221,0.0343,0.0078,0.000,0.0
2026-03-17 19:24:50,1,4380,0.0288,0.0076,0.000,0.0
2026-03-17 19:24:56,1,4576,0.0431,0.0080,0.000,0.0
2026-03-17 19:25:02,1,4749,0.0367,0.0073,0.000,0.0
2026-03-17 19:25:08,1,4939,0.0438,0.0077,0.000,0.0
2026-03-17 19:25:13,1,5124,0.0321,0.0073,0.000,0.0
2026-03-17 19:25:19,1,5336,0.0640,0.0074,0.000,0.0
2026-03-17 19:25:25,1,5539,0.0456,0.0079,0.000,0.0
2026-03-17 19:25:31,1,5783,0.0436,0.0080,0.000,0.0
2026-03-17 19:25:37,1,5991,0.0472,0.0082,0.000,0.0
2026-03-17 19:25:43,1,6220,0.0412,0.0087,0.000,0.0
2026-03-17 19:25:49,1,6434,0.0427,0.0084,0.000,0.0
2026-03-17 19:25:55,1,6661,0.0501,0.0082,0.000,0.0
2026-03-17 19:26:01,1,6888,0.0493,0.0084,0.000,0.0
2026-03-17 19:26:07,1,7141,0.0621,0.0089,0.000,0.0
2026-03-17 19:26:13,1,7372,0.0515,0.0085,0.000,0.0
2026-03-17 19:26:19,1,7611,0.0491,0.0088,0.000,0.0
2026-03-17 19:26:25,1,7844,0.0495,0.0086,0.000,0.0
2026-03-17 19:27:58,1,8101,0.0441,0.0083,0.340,-27.6
2026-03-17 19:28:05,1,12470,0.2755,0.0130,0.000,0.0
2026-03-17 19:28:11,1,12831,0.1882,0.0112,0.000,0.0
2026-03-17 19:28:17,1,13130,0.1561,0.0110,0.000,0.0
2026-03-17 19:28:23,1,13405,0.1365,0.0100,0.000,0.0
2026-03-17 19:28:29,1,13686,0.1181,0.0103,0.000,0.0
2026-03-17 19:28:36,1,13953,0.1052,0.0106,0.000,0.0
2026-03-17 19:28:42,1,14191,0.0959,0.0102,0.000,0.0
2026-03-17 19:28:48,1,14463,0.0894,0.0098,0.000,0.0
2026-03-17 19:28:54,1,14738,0.0775,0.0096,0.000,0.0
2026-03-17 19:29:00,1,14998,0.0825,0.0097,0.000,0.0
2026-03-17 19:29:06,1,15264,0.0720,0.0094,0.000,0.0
2026-03-17 19:29:11,1,15589,0.0791,0.0096,0.000,0.0
2026-03-17 19:30:44,1,15868,0.0900,0.0092,0.500,4.9
2026-03-17 19:30:51,1,20371,0.2263,0.0114,0.000,0.0
2026-03-17 19:30:57,1,20701,0.1898,0.0115,0.000,0.0
2026-03-17 19:31:03,1,21005,0.1628,0.0106,0.000,0.0
2026-03-17 19:31:09,1,21285,0.1449,0.0102,0.000,0.0
2026-03-17 19:31:15,1,21565,0.1253,0.0100,0.000,0.0
2026-03-17 19:31:21,1,21883,0.1235,0.0105,0.000,0.0
2026-03-17 19:31:27,1,22171,0.1155,0.0096,0.000,0.0
2026-03-17 19:31:32,1,22463,0.1172,0.0102,0.000,0.0
2026-03-17 19:31:38,1,22774,0.1185,0.0097,0.000,0.0
2026-03-17 19:31:44,1,23094,0.1109,0.0100,0.000,0.0
2026-03-17 19:31:50,1,23401,0.1086,0.0096,0.000,0.0
2026-03-17 19:33:25,1,23656,0.1004,0.0100,0.440,-25.1
2026-03-17 19:33:32,1,28950,0.2147,0.0114,0.000,0.0
2026-03-17 19:33:38,1,29379,0.1931,0.0108,0.000,0.0
2026-03-17 19:33:45,1,29755,0.1793,0.0111,0.000,0.0
2026-03-17 19:33:52,1,30099,0.1856,0.0110,0.000,0.0
2026-03-17 19:33:58,1,30489,0.1617,0.0106,0.000,0.0
2026-03-17 19:34:04,1,30871,0.1603,0.0105,0.000,0.0
2026-03-17 19:34:10,1,31192,0.1506,0.0104,0.000,0.0
2026-03-17 19:35:48,1,31558,0.1497,0.0104,0.520,-7.2
2026-03-17 19:35:55,1,37506,0.2326,0.0113,0.000,0.0
2026-03-17 19:36:01,1,37963,0.2026,0.0113,0.000,0.0
2026-03-17 19:36:08,1,38319,0.2064,0.0111,0.000,0.0
2026-03-17 19:36:14,1,38677,0.2040,0.0112,0.000,0.0
2026-03-17 19:36:20,1,39025,0.1870,0.0110,0.000,0.0
2026-03-17 19:37:59,1,39365,0.1877,0.0110,0.400,-12.8
2026-03-17 19:38:06,1,45040,0.2433,0.0118,0.000,0.0
2026-03-17 19:38:13,1,45457,0.2284,0.0112,0.000,0.0
2026-03-17 19:38:19,1,45862,0.2151,0.0117,0.000,0.0
2026-03-17 19:38:26,1,46290,0.2147,0.0117,0.000,0.0
2026-03-17 19:38:32,1,46726,0.2123,0.0113,0.000,0.0
2026-03-17 19:40:16,1,47142,0.2062,0.0115,0.360,-22.1
2026-03-17 19:40:24,1,54416,0.2575,0.0119,0.000,0.0
2026-03-17 19:42:02,1,54980,0.2473,0.0116,0.500,12.5
2026-03-17 19:42:10,1,62016,0.2910,0.0117,0.000,0.0
2026-03-17 19:43:50,1,62532,0.2648,0.0120,0.400,-19.6
2026-03-17 19:43:58,1,69384,0.2861,0.0124,0.000,0.0
2026-03-17 19:44:04,1,69874,0.2939,0.0119,0.000,0.0
2026-03-17 19:45:41,1,70329,0.2823,0.0122,0.340,-10.3
2026-03-17 19:45:49,1,77083,0.2978,0.0126,0.000,0.0
2026-03-17 19:45:56,1,77642,0.2976,0.0124,0.000,0.0
2026-03-17 19:47:30,1,78103,0.2901,0.0122,0.460,-4.0
2026-03-17 19:47:38,1,84710,0.3083,0.0126,0.000,0.0
2026-03-17 19:47:44,1,85183,0.3127,0.0129,0.000,0.0
2026-03-17 19:49:33,1,85629,0.3021,0.0124,0.440,-12.9
2026-03-17 19:49:41,1,92792,0.3164,0.0128,0.000,0.0
2026-03-17 19:51:38,1,93281,0.3151,0.0128,0.600,4.1
2026-03-17 19:53:23,1,100000,0.3266,0.0131,0.340,-31.7
2026-03-17 19:53:32,1,100000,0.3450,0.0128,0.000,0.0
2026-03-17 19:55:15,1,100000,0.3370,0.0127,0.340,-32.2
2026-03-17 19:55:23,1,100000,0.3603,0.0134,0.000,0.0
2026-03-17 19:55:30,1,100000,0.3498,0.0141,0.000,0.0
2026-03-17 19:57:18,1,100000,0.3515,0.0132,0.520,0.7
2026-03-17 19:57:26,1,100000,0.3579,0.0133,0.000,0.0
2026-03-17 19:59:11,1,100000,0.3645,0.0132,0.460,-0.8
2026-03-17 19:59:20,1,100000,0.3782,0.0130,0.000,0.0
2026-03-17 19:59:26,1,100000,0.3780,0.0137,0.000,0.0
2026-03-17 20:01:24,1,100000,0.3738,0.0134,0.340,-23.3
2026-03-17 20:03:06,1,100000,0.3925,0.0136,0.520,-0.8
2026-03-17 20:03:14,1,100000,0.3934,0.0139,0.000,0.0
2026-03-17 20:04:57,1,100000,0.3901,0.0134,0.520,6.7
2026-03-17 20:05:05,1,100000,0.3948,0.0140,0.000,0.0
2026-03-17 20:06:42,1,100000,0.3925,0.0139,0.460,-3.8
2026-03-17 20:06:50,1,100000,0.4121,0.0144,0.000,0.0
2026-03-17 20:07:34,1,2337,0.4176,0.0131,0.000,0.0
2026-03-17 20:07:41,1,2808,0.3048,0.0117,0.000,0.0
2026-03-17 20:07:48,1,3220,0.1729,0.0097,0.000,0.0
2026-03-17 20:07:55,1,3648,0.1178,0.0093,0.000,0.0
2026-03-17 20:08:02,1,4047,0.0867,0.0087,0.000,0.0
2026-03-17 20:08:08,1,4483,0.1039,0.0085,0.000,0.0
2026-03-17 20:08:16,1,4883,0.1019,0.0082,0.000,0.0
2026-03-17 20:08:23,1,5238,0.0788,0.0080,0.000,0.0
2026-03-17 20:08:30,1,5733,0.0874,0.0078,0.000,0.0
2026-03-17 20:09:21,1,2831,0.4025,0.0149,0.000,0.0
2026-03-17 20:09:28,1,3223,0.1717,0.0118,0.000,0.0
2026-03-17 20:09:35,1,3675,0.1255,0.0105,0.000,0.0
2026-03-17 20:09:42,1,4118,0.1161,0.0101,0.000,0.0
2026-03-17 20:09:48,1,4605,0.1146,0.0094,0.000,0.0
2026-03-17 20:09:55,1,4985,0.1152,0.0093,0.000,0.0
2026-03-17 20:10:02,1,5395,0.0779,0.0091,0.000,0.0
2026-03-17 20:10:08,1,5870,0.0863,0.0094,0.000,0.0
2026-03-17 20:10:15,1,6280,0.0919,0.0095,0.000,0.0
2026-03-17 20:10:22,1,6707,0.0830,0.0094,0.000,0.0
2026-03-17 20:10:28,1,7140,0.0812,0.0091,0.000,0.0
2026-03-17 20:10:35,1,7558,0.0893,0.0086,0.000,0.0
2026-03-17 20:10:42,1,8019,0.0921,0.0089,0.000,0.0
2026-03-17 20:10:48,1,8456,0.0840,0.0085,0.000,0.0
2026-03-17 20:10:54,1,8921,0.0809,0.0092,0.000,0.0
2026-03-17 20:11:01,1,9355,0.0764,0.0087,0.000,0.0
2026-03-17 20:11:07,1,9849,0.0830,0.0086,0.000,0.0
2026-03-17 20:11:13,1,10277,0.0961,0.0090,0.000,0.0
2026-03-17 20:11:19,1,10708,0.0950,0.0089,0.000,0.0
2026-03-17 20:11:25,1,11168,0.0853,0.0087,0.000,0.0
2026-03-17 20:11:32,1,11627,0.0867,0.0088,0.000,0.0
2026-03-17 20:11:38,1,11978,0.0743,0.0091,0.000,0.0
2026-03-17 20:11:44,1,12433,0.0894,0.0094,0.000,0.0
2026-03-17 20:11:50,1,12880,0.0737,0.0090,0.000,0.0
2026-03-17 20:11:57,1,13347,0.0744,0.0087,0.000,0.0
2026-03-17 20:12:03,1,13775,0.0823,0.0091,0.000,0.0
2026-03-17 20:12:09,1,14255,0.0781,0.0087,0.000,0.0
2026-03-17 20:12:16,1,14688,0.0788,0.0089,0.000,0.0
2026-03-17 20:12:22,1,15167,0.0802,0.0086,0.000,0.0
2026-03-17 20:12:29,1,15617,0.0859,0.0089,0.000,0.0
2026-03-17 20:12:35,1,16094,0.0939,0.0084,0.000,0.0
2026-03-17 20:12:41,1,16577,0.0944,0.0084,0.000,0.0
2026-03-17 20:12:47,1,16972,0.1009,0.0086,0.000,0.0
2026-03-17 20:12:54,1,17441,0.0855,0.0087,0.000,0.0
2026-03-17 20:13:00,1,17881,0.0816,0.0086,0.000,0.0
2026-03-17 20:13:07,1,18353,0.0941,0.0081,0.000,0.0
2026-03-17 20:13:13,1,18819,0.0898,0.0086,0.000,0.0
2026-03-17 20:13:19,1,19252,0.0910,0.0085,0.000,0.0
2026-03-17 20:13:26,1,19736,0.1099,0.0088,0.000,0.0
2026-03-17 20:13:32,1,20184,0.0936,0.0086,0.000,0.0
2026-03-17 20:13:39,1,20626,0.1076,0.0087,0.000,0.0
2026-03-17 20:13:45,1,21039,0.0871,0.0086,0.000,0.0
2026-03-17 20:13:51,1,21524,0.0955,0.0087,0.000,0.0
2026-03-17 20:13:57,1,21961,0.0915,0.0081,0.000,0.0
2026-03-17 20:14:04,1,22413,0.0950,0.0085,0.000,0.0
2026-03-17 20:14:10,1,22879,0.0945,0.0083,0.000,0.0
2026-03-17 20:14:16,1,23317,0.0996,0.0086,0.000,0.0
2026-03-17 20:14:22,1,23765,0.1057,0.0086,0.000,0.0
2026-03-17 20:14:29,1,24200,0.0999,0.0083,0.000,0.0
2026-03-17 20:14:36,1,24674,0.0973,0.0085,0.000,0.0
2026-03-17 20:14:42,1,25126,0.1004,0.0084,0.000,0.0
2026-03-17 20:14:48,1,25616,0.1099,0.0086,0.000,0.0
2026-03-17 20:14:54,1,26016,0.1072,0.0087,0.000,0.0
2026-03-17 20:15:01,1,26433,0.1024,0.0085,0.000,0.0
2026-03-17 20:15:09,1,26869,0.1036,0.0086,0.000,0.0
2026-03-17 20:15:16,1,27334,0.1003,0.0084,0.000,0.0
2026-03-17 20:15:23,1,27792,0.1039,0.0085,0.000,0.0
2026-03-17 20:15:30,1,28326,0.1149,0.0085,0.000,0.0
2026-03-17 20:15:37,1,28749,0.1026,0.0087,0.000,0.0
2026-03-17 20:15:43,1,29270,0.1011,0.0085,0.000,0.0
2026-03-17 20:15:50,1,29663,0.1002,0.0085,0.000,0.0
2026-03-17 20:15:56,1,30092,0.1048,0.0085,0.000,0.0
2026-03-17 20:17:33,1,30560,0.0951,0.0083,0.360,-12.2
2026-03-17 20:17:41,1,37647,0.2108,0.0101,0.000,0.0
2026-03-17 20:17:47,1,38239,0.1846,0.0098,0.000,0.0
2026-03-17 20:17:54,1,38687,0.1850,0.0100,0.000,0.0
2026-03-17 20:18:01,1,39162,0.1784,0.0098,0.000,0.0
2026-03-17 20:18:08,1,39633,0.1616,0.0095,0.000,0.0
2026-03-17 20:18:15,1,40176,0.1729,0.0097,0.000,0.0
2026-03-17 20:18:22,1,40710,0.1621,0.0099,0.000,0.0
2026-03-17 20:18:29,1,41200,0.1593,0.0096,0.000,0.0
2026-03-17 20:18:36,1,41735,0.1670,0.0097,0.000,0.0
2026-03-17 20:18:42,1,42204,0.1614,0.0095,0.000,0.0
2026-03-17 20:18:49,1,42680,0.1560,0.0094,0.000,0.0
2026-03-17 20:18:56,1,43200,0.1541,0.0099,0.000,0.0
2026-03-17 20:19:03,1,43681,0.1517,0.0096,0.000,0.0
2026-03-17 20:19:10,1,44208,0.1455,0.0094,0.000,0.0
2026-03-17 20:19:17,1,44633,0.1485,0.0095,0.000,0.0
2026-03-17 20:19:23,1,45164,0.1514,0.0094,0.000,0.0
2026-03-17 20:19:30,1,45579,0.1509,0.0099,0.000,0.0
2026-03-17 20:19:36,1,46055,0.1377,0.0095,0.000,0.0
2026-03-17 20:19:43,1,46521,0.1428,0.0095,0.000,0.0
2026-03-17 20:19:50,1,46961,0.1368,0.0094,0.000,0.0
2026-03-17 20:19:57,1,47407,0.1319,0.0094,0.000,0.0
2026-03-17 20:20:04,1,47890,0.1331,0.0094,0.000,0.0
2026-03-17 20:20:11,1,48376,0.1331,0.0092,0.000,0.0
2026-03-17 20:20:17,1,48886,0.1344,0.0096,0.000,0.0
2026-03-17 20:20:24,1,49355,0.1297,0.0095,0.000,0.0
2026-03-17 20:20:32,1,49866,0.1381,0.0094,0.000,0.0
2026-03-17 20:20:39,1,50333,0.1297,0.0094,0.000,0.0
2026-03-17 20:20:46,1,50840,0.1317,0.0096,0.000,0.0
2026-03-17 20:20:52,1,51280,0.1211,0.0093,0.000,0.0
2026-03-17 20:21:00,1,51775,0.1335,0.0095,0.000,0.0
2026-03-17 20:21:06,1,52295,0.1379,0.0095,0.000,0.0
2026-03-17 20:21:14,1,52794,0.1338,0.0097,0.000,0.0
2026-03-17 20:21:20,1,53250,0.1361,0.0093,0.000,0.0
2026-03-17 20:21:27,1,53716,0.1359,0.0090,0.000,0.0
2026-03-17 20:21:34,1,54197,0.1305,0.0096,0.000,0.0
2026-03-17 20:21:41,1,54671,0.1224,0.0092,0.000,0.0
2026-03-17 20:21:48,1,55142,0.1263,0.0094,0.000,0.0
2026-03-17 20:21:55,1,55654,0.1463,0.0095,0.000,0.0
2026-03-17 20:22:02,1,56132,0.1345,0.0094,0.000,0.0
2026-03-17 20:22:09,1,56549,0.1251,0.0094,0.000,0.0
2026-03-17 20:22:16,1,57049,0.1278,0.0093,0.000,0.0
2026-03-17 20:22:23,1,57560,0.1390,0.0098,0.000,0.0
2026-03-17 20:22:30,1,58083,0.1287,0.0092,0.000,0.0
2026-03-17 20:22:37,1,58530,0.1382,0.0095,0.000,0.0
2026-03-17 20:22:43,1,59078,0.1372,0.0090,0.000,0.0
2026-03-17 20:22:50,1,59579,0.1438,0.0095,0.000,0.0
2026-03-17 20:22:57,1,60081,0.1385,0.0095,0.000,0.0
2026-03-17 20:23:04,1,60578,0.1442,0.0095,0.000,0.0
2026-03-17 20:24:40,1,61070,0.1469,0.0096,0.300,-36.7
2026-03-17 20:24:48,1,67958,0.2051,0.0103,0.000,0.0
2026-03-17 20:24:55,1,68559,0.1956,0.0105,0.000,0.0
2026-03-17 20:25:02,1,69029,0.1807,0.0102,0.000,0.0
2026-03-17 20:25:09,1,69462,0.1924,0.0101,0.000,0.0
2026-03-17 20:25:16,1,69969,0.1809,0.0102,0.000,0.0
2026-03-17 20:25:23,1,70511,0.1843,0.0106,0.000,0.0
2026-03-17 20:25:30,1,71021,0.1766,0.0099,0.000,0.0
2026-03-17 20:25:37,1,71516,0.1771,0.0100,0.000,0.0
2026-03-17 20:25:44,1,71993,0.1778,0.0101,0.000,0.0
2026-03-17 20:25:51,1,72435,0.1769,0.0097,0.000,0.0
2026-03-17 20:25:58,1,72904,0.1727,0.0103,0.000,0.0
2026-03-17 20:26:05,1,73382,0.1717,0.0096,0.000,0.0
2026-03-17 20:26:12,1,73859,0.1654,0.0096,0.000,0.0
2026-03-17 20:26:19,1,74342,0.1710,0.0098,0.000,0.0
2026-03-17 20:26:27,1,74798,0.1633,0.0100,0.000,0.0
2026-03-17 20:26:34,1,75267,0.1584,0.0098,0.000,0.0
2026-03-17 20:26:40,1,75704,0.1682,0.0098,0.000,0.0
2026-03-17 20:26:47,1,76123,0.1560,0.0096,0.000,0.0
2026-03-17 20:26:54,1,76544,0.1686,0.0100,0.000,0.0
2026-03-17 20:27:01,1,77017,0.1603,0.0100,0.000,0.0
2026-03-17 20:27:09,1,77404,0.1578,0.0099,0.000,0.0
2026-03-17 20:27:16,1,77779,0.1605,0.0100,0.000,0.0
2026-03-17 20:27:23,1,78298,0.1529,0.0098,0.000,0.0
2026-03-17 20:27:30,1,78763,0.1537,0.0098,0.000,0.0
2026-03-17 20:27:37,1,79154,0.1455,0.0098,0.000,0.0
2026-03-17 20:27:44,1,79706,0.1610,0.0099,0.000,0.0
2026-03-17 20:27:51,1,80134,0.1572,0.0098,0.000,0.0
2026-03-17 20:27:58,1,80562,0.1640,0.0097,0.000,0.0
2026-03-17 20:28:05,1,81035,0.1589,0.0101,0.000,0.0
2026-03-17 20:28:12,1,81555,0.1477,0.0098,0.000,0.0
2026-03-17 20:28:19,1,82007,0.1531,0.0099,0.000,0.0
2026-03-17 20:28:26,1,82483,0.1510,0.0098,0.000,0.0
2026-03-17 20:28:33,1,82990,0.1605,0.0099,0.000,0.0
2026-03-17 20:28:40,1,83453,0.1533,0.0098,0.000,0.0
2026-03-17 20:28:47,1,83993,0.1580,0.0101,0.000,0.0
2026-03-17 20:28:55,1,84493,0.1678,0.0099,0.000,0.0
2026-03-17 20:29:02,1,84997,0.1560,0.0100,0.000,0.0
2026-03-17 20:29:08,1,85455,0.1506,0.0096,0.000,0.0
2026-03-17 20:29:15,1,85941,0.1516,0.0097,0.000,0.0
2026-03-17 20:29:22,1,86437,0.1565,0.0099,0.000,0.0
2026-03-17 20:29:29,1,86932,0.1631,0.0100,0.000,0.0
2026-03-17 20:29:36,1,87451,0.1497,0.0097,0.000,0.0
2026-03-17 20:29:42,1,87951,0.1639,0.0099,0.000,0.0
2026-03-17 20:29:49,1,88452,0.1641,0.0101,0.000,0.0
2026-03-17 20:29:56,1,88974,0.1486,0.0100,0.000,0.0
2026-03-17 20:30:03,1,89513,0.1586,0.0100,0.000,0.0
2026-03-17 20:30:11,1,90049,0.1642,0.0100,0.000,0.0
2026-03-17 20:30:17,1,90567,0.1579,0.0101,0.000,0.0
2026-03-17 20:30:24,1,91106,0.1545,0.0099,0.000,0.0
2026-03-17 20:32:06,1,91634,0.1601,0.0098,0.380,-27.2
2026-03-17 20:32:14,1,99098,0.1946,0.0104,0.000,0.0
2026-03-17 20:32:21,1,99641,0.1907,0.0106,0.000,0.0
2026-03-17 20:32:28,1,100000,0.1916,0.0104,0.000,0.0
2026-03-17 20:32:35,1,100000,0.1990,0.0109,0.000,0.0
2026-03-17 20:32:42,1,100000,0.2017,0.0107,0.000,0.0
2026-03-17 20:32:49,1,100000,0.1960,0.0106,0.000,0.0
2026-03-17 20:32:56,1,100000,0.1898,0.0102,0.000,0.0
2026-03-17 20:33:03,1,100000,0.1946,0.0105,0.000,0.0
2026-03-17 20:33:10,1,100000,0.1826,0.0099,0.000,0.0
2026-03-17 20:33:17,1,100000,0.1891,0.0106,0.000,0.0
2026-03-17 20:33:23,1,100000,0.1832,0.0103,0.000,0.0
2026-03-17 20:33:31,1,100000,0.1899,0.0105,0.000,0.0
2026-03-17 20:33:38,1,100000,0.1822,0.0101,0.000,0.0
2026-03-17 20:33:45,1,100000,0.1990,0.0105,0.000,0.0
2026-03-17 20:33:52,1,100000,0.1882,0.0109,0.000,0.0
2026-03-17 20:33:59,1,100000,0.1831,0.0102,0.000,0.0
2026-03-17 20:34:06,1,100000,0.1886,0.0108,0.000,0.0
2026-03-17 20:34:13,1,100000,0.1840,0.0106,0.000,0.0
2026-03-17 20:34:20,1,100000,0.1842,0.0104,0.000,0.0
2026-03-17 20:34:27,1,100000,0.1822,0.0106,0.000,0.0
2026-03-17 20:34:34,1,100000,0.1889,0.0104,0.000,0.0
2026-03-17 20:34:40,1,100000,0.1851,0.0108,0.000,0.0
2026-03-17 20:34:47,1,100000,0.1843,0.0106,0.000,0.0
2026-03-17 20:34:54,1,100000,0.1817,0.0104,0.000,0.0
2026-03-17 20:35:01,1,100000,0.1878,0.0108,0.000,0.0
2026-03-17 20:35:07,1,100000,0.1918,0.0109,0.000,0.0
2026-03-17 20:35:14,1,100000,0.1761,0.0104,0.000,0.0
2026-03-17 20:35:21,1,100000,0.1872,0.0107,0.000,0.0
2026-03-17 20:35:28,1,100000,0.1915,0.0105,0.000,0.0
2026-03-17 20:35:34,1,100000,0.1900,0.0106,0.000,0.0
2026-03-17 20:35:41,1,100000,0.1898,0.0107,0.000,0.0
2026-03-17 20:35:48,1,100000,0.1894,0.0106,0.000,0.0
2026-03-17 20:35:55,1,100000,0.1899,0.0106,0.000,0.0
2026-03-17 20:36:01,1,100000,0.1903,0.0109,0.000,0.0
2026-03-17 20:36:08,1,100000,0.1866,0.0107,0.000,0.0
2026-03-17 20:36:14,1,100000,0.1945,0.0111,0.000,0.0
2026-03-17 20:36:21,1,100000,0.1833,0.0107,0.000,0.0
2026-03-17 20:36:27,1,100000,0.1923,0.0105,0.000,0.0
2026-03-17 20:36:34,1,100000,0.1739,0.0104,0.000,0.0
2026-03-17 20:36:41,1,100000,0.1785,0.0106,0.000,0.0
2026-03-17 20:36:47,1,100000,0.1696,0.0107,0.000,0.0
2026-03-17 20:36:54,1,100000,0.1848,0.0111,0.000,0.0
2026-03-17 20:37:00,1,100000,0.1894,0.0109,0.000,0.0
2026-03-17 20:37:07,1,100000,0.1796,0.0104,0.000,0.0
2026-03-17 20:37:14,1,100000,0.1716,0.0102,0.000,0.0
2026-03-17 20:37:21,1,100000,0.1810,0.0106,0.000,0.0
2026-03-17 20:37:28,1,100000,0.1763,0.0104,0.000,0.0
2026-03-17 20:39:14,1,100000,0.1794,0.0108,0.500,-5.3
2026-03-17 20:39:22,1,100000,0.2211,0.0116,0.000,0.0
2026-03-17 20:39:29,1,100000,0.2211,0.0115,0.000,0.0
2026-03-17 20:39:36,1,100000,0.2156,0.0111,0.000,0.0
2026-03-17 20:39:43,1,100000,0.2087,0.0110,0.000,0.0
2026-03-17 20:39:50,1,100000,0.2131,0.0110,0.000,0.0
2026-03-17 20:39:56,1,100000,0.2124,0.0110,0.000,0.0
2026-03-17 20:40:03,1,100000,0.2070,0.0110,0.000,0.0
2026-03-17 20:40:09,1,100000,0.2069,0.0111,0.000,0.0
2026-03-17 20:40:16,1,100000,0.2053,0.0113,0.000,0.0
2026-03-17 20:40:23,1,100000,0.2085,0.0112,0.000,0.0
2026-03-17 20:40:30,1,100000,0.2107,0.0112,0.000,0.0
2026-03-17 20:40:37,1,100000,0.2065,0.0111,0.000,0.0
2026-03-17 20:40:44,1,100000,0.2025,0.0107,0.000,0.0
2026-03-17 20:40:51,1,100000,0.2035,0.0110,0.000,0.0
2026-03-17 20:40:58,1,100000,0.1986,0.0110,0.000,0.0
2026-03-17 20:41:05,1,100000,0.1912,0.0111,0.000,0.0
2026-03-17 20:41:12,1,100000,0.2072,0.0109,0.000,0.0
2026-03-17 20:41:19,1,100000,0.1985,0.0111,0.000,0.0
2026-03-17 20:41:27,1,100000,0.1906,0.0110,0.000,0.0
2026-03-17 20:41:34,1,100000,0.2026,0.0110,0.000,0.0
2026-03-17 20:41:41,1,100000,0.1879,0.0110,0.000,0.0
2026-03-17 20:41:48,1,100000,0.2035,0.0109,0.000,0.0
2026-03-17 20:41:55,1,100000,0.2029,0.0108,0.000,0.0
2026-03-17 20:42:02,1,100000,0.2040,0.0112,0.000,0.0
2026-03-17 20:42:09,1,100000,0.1939,0.0106,0.000,0.0
2026-03-17 20:42:15,1,100000,0.1856,0.0107,0.000,0.0
2026-03-17 20:42:22,1,100000,0.1902,0.0110,0.000,0.0
2026-03-17 20:42:28,1,100000,0.1904,0.0109,0.000,0.0
2026-03-17 20:42:35,1,100000,0.1938,0.0107,0.000,0.0
2026-03-17 20:42:41,1,100000,0.1891,0.0110,0.000,0.0
2026-03-17 20:42:48,1,100000,0.1894,0.0108,0.000,0.0
2026-03-17 20:42:55,1,100000,0.1842,0.0105,0.000,0.0
2026-03-17 20:43:02,1,100000,0.1934,0.0110,0.000,0.0
2026-03-17 20:43:09,1,100000,0.1858,0.0109,0.000,0.0
2026-03-17 20:43:15,1,100000,0.1903,0.0108,0.000,0.0
2026-03-17 20:43:22,1,100000,0.1879,0.0106,0.000,0.0
2026-03-17 20:43:29,1,100000,0.1849,0.0106,0.000,0.0
2026-03-17 20:43:35,1,100000,0.1840,0.0106,0.000,0.0
2026-03-17 20:43:42,1,100000,0.1842,0.0107,0.000,0.0
2026-03-17 20:43:49,1,100000,0.1863,0.0106,0.000,0.0
2026-03-17 20:43:56,1,100000,0.1881,0.0110,0.000,0.0
2026-03-17 20:44:02,1,100000,0.1926,0.0108,0.000,0.0
2026-03-17 20:44:09,1,100000,0.1796,0.0105,0.000,0.0
2026-03-17 20:44:16,1,100000,0.1762,0.0104,0.000,0.0
2026-03-17 20:44:23,1,100000,0.1769,0.0107,0.000,0.0
2026-03-17 20:44:30,1,100000,0.1832,0.0109,0.000,0.0
2026-03-17 20:44:38,1,100000,0.1909,0.0107,0.000,0.0
2026-03-17 20:44:44,1,100000,0.1722,0.0107,0.000,0.0
2026-03-17 20:44:51,1,100000,0.1786,0.0109,0.000,0.0
2026-03-17 20:44:58,1,100000,0.1772,0.0109,0.000,0.0
2026-03-17 20:45:05,1,100000,0.1771,0.0108,0.000,0.0
2026-03-17 20:45:11,1,100000,0.1771,0.0110,0.000,0.0
2026-03-17 20:46:57,1,100000,0.1686,0.0106,0.480,-8.2
2026-03-17 20:47:05,1,100000,0.2145,0.0114,0.000,0.0
2026-03-17 20:47:12,1,100000,0.2315,0.0114,0.000,0.0
2026-03-17 20:47:19,1,100000,0.2156,0.0112,0.000,0.0
2026-03-17 20:47:26,1,100000,0.2262,0.0114,0.000,0.0
2026-03-17 20:47:33,1,100000,0.2037,0.0107,0.000,0.0
2026-03-17 20:47:56,1,100000,0.2106,0.0108,0.000,0.0
2026-03-17 20:48:03,1,100000,0.2064,0.0109,0.000,0.0
2026-03-17 20:48:09,1,100000,0.2117,0.0111,0.000,0.0
2026-03-17 20:48:16,1,100000,0.2095,0.0113,0.000,0.0
2026-03-17 20:48:23,1,100000,0.2111,0.0112,0.000,0.0
2026-03-17 20:48:30,1,100000,0.2076,0.0111,0.000,0.0
2026-03-17 20:48:36,1,100000,0.2015,0.0111,0.000,0.0
2026-03-17 20:48:43,1,100000,0.2015,0.0109,0.000,0.0
2026-03-17 20:48:50,1,100000,0.1967,0.0111,0.000,0.0
2026-03-17 20:48:57,1,100000,0.2058,0.0108,0.000,0.0
2026-03-17 20:49:03,1,100000,0.1900,0.0109,0.000,0.0
2026-03-17 20:49:10,1,100000,0.2035,0.0110,0.000,0.0
2026-03-17 20:49:17,1,100000,0.1943,0.0112,0.000,0.0
2026-03-17 20:49:24,1,100000,0.1879,0.0107,0.000,0.0
2026-03-17 20:49:31,1,100000,0.2025,0.0110,0.000,0.0
2026-03-17 20:49:37,1,100000,0.1962,0.0114,0.000,0.0
2026-03-17 20:49:44,1,100000,0.1864,0.0107,0.000,0.0
2026-03-17 20:49:51,1,100000,0.1959,0.0110,0.000,0.0
2026-03-17 20:49:57,1,100000,0.1921,0.0110,0.000,0.0
2026-03-17 20:50:04,1,100000,0.2064,0.0110,0.000,0.0
2026-03-17 20:50:11,1,100000,0.1976,0.0110,0.000,0.0
2026-03-17 20:50:18,1,100000,0.1810,0.0110,0.000,0.0
2026-03-17 20:50:24,1,100000,0.1973,0.0110,0.000,0.0
2026-03-17 20:50:31,1,100000,0.1801,0.0109,0.000,0.0
2026-03-17 20:50:38,1,100000,0.2081,0.0112,0.000,0.0
2026-03-17 20:50:45,1,100000,0.2025,0.0111,0.000,0.0
2026-03-17 20:50:51,1,100000,0.1951,0.0107,0.000,0.0
2026-03-17 20:50:58,1,100000,0.1895,0.0108,0.000,0.0
2026-03-17 20:51:04,1,100000,0.1874,0.0107,0.000,0.0
2026-03-17 20:51:11,1,100000,0.1853,0.0108,0.000,0.0
2026-03-17 20:51:18,1,100000,0.1886,0.0112,0.000,0.0
2026-03-17 20:51:24,1,100000,0.1808,0.0107,0.000,0.0
2026-03-17 20:51:31,1,100000,0.1790,0.0107,0.000,0.0
2026-03-17 20:51:38,1,100000,0.1765,0.0109,0.000,0.0
2026-03-17 20:51:44,1,100000,0.1830,0.0107,0.000,0.0
2026-03-17 20:51:51,1,100000,0.1788,0.0104,0.000,0.0
2026-03-17 20:51:57,1,100000,0.1959,0.0110,0.000,0.0
2026-03-17 20:52:04,1,100000,0.1827,0.0108,0.000,0.0
2026-03-17 20:52:10,1,100000,0.1863,0.0110,0.000,0.0
2026-03-17 20:52:17,1,100000,0.1802,0.0109,0.000,0.0
2026-03-17 20:52:23,1,100000,0.1725,0.0105,0.000,0.0
2026-03-17 20:52:30,1,100000,0.1812,0.0106,0.000,0.0
2026-03-17 20:52:37,1,100000,0.1830,0.0108,0.000,0.0
2026-03-17 20:52:43,1,100000,0.1785,0.0106,0.000,0.0
2026-03-17 20:52:50,1,100000,0.1781,0.0109,0.000,0.0
2026-03-17 20:52:56,1,100000,0.1864,0.0108,0.000,0.0
2026-03-17 20:54:36,1,100000,0.1702,0.0106,0.440,-10.2
2026-03-17 20:54:46,1,100000,0.2120,0.0115,0.000,0.0
2026-03-17 20:54:53,1,100000,0.2243,0.0114,0.000,0.0
2026-03-17 20:55:00,1,100000,0.2067,0.0111,0.000,0.0
2026-03-17 20:55:07,1,100000,0.2261,0.0115,0.000,0.0
2026-03-17 20:55:15,1,100000,0.2118,0.0111,0.000,0.0
2026-03-17 20:55:21,1,100000,0.2063,0.0110,0.000,0.0
2026-03-17 20:55:27,1,100000,0.2071,0.0111,0.000,0.0
2026-03-17 20:55:34,1,100000,0.1953,0.0110,0.000,0.0
2026-03-17 20:55:40,1,100000,0.1982,0.0111,0.000,0.0
2026-03-17 20:55:47,1,100000,0.1997,0.0107,0.000,0.0
2026-03-17 20:55:53,1,100000,0.2023,0.0113,0.000,0.0
2026-03-17 20:56:00,1,100000,0.1959,0.0107,0.000,0.0
2026-03-17 20:56:07,1,100000,0.1938,0.0110,0.000,0.0
2026-03-17 20:56:13,1,100000,0.2078,0.0110,0.000,0.0
2026-03-17 20:56:20,1,100000,0.2150,0.0108,0.000,0.0
2026-03-17 20:56:26,1,100000,0.1923,0.0110,0.000,0.0
2026-03-17 20:56:33,1,100000,0.1971,0.0109,0.000,0.0
2026-03-17 20:56:40,1,100000,0.1914,0.0109,0.000,0.0
2026-03-17 20:56:47,1,100000,0.1952,0.0108,0.000,0.0
2026-03-17 20:56:54,1,100000,0.1869,0.0106,0.000,0.0
2026-03-17 20:57:01,1,100000,0.2041,0.0107,0.000,0.0
2026-03-17 20:57:07,1,100000,0.2020,0.0109,0.000,0.0
2026-03-17 20:57:14,1,100000,0.1940,0.0105,0.000,0.0
2026-03-17 20:57:20,1,100000,0.1932,0.0109,0.000,0.0
2026-03-17 20:57:28,1,100000,0.1914,0.0107,0.000,0.0
2026-03-17 20:57:34,1,100000,0.1893,0.0106,0.000,0.0
2026-03-17 20:57:41,1,100000,0.1955,0.0105,0.000,0.0
2026-03-17 20:57:48,1,100000,0.1878,0.0106,0.000,0.0
2026-03-17 20:57:54,1,100000,0.1880,0.0105,0.000,0.0
2026-03-17 20:58:14,1,100000,0.2018,0.0110,0.000,0.0
2026-03-17 20:58:21,1,100000,0.1839,0.0107,0.000,0.0
2026-03-17 20:58:28,1,100000,0.1814,0.0105,0.000,0.0
2026-03-17 20:58:34,1,100000,0.1819,0.0106,0.000,0.0
2026-03-17 20:58:40,1,100000,0.2042,0.0111,0.000,0.0
2026-03-17 20:58:46,1,100000,0.2005,0.0113,0.000,0.0
2026-03-17 20:58:53,1,100000,0.1841,0.0108,0.000,0.0
2026-03-17 20:58:59,1,100000,0.1935,0.0107,0.000,0.0
2026-03-17 20:59:06,1,100000,0.1836,0.0105,0.000,0.0
2026-03-17 20:59:12,1,100000,0.1835,0.0108,0.000,0.0
2026-03-17 20:59:18,1,100000,0.1792,0.0111,0.000,0.0
2026-03-17 20:59:25,1,100000,0.1827,0.0107,0.000,0.0
2026-03-17 20:59:31,1,100000,0.1825,0.0107,0.000,0.0
2026-03-17 20:59:37,1,100000,0.1841,0.0107,0.000,0.0
2026-03-17 20:59:44,1,100000,0.1871,0.0110,0.000,0.0
2026-03-17 20:59:50,1,100000,0.1874,0.0113,0.000,0.0
2026-03-17 20:59:56,1,100000,0.1959,0.0110,0.000,0.0
2026-03-17 21:00:02,1,100000,0.1860,0.0105,0.000,0.0
2026-03-17 21:00:09,1,100000,0.1747,0.0105,0.000,0.0
2026-03-17 21:00:15,1,100000,0.2002,0.0109,0.000,0.0
2026-03-17 21:01:55,1,100000,0.1755,0.0106,0.300,-40.0
2026-03-17 21:02:02,1,100000,0.2206,0.0112,0.000,0.0
2026-03-17 21:02:09,1,100000,0.2215,0.0110,0.000,0.0
2026-03-17 21:02:15,1,100000,0.2116,0.0110,0.000,0.0
2026-03-17 21:02:21,1,100000,0.2379,0.0117,0.000,0.0
2026-03-17 21:02:27,1,100000,0.2026,0.0109,0.000,0.0
2026-03-17 21:02:34,1,100000,0.2095,0.0108,0.000,0.0
2026-03-17 21:02:40,1,100000,0.2156,0.0111,0.000,0.0
2026-03-17 21:02:48,1,100000,0.2129,0.0111,0.000,0.0
2026-03-17 21:02:54,1,100000,0.2059,0.0109,0.000,0.0
2026-03-17 21:03:00,1,100000,0.2084,0.0108,0.000,0.0
2026-03-17 21:03:06,1,100000,0.2119,0.0110,0.000,0.0
2026-03-17 21:03:12,1,100000,0.2107,0.0112,0.000,0.0
2026-03-17 21:03:18,1,100000,0.1973,0.0111,0.000,0.0
2026-03-17 21:03:24,1,100000,0.2085,0.0114,0.000,0.0
2026-03-17 21:03:31,1,100000,0.2103,0.0108,0.000,0.0
2026-03-17 21:03:37,1,100000,0.1953,0.0108,0.000,0.0
2026-03-17 21:03:43,1,100000,0.2032,0.0114,0.000,0.0
2026-03-17 21:03:49,1,100000,0.1979,0.0110,0.000,0.0
2026-03-17 21:03:56,1,100000,0.1950,0.0107,0.000,0.0
2026-03-17 21:04:02,1,100000,0.2057,0.0111,0.000,0.0
2026-03-17 21:04:08,1,100000,0.1969,0.0106,0.000,0.0
2026-03-17 21:04:15,1,100000,0.1973,0.0110,0.000,0.0
2026-03-17 21:04:21,1,100000,0.1917,0.0105,0.000,0.0
2026-03-17 21:04:27,1,100000,0.1949,0.0107,0.000,0.0
2026-03-17 21:04:33,1,100000,0.2022,0.0107,0.000,0.0
2026-03-17 21:04:39,1,100000,0.1897,0.0109,0.000,0.0
2026-03-17 21:04:45,1,100000,0.1949,0.0110,0.000,0.0
2026-03-17 21:04:51,1,100000,0.1924,0.0108,0.000,0.0
2026-03-17 21:04:57,1,100000,0.2011,0.0107,0.000,0.0
2026-03-17 21:05:04,1,100000,0.2035,0.0111,0.000,0.0
2026-03-17 21:05:10,1,100000,0.1949,0.0107,0.000,0.0
2026-03-17 21:05:16,1,100000,0.1989,0.0109,0.000,0.0
2026-03-17 21:05:22,1,100000,0.2030,0.0110,0.000,0.0
2026-03-17 21:05:28,1,100000,0.1952,0.0108,0.000,0.0
2026-03-17 21:05:35,1,100000,0.1957,0.0107,0.000,0.0
2026-03-17 21:05:41,1,100000,0.1949,0.0106,0.000,0.0
2026-03-17 21:05:47,1,100000,0.1903,0.0111,0.000,0.0
2026-03-17 21:05:53,1,100000,0.1979,0.0110,0.000,0.0
2026-03-17 21:05:59,1,100000,0.2092,0.0111,0.000,0.0
2026-03-17 21:06:05,1,100000,0.1827,0.0107,0.000,0.0
2026-03-17 21:06:12,1,100000,0.1983,0.0110,0.000,0.0
2026-03-17 21:06:18,1,100000,0.1956,0.0106,0.000,0.0
2026-03-17 21:06:24,1,100000,0.1961,0.0110,0.000,0.0
2026-03-17 21:06:30,1,100000,0.1957,0.0111,0.000,0.0
2026-03-17 21:06:36,1,100000,0.1854,0.0107,0.000,0.0
2026-03-17 21:06:42,1,100000,0.1901,0.0106,0.000,0.0
2026-03-17 21:06:48,1,100000,0.1859,0.0106,0.000,0.0
2026-03-17 21:06:54,1,100000,0.1825,0.0108,0.000,0.0
2026-03-17 21:07:00,1,100000,0.1981,0.0110,0.000,0.0
2026-03-17 21:07:07,1,100000,0.1995,0.0109,0.000,0.0
2026-03-17 21:07:13,1,100000,0.1985,0.0107,0.000,0.0
2026-03-17 21:07:19,1,100000,0.1799,0.0106,0.000,0.0
2026-03-17 21:09:00,1,100000,0.1856,0.0106,0.380,-35.6
2026-03-17 21:09:08,1,100000,0.2227,0.0115,0.000,0.0
2026-03-17 21:09:14,1,100000,0.2185,0.0111,0.000,0.0
2026-03-17 21:09:20,1,100000,0.2227,0.0112,0.000,0.0
2026-03-17 21:09:27,1,100000,0.2192,0.0111,0.000,0.0
2026-03-17 21:09:33,1,100000,0.2163,0.0110,0.000,0.0
2026-03-17 21:09:39,1,100000,0.2194,0.0113,0.000,0.0
2026-03-17 21:09:45,1,100000,0.2150,0.0106,0.000,0.0
2026-03-17 21:09:51,1,100000,0.2214,0.0115,0.000,0.0
2026-03-17 21:09:57,1,100000,0.2074,0.0109,0.000,0.0
2026-03-17 21:10:03,1,100000,0.2193,0.0114,0.000,0.0
2026-03-17 21:10:09,1,100000,0.2191,0.0112,0.000,0.0
2026-03-17 21:10:15,1,100000,0.2083,0.0106,0.000,0.0
2026-03-17 21:10:21,1,100000,0.2046,0.0111,0.000,0.0
2026-03-17 21:10:27,1,100000,0.2082,0.0107,0.000,0.0
2026-03-17 21:10:33,1,100000,0.2081,0.0110,0.000,0.0
2026-03-17 21:10:40,1,100000,0.2039,0.0110,0.000,0.0
2026-03-17 21:10:46,1,100000,0.2014,0.0110,0.000,0.0
2026-03-17 21:10:52,1,100000,0.2012,0.0111,0.000,0.0
2026-03-17 21:10:58,1,100000,0.2000,0.0108,0.000,0.0
2026-03-17 21:11:05,1,100000,0.1942,0.0113,0.000,0.0
2026-03-17 21:11:11,1,100000,0.1977,0.0112,0.000,0.0
2026-03-17 21:11:17,1,100000,0.2027,0.0108,0.000,0.0
2026-03-17 21:11:23,1,100000,0.2022,0.0111,0.000,0.0
2026-03-17 21:11:30,1,100000,0.1937,0.0109,0.000,0.0
2026-03-17 21:11:35,1,100000,0.1952,0.0109,0.000,0.0
2026-03-17 21:11:41,1,100000,0.1912,0.0109,0.000,0.0
2026-03-17 21:11:47,1,100000,0.1973,0.0107,0.000,0.0
2026-03-17 21:11:53,1,100000,0.1897,0.0110,0.000,0.0
2026-03-17 21:12:00,1,100000,0.2048,0.0111,0.000,0.0
2026-03-17 21:12:06,1,100000,0.1921,0.0109,0.000,0.0
2026-03-17 21:12:12,1,100000,0.1937,0.0109,0.000,0.0
2026-03-17 21:12:18,1,100000,0.1902,0.0110,0.000,0.0
2026-03-17 21:12:24,1,100000,0.1943,0.0110,0.000,0.0
2026-03-17 21:12:30,1,100000,0.1906,0.0106,0.000,0.0
2026-03-17 21:12:37,1,100000,0.1856,0.0106,0.000,0.0
2026-03-17 21:12:43,1,100000,0.1948,0.0107,0.000,0.0
2026-03-17 21:12:49,1,100000,0.1941,0.0106,0.000,0.0
2026-03-17 21:12:55,1,100000,0.1911,0.0106,0.000,0.0
2026-03-17 21:13:01,1,100000,0.1948,0.0108,0.000,0.0
2026-03-17 21:13:07,1,100000,0.1951,0.0104,0.000,0.0
2026-03-17 21:13:13,1,100000,0.1920,0.0109,0.000,0.0
2026-03-17 21:13:19,1,100000,0.1974,0.0106,0.000,0.0
2026-03-17 21:13:25,1,100000,0.1876,0.0107,0.000,0.0
2026-03-17 21:13:31,1,100000,0.1928,0.0108,0.000,0.0
2026-03-17 21:13:37,1,100000,0.1923,0.0105,0.000,0.0
2026-03-17 21:13:43,1,100000,0.1869,0.0107,0.000,0.0
2026-03-17 21:13:49,1,100000,0.1939,0.0109,0.000,0.0
2026-03-17 21:13:55,1,100000,0.1980,0.0107,0.000,0.0
2026-03-17 21:14:01,1,100000,0.1912,0.0105,0.000,0.0
2026-03-17 21:14:07,1,100000,0.1947,0.0106,0.000,0.0
2026-03-17 21:14:12,1,100000,0.1948,0.0109,0.000,0.0
2026-03-17 21:14:18,1,100000,0.2053,0.0107,0.000,0.0
2026-03-17 21:16:05,1,100000,0.1838,0.0106,0.360,-37.5
2026-03-17 21:16:12,1,100000,0.2390,0.0110,0.000,0.0
2026-03-17 21:16:18,1,100000,0.2450,0.0115,0.000,0.0
2026-03-17 21:16:24,1,100000,0.2283,0.0111,0.000,0.0
2026-03-17 21:16:30,1,100000,0.2247,0.0115,0.000,0.0
2026-03-17 21:16:36,1,100000,0.2240,0.0115,0.000,0.0
2026-03-17 21:16:42,1,100000,0.2228,0.0109,0.000,0.0
2026-03-17 21:16:48,1,100000,0.2315,0.0112,0.000,0.0
2026-03-17 21:16:54,1,100000,0.2211,0.0111,0.000,0.0
2026-03-17 21:17:00,1,100000,0.2180,0.0111,0.000,0.0
2026-03-17 21:17:07,1,100000,0.2139,0.0109,0.000,0.0
2026-03-17 21:17:13,1,100000,0.2138,0.0112,0.000,0.0
2026-03-17 21:17:19,1,100000,0.2182,0.0113,0.000,0.0
2026-03-17 21:17:25,1,100000,0.2070,0.0108,0.000,0.0
2026-03-17 21:17:31,1,100000,0.2061,0.0108,0.000,0.0
2026-03-17 21:17:37,1,100000,0.1965,0.0107,0.000,0.0
2026-03-17 21:17:42,1,100000,0.2116,0.0111,0.000,0.0
2026-03-17 21:17:48,1,100000,0.2039,0.0111,0.000,0.0
2026-03-17 21:17:54,1,100000,0.2006,0.0109,0.000,0.0
2026-03-17 21:18:00,1,100000,0.2000,0.0111,0.000,0.0
2026-03-17 21:18:06,1,100000,0.1955,0.0113,0.000,0.0
2026-03-17 21:18:12,1,100000,0.1990,0.0111,0.000,0.0
2026-03-17 21:18:18,1,100000,0.1939,0.0108,0.000,0.0
2026-03-17 21:18:23,1,100000,0.2063,0.0110,0.000,0.0
2026-03-17 21:18:29,1,100000,0.2042,0.0111,0.000,0.0
2026-03-17 21:18:35,1,100000,0.2091,0.0109,0.000,0.0
2026-03-17 21:18:42,1,100000,0.1981,0.0111,0.000,0.0
2026-03-17 21:18:48,1,100000,0.1895,0.0108,0.000,0.0
2026-03-17 21:18:54,1,100000,0.1865,0.0106,0.000,0.0
2026-03-17 21:19:00,1,100000,0.1932,0.0112,0.000,0.0
2026-03-17 21:19:06,1,100000,0.1954,0.0108,0.000,0.0
2026-03-17 21:19:12,1,100000,0.1918,0.0109,0.000,0.0
2026-03-17 21:19:18,1,100000,0.1883,0.0107,0.000,0.0
2026-03-17 21:19:24,1,100000,0.1914,0.0107,0.000,0.0
2026-03-17 21:19:30,1,100000,0.1916,0.0110,0.000,0.0
2026-03-17 21:19:36,1,100000,0.1954,0.0112,0.000,0.0
2026-03-17 21:19:42,1,100000,0.1877,0.0108,0.000,0.0
2026-03-17 21:19:48,1,100000,0.1826,0.0108,0.000,0.0
2026-03-17 21:19:54,1,100000,0.1920,0.0113,0.000,0.0
2026-03-17 21:19:59,1,100000,0.1789,0.0103,0.000,0.0
2026-03-17 21:20:05,1,100000,0.1822,0.0106,0.000,0.0
2026-03-17 21:20:11,1,100000,0.1784,0.0108,0.000,0.0
2026-03-17 21:20:17,1,100000,0.1803,0.0107,0.000,0.0
2026-03-17 21:20:22,1,100000,0.1862,0.0110,0.000,0.0
2026-03-17 21:20:29,1,100000,0.1922,0.0109,0.000,0.0
2026-03-17 21:20:35,1,100000,0.1826,0.0106,0.000,0.0
2026-03-17 21:20:41,1,100000,0.1877,0.0108,0.000,0.0
2026-03-17 21:20:47,1,100000,0.1818,0.0108,0.000,0.0
2026-03-17 21:20:53,1,100000,0.1907,0.0108,0.000,0.0
2026-03-17 21:20:59,1,100000,0.1841,0.0107,0.000,0.0
2026-03-17 21:21:05,1,100000,0.1762,0.0105,0.000,0.0
2026-03-17 21:21:10,1,100000,0.1885,0.0108,0.000,0.0
2026-03-17 21:21:16,1,100000,0.1851,0.0109,0.000,0.0
2026-03-17 21:21:22,1,100000,0.1829,0.0106,0.000,0.0
2026-03-17 21:21:28,1,100000,0.1865,0.0104,0.000,0.0
2026-03-17 21:21:34,1,100000,0.1792,0.0106,0.000,0.0
2026-03-17 21:23:18,1,100000,0.1815,0.0103,0.340,-31.0
2026-03-17 21:23:25,1,100000,0.2158,0.0110,0.000,0.0
2026-03-17 21:23:31,1,100000,0.2201,0.0111,0.000,0.0
2026-03-17 21:23:38,1,100000,0.2049,0.0108,0.000,0.0
2026-03-17 21:23:44,1,100000,0.1969,0.0104,0.000,0.0
2026-03-17 21:23:50,1,100000,0.2032,0.0104,0.000,0.0
2026-03-17 21:23:56,1,100000,0.2046,0.0107,0.000,0.0
2026-03-17 21:24:02,1,100000,0.1954,0.0101,0.000,0.0
2026-03-17 21:24:08,1,100000,0.2012,0.0106,0.000,0.0
2026-03-17 21:24:14,1,100000,0.1967,0.0104,0.000,0.0
2026-03-17 21:24:20,1,100000,0.2000,0.0107,0.000,0.0
2026-03-17 21:24:26,1,100000,0.1936,0.0106,0.000,0.0
2026-03-17 21:24:32,1,100000,0.1923,0.0109,0.000,0.0
2026-03-17 21:24:38,1,100000,0.2048,0.0108,0.000,0.0
2026-03-17 21:24:44,1,100000,0.1929,0.0102,0.000,0.0
2026-03-17 21:24:49,1,100000,0.1939,0.0106,0.000,0.0
2026-03-17 21:24:55,1,100000,0.1811,0.0101,0.000,0.0
2026-03-17 21:25:01,1,100000,0.1820,0.0105,0.000,0.0
2026-03-17 21:25:07,1,100000,0.1888,0.0106,0.000,0.0
2026-03-17 21:25:13,1,100000,0.1821,0.0106,0.000,0.0
2026-03-17 21:25:19,1,100000,0.1871,0.0102,0.000,0.0
2026-03-17 21:25:25,1,100000,0.1875,0.0104,0.000,0.0
2026-03-17 21:25:31,1,100000,0.1954,0.0106,0.000,0.0
2026-03-17 21:25:37,1,100000,0.1849,0.0105,0.000,0.0
2026-03-17 21:25:43,1,100000,0.1811,0.0104,0.000,0.0
2026-03-17 21:25:48,1,100000,0.1862,0.0104,0.000,0.0
2026-03-17 21:25:54,1,100000,0.1794,0.0101,0.000,0.0
2026-03-17 21:26:00,1,100000,0.1794,0.0102,0.000,0.0
2026-03-17 21:26:06,1,100000,0.1730,0.0106,0.000,0.0
2026-03-17 21:26:12,1,100000,0.1751,0.0102,0.000,0.0
2026-03-17 21:26:18,1,100000,0.1786,0.0099,0.000,0.0
2026-03-17 21:26:24,1,100000,0.1763,0.0106,0.000,0.0
2026-03-17 21:26:30,1,100000,0.1787,0.0104,0.000,0.0
2026-03-17 21:26:36,1,100000,0.1752,0.0102,0.000,0.0
2026-03-17 21:26:42,1,100000,0.1768,0.0104,0.000,0.0
2026-03-17 21:26:48,1,100000,0.1797,0.0103,0.000,0.0
2026-03-17 21:26:54,1,100000,0.1718,0.0102,0.000,0.0
2026-03-17 21:27:00,1,100000,0.1721,0.0102,0.000,0.0
2026-03-17 21:27:06,1,100000,0.1772,0.0101,0.000,0.0
2026-03-17 21:27:12,1,100000,0.1776,0.0101,0.000,0.0
2026-03-17 21:27:18,1,100000,0.1723,0.0099,0.000,0.0
2026-03-17 21:27:24,1,100000,0.1783,0.0107,0.000,0.0
2026-03-17 21:27:30,1,100000,0.1795,0.0104,0.000,0.0
2026-03-17 21:27:36,1,100000,0.1688,0.0101,0.000,0.0
2026-03-17 21:27:42,1,100000,0.1788,0.0106,0.000,0.0
2026-03-17 21:27:48,1,100000,0.1696,0.0104,0.000,0.0
2026-03-17 21:27:55,1,100000,0.1792,0.0101,0.000,0.0
2026-03-17 21:28:01,1,100000,0.1748,0.0102,0.000,0.0
2026-03-17 21:28:07,1,100000,0.1636,0.0102,0.000,0.0
2026-03-17 21:28:14,1,100000,0.1752,0.0103,0.000,0.0
2026-03-17 21:28:20,1,100000,0.1741,0.0105,0.000,0.0
2026-03-17 21:28:27,1,100000,0.1701,0.0098,0.000,0.0
2026-03-17 21:28:33,1,100000,0.1696,0.0102,0.000,0.0
2026-03-17 21:28:39,1,100000,0.1663,0.0100,0.000,0.0
2026-03-17 21:28:46,1,100000,0.1668,0.0100,0.000,0.0
2026-03-17 21:28:52,1,100000,0.1632,0.0102,0.000,0.0
2026-03-17 21:28:59,1,100000,0.1748,0.0101,0.000,0.0
2026-03-17 21:29:05,1,100000,0.1729,0.0106,0.000,0.0
2026-03-17 21:29:11,1,100000,0.1760,0.0105,0.000,0.0
2026-03-17 21:29:18,1,100000,0.1654,0.0101,0.000,0.0
2026-03-17 21:30:55,1,100000,0.1627,0.0100,0.180,-54.9
2026-03-17 21:31:02,1,100000,0.2025,0.0101,0.000,0.0
2026-03-17 21:31:08,1,100000,0.1996,0.0103,0.000,0.0
2026-03-17 21:31:15,1,100000,0.1938,0.0103,0.000,0.0
2026-03-17 21:31:21,1,100000,0.2043,0.0106,0.000,0.0
2026-03-17 21:31:27,1,100000,0.1844,0.0101,0.000,0.0
2026-03-17 21:31:33,1,100000,0.1875,0.0099,0.000,0.0
2026-03-17 21:31:39,1,100000,0.1852,0.0102,0.000,0.0
2026-03-17 21:31:45,1,100000,0.1714,0.0099,0.000,0.0
2026-03-17 21:31:51,1,100000,0.1805,0.0102,0.000,0.0
2026-03-17 21:31:57,1,100000,0.1851,0.0102,0.000,0.0
2026-03-17 21:32:03,1,100000,0.1824,0.0098,0.000,0.0
2026-03-17 21:32:09,1,100000,0.1827,0.0102,0.000,0.0
2026-03-17 21:32:14,1,100000,0.1744,0.0100,0.000,0.0
2026-03-17 21:32:20,1,100000,0.1779,0.0101,0.000,0.0
2026-03-17 21:32:26,1,100000,0.1700,0.0099,0.000,0.0
2026-03-17 21:32:32,1,100000,0.1680,0.0097,0.000,0.0
2026-03-17 21:32:38,1,100000,0.1942,0.0105,0.000,0.0
2026-03-17 21:32:44,1,100000,0.1748,0.0100,0.000,0.0
2026-03-17 21:32:49,1,100000,0.1703,0.0099,0.000,0.0
2026-03-17 21:32:55,1,100000,0.1623,0.0099,0.000,0.0
2026-03-17 21:33:01,1,100000,0.1601,0.0099,0.000,0.0
2026-03-17 21:33:07,1,100000,0.1651,0.0100,0.000,0.0
2026-03-17 21:33:13,1,100000,0.1626,0.0098,0.000,0.0
2026-03-17 21:33:19,1,100000,0.1649,0.0099,0.000,0.0
2026-03-17 21:33:25,1,100000,0.1779,0.0101,0.000,0.0
2026-03-17 21:33:31,1,100000,0.1649,0.0098,0.000,0.0
2026-03-17 21:33:37,1,100000,0.1704,0.0102,0.000,0.0
2026-03-17 21:33:43,1,100000,0.1687,0.0100,0.000,0.0
2026-03-17 21:33:49,1,100000,0.1609,0.0100,0.000,0.0
2026-03-17 21:33:55,1,100000,0.1480,0.0098,0.000,0.0
2026-03-17 21:34:01,1,100000,0.1640,0.0102,0.000,0.0
2026-03-17 21:34:07,1,100000,0.1500,0.0098,0.000,0.0
2026-03-17 21:34:14,1,100000,0.1647,0.0100,0.000,0.0
2026-03-17 21:34:20,1,100000,0.1645,0.0098,0.000,0.0
2026-03-17 21:34:26,1,100000,0.1613,0.0097,0.000,0.0
2026-03-17 21:34:32,1,100000,0.1660,0.0098,0.000,0.0
2026-03-17 21:34:38,1,100000,0.1536,0.0101,0.000,0.0
2026-03-17 21:34:45,1,100000,0.1729,0.0098,0.000,0.0
2026-03-17 21:34:51,1,100000,0.1624,0.0098,0.000,0.0
2026-03-17 21:34:57,1,100000,0.1538,0.0098,0.000,0.0
2026-03-17 21:35:03,1,100000,0.1615,0.0098,0.000,0.0
2026-03-17 21:35:10,1,100000,0.1552,0.0098,0.000,0.0
2026-03-17 21:35:16,1,100000,0.1493,0.0098,0.000,0.0
2026-03-17 21:35:21,1,100000,0.1621,0.0102,0.000,0.0
2026-03-17 21:35:27,1,100000,0.1450,0.0094,0.000,0.0
2026-03-17 21:35:33,1,100000,0.1537,0.0100,0.000,0.0
2026-03-17 21:35:40,1,100000,0.1503,0.0098,0.000,0.0
2026-03-17 21:35:46,1,100000,0.1565,0.0099,0.000,0.0
2026-03-17 21:35:52,1,100000,0.1589,0.0098,0.000,0.0
2026-03-17 21:35:58,1,100000,0.1527,0.0099,0.000,0.0
2026-03-17 21:36:05,1,100000,0.1527,0.0097,0.000,0.0
2026-03-17 21:36:11,1,100000,0.1527,0.0100,0.000,0.0
2026-03-17 21:36:17,1,100000,0.1529,0.0099,0.000,0.0
2026-03-17 21:36:23,1,100000,0.1563,0.0096,0.000,0.0
2026-03-17 21:36:29,1,100000,0.1550,0.0099,0.000,0.0
2026-03-17 21:36:35,1,100000,0.1408,0.0092,0.000,0.0
2026-03-17 21:36:41,1,100000,0.1504,0.0103,0.000,0.0
2026-03-17 21:36:47,1,100000,0.1602,0.0101,0.000,0.0
2026-03-17 21:36:53,1,100000,0.1587,0.0100,0.000,0.0
2026-03-17 21:38:26,1,100000,0.1518,0.0100,0.220,-43.6
2026-03-17 21:38:33,1,100000,0.1879,0.0103,0.000,0.0
2026-03-17 21:38:39,1,100000,0.1886,0.0102,0.000,0.0
2026-03-17 21:38:45,1,100000,0.1876,0.0099,0.000,0.0
2026-03-17 21:38:51,1,100000,0.1734,0.0100,0.000,0.0
2026-03-17 21:38:57,1,100000,0.1876,0.0100,0.000,0.0
2026-03-17 21:39:03,1,100000,0.1773,0.0100,0.000,0.0
2026-03-17 21:39:09,1,100000,0.1700,0.0102,0.000,0.0
2026-03-17 21:39:16,1,100000,0.1639,0.0097,0.000,0.0
2026-03-17 21:39:22,1,100000,0.1715,0.0103,0.000,0.0
2026-03-17 21:39:28,1,100000,0.1596,0.0100,0.000,0.0
2026-03-17 21:39:34,1,100000,0.1657,0.0098,0.000,0.0
2026-03-17 21:39:39,1,100000,0.1541,0.0098,0.000,0.0
2026-03-17 21:39:45,1,100000,0.1621,0.0101,0.000,0.0
2026-03-17 21:39:51,1,100000,0.1517,0.0099,0.000,0.0
2026-03-17 21:39:57,1,100000,0.1595,0.0098,0.000,0.0
2026-03-17 21:40:03,1,100000,0.1646,0.0095,0.000,0.0
2026-03-17 21:40:09,1,100000,0.1646,0.0098,0.000,0.0
2026-03-17 21:40:15,1,100000,0.1594,0.0099,0.000,0.0
2026-03-17 21:40:22,1,100000,0.1575,0.0098,0.000,0.0
2026-03-17 21:40:28,1,100000,0.1632,0.0102,0.000,0.0
2026-03-17 21:40:33,1,100000,0.1517,0.0099,0.000,0.0
2026-03-17 21:40:39,1,100000,0.1537,0.0097,0.000,0.0
2026-03-17 21:40:45,1,100000,0.1510,0.0098,0.000,0.0
2026-03-17 21:40:51,1,100000,0.1490,0.0096,0.000,0.0
2026-03-17 21:40:57,1,100000,0.1501,0.0097,0.000,0.0
2026-03-17 21:41:03,1,100000,0.1507,0.0095,0.000,0.0
2026-03-17 21:41:09,1,100000,0.1449,0.0098,0.000,0.0
2026-03-17 21:41:15,1,100000,0.1490,0.0095,0.000,0.0
2026-03-17 21:41:21,1,100000,0.1527,0.0097,0.000,0.0
2026-03-17 21:41:26,1,100000,0.1518,0.0095,0.000,0.0
2026-03-17 21:41:32,1,100000,0.1484,0.0095,0.000,0.0
2026-03-17 21:41:38,1,100000,0.1543,0.0097,0.000,0.0
2026-03-17 21:41:44,1,100000,0.1512,0.0094,0.000,0.0
2026-03-17 21:41:50,1,100000,0.1560,0.0099,0.000,0.0
2026-03-17 21:41:56,1,100000,0.1527,0.0099,0.000,0.0
2026-03-17 21:42:02,1,100000,0.1446,0.0094,0.000,0.0
2026-03-17 21:42:08,1,100000,0.1418,0.0095,0.000,0.0
2026-03-17 21:42:14,1,100000,0.1560,0.0098,0.000,0.0
2026-03-17 21:42:20,1,100000,0.1426,0.0096,0.000,0.0
2026-03-17 21:42:27,1,100000,0.1439,0.0093,0.000,0.0
2026-03-17 21:42:33,1,100000,0.1525,0.0096,0.000,0.0
2026-03-17 21:42:39,1,100000,0.1503,0.0096,0.000,0.0
2026-03-17 21:42:45,1,100000,0.1535,0.0097,0.000,0.0
2026-03-17 21:42:52,1,100000,0.1438,0.0096,0.000,0.0
2026-03-17 21:42:58,1,100000,0.1364,0.0095,0.000,0.0
2026-03-17 21:43:04,1,100000,0.1546,0.0093,0.000,0.0
2026-03-17 21:43:10,1,100000,0.1410,0.0094,0.000,0.0
2026-03-17 21:43:17,1,100000,0.1471,0.0097,0.000,0.0
2026-03-17 21:43:23,1,100000,0.1422,0.0092,0.000,0.0
2026-03-17 21:43:30,1,100000,0.1387,0.0093,0.000,0.0
2026-03-17 21:43:36,1,100000,0.1369,0.0095,0.000,0.0
2026-03-17 21:43:43,1,100000,0.1483,0.0096,0.000,0.0
2026-03-17 21:43:49,1,100000,0.1436,0.0096,0.000,0.0
2026-03-17 21:43:56,1,100000,0.1466,0.0093,0.000,0.0
2026-03-17 21:44:02,1,100000,0.1351,0.0094,0.000,0.0
2026-03-17 21:44:09,1,100000,0.1421,0.0097,0.000,0.0
2026-03-17 21:44:16,1,100000,0.1378,0.0090,0.000,0.0
2026-03-17 21:44:22,1,100000,0.1343,0.0096,0.000,0.0
2026-03-17 21:44:29,1,100000,0.1363,0.0091,0.000,0.0
2026-03-17 21:44:35,1,100000,0.1346,0.0097,0.000,0.0
2026-03-17 21:46:16,1,100000,0.1336,0.0091,0.240,-40.4
2026-03-17 21:46:23,1,100000,0.1897,0.0097,0.000,0.0
2026-03-17 21:46:29,1,100000,0.1761,0.0097,0.000,0.0
2026-03-17 21:46:35,1,100000,0.1738,0.0099,0.000,0.0
2026-03-17 21:46:41,1,100000,0.1682,0.0097,0.000,0.0
2026-03-17 21:46:47,1,100000,0.1626,0.0098,0.000,0.0
2026-03-17 21:46:53,1,100000,0.1566,0.0096,0.000,0.0
2026-03-17 21:46:59,1,100000,0.1690,0.0095,0.000,0.0
2026-03-17 21:47:05,1,100000,0.1665,0.0098,0.000,0.0
2026-03-17 21:47:12,1,100000,0.1700,0.0097,0.000,0.0
2026-03-17 21:47:18,1,100000,0.1564,0.0096,0.000,0.0
2026-03-17 21:47:24,1,100000,0.1650,0.0096,0.000,0.0
2026-03-17 21:47:30,1,100000,0.1537,0.0098,0.000,0.0
2026-03-17 21:47:36,1,100000,0.1577,0.0094,0.000,0.0
2026-03-17 21:47:42,1,100000,0.1615,0.0097,0.000,0.0
2026-03-17 21:47:48,1,100000,0.1614,0.0094,0.000,0.0
2026-03-17 21:47:53,1,100000,0.1589,0.0095,0.000,0.0
2026-03-17 21:47:59,1,100000,0.1565,0.0096,0.000,0.0
2026-03-17 21:48:05,1,100000,0.1620,0.0095,0.000,0.0
2026-03-17 21:48:11,1,100000,0.1624,0.0097,0.000,0.0
2026-03-17 21:48:17,1,100000,0.1501,0.0098,0.000,0.0
2026-03-17 21:48:23,1,100000,0.1520,0.0099,0.000,0.0
2026-03-17 21:48:29,1,100000,0.1579,0.0096,0.000,0.0
2026-03-17 21:48:35,1,100000,0.1470,0.0096,0.000,0.0
2026-03-17 21:48:41,1,100000,0.1448,0.0097,0.000,0.0
2026-03-17 21:48:46,1,100000,0.1449,0.0095,0.000,0.0
2026-03-17 21:48:52,1,100000,0.1515,0.0097,0.000,0.0
2026-03-17 21:48:58,1,100000,0.1506,0.0096,0.000,0.0
2026-03-17 21:49:04,1,100000,0.1553,0.0100,0.000,0.0
2026-03-17 21:49:10,1,100000,0.1390,0.0093,0.000,0.0
2026-03-17 21:49:16,1,100000,0.1424,0.0093,0.000,0.0
2026-03-17 21:49:22,1,100000,0.1467,0.0097,0.000,0.0
2026-03-17 21:49:28,1,100000,0.1560,0.0097,0.000,0.0
2026-03-17 21:49:34,1,100000,0.1412,0.0094,0.000,0.0
2026-03-17 21:49:40,1,100000,0.1490,0.0098,0.000,0.0
2026-03-17 21:49:46,1,100000,0.1440,0.0095,0.000,0.0
2026-03-17 21:49:52,1,100000,0.1416,0.0093,0.000,0.0
2026-03-17 21:49:58,1,100000,0.1497,0.0096,0.000,0.0
2026-03-17 21:50:03,1,100000,0.1460,0.0096,0.000,0.0
2026-03-17 21:50:09,1,100000,0.1373,0.0096,0.000,0.0
2026-03-17 21:50:15,1,100000,0.1453,0.0093,0.000,0.0
2026-03-17 21:50:21,1,100000,0.1341,0.0095,0.000,0.0
2026-03-17 21:50:27,1,100000,0.1422,0.0098,0.000,0.0
2026-03-17 21:50:34,1,100000,0.1449,0.0095,0.000,0.0
2026-03-17 21:50:40,1,100000,0.1392,0.0093,0.000,0.0
2026-03-17 21:50:46,1,100000,0.1345,0.0094,0.000,0.0
2026-03-17 21:50:52,1,100000,0.1407,0.0090,0.000,0.0
2026-03-17 21:50:58,1,100000,0.1373,0.0094,0.000,0.0
2026-03-17 21:51:04,1,100000,0.1459,0.0096,0.000,0.0
2026-03-17 21:51:10,1,100000,0.1403,0.0096,0.000,0.0
2026-03-17 21:51:16,1,100000,0.1343,0.0095,0.000,0.0
2026-03-17 21:51:23,1,100000,0.1392,0.0096,0.000,0.0
2026-03-17 21:51:28,1,100000,0.1343,0.0094,0.000,0.0
2026-03-17 21:51:34,1,100000,0.1402,0.0094,0.000,0.0
2026-03-17 21:51:40,1,100000,0.1318,0.0096,0.000,0.0
2026-03-17 21:51:46,1,100000,0.1402,0.0094,0.000,0.0
2026-03-17 21:51:52,1,100000,0.1426,0.0093,0.000,0.0
2026-03-17 21:51:58,1,100000,0.1454,0.0097,0.000,0.0
2026-03-17 21:53:36,1,100000,0.1385,0.0091,0.320,-21.4
2026-03-17 21:53:43,1,100000,0.1829,0.0099,0.000,0.0
2026-03-17 21:53:50,1,100000,0.1742,0.0101,0.000,0.0
2026-03-17 21:53:55,1,100000,0.1705,0.0097,0.000,0.0
2026-03-17 21:54:01,1,100000,0.1699,0.0097,0.000,0.0
2026-03-17 21:54:07,1,100000,0.1795,0.0099,0.000,0.0
2026-03-17 21:54:13,1,100000,0.1718,0.0096,0.000,0.0
2026-03-17 21:54:19,1,100000,0.1702,0.0099,0.000,0.0
2026-03-17 21:54:25,1,100000,0.1627,0.0096,0.000,0.0
2026-03-17 21:54:31,1,100000,0.1626,0.0096,0.000,0.0
2026-03-17 21:54:37,1,100000,0.1524,0.0098,0.000,0.0
2026-03-17 21:54:43,1,100000,0.1636,0.0096,0.000,0.0
2026-03-17 21:54:49,1,100000,0.1552,0.0095,0.000,0.0
2026-03-17 21:54:55,1,100000,0.1567,0.0095,0.000,0.0
2026-03-17 21:55:01,1,100000,0.1552,0.0096,0.000,0.0
2026-03-17 21:55:07,1,100000,0.1493,0.0095,0.000,0.0
2026-03-17 21:55:13,1,100000,0.1536,0.0096,0.000,0.0
2026-03-17 21:55:18,1,100000,0.1586,0.0094,0.000,0.0
2026-03-17 21:55:26,1,100000,0.1510,0.0093,0.000,0.0
2026-03-17 21:55:31,1,100000,0.1502,0.0097,0.000,0.0
2026-03-17 21:55:37,1,100000,0.1491,0.0095,0.000,0.0
2026-03-17 21:55:43,1,100000,0.1473,0.0095,0.000,0.0
2026-03-17 21:55:48,1,100000,0.1567,0.0095,0.000,0.0
2026-03-17 21:55:54,1,100000,0.1508,0.0097,0.000,0.0
2026-03-17 21:56:00,1,100000,0.1733,0.0100,0.000,0.0
2026-03-17 21:56:06,1,100000,0.1534,0.0095,0.000,0.0
2026-03-17 21:56:12,1,100000,0.1615,0.0098,0.000,0.0
2026-03-17 21:56:18,1,100000,0.1511,0.0093,0.000,0.0
2026-03-17 21:56:24,1,100000,0.1610,0.0096,0.000,0.0
2026-03-17 21:56:30,1,100000,0.1506,0.0094,0.000,0.0
2026-03-17 21:56:36,1,100000,0.1426,0.0094,0.000,0.0
2026-03-17 21:56:42,1,100000,0.1457,0.0095,0.000,0.0
2026-03-17 21:56:48,1,100000,0.1477,0.0095,0.000,0.0
2026-03-17 21:56:54,1,100000,0.1460,0.0096,0.000,0.0
2026-03-17 21:57:00,1,100000,0.1507,0.0095,0.000,0.0
2026-03-17 21:57:06,1,100000,0.1461,0.0094,0.000,0.0
2026-03-17 21:57:12,1,100000,0.1436,0.0095,0.000,0.0
2026-03-17 21:57:17,1,100000,0.1417,0.0092,0.000,0.0
2026-03-17 21:57:23,1,100000,0.1476,0.0095,0.000,0.0
2026-03-17 21:57:30,1,100000,0.1477,0.0093,0.000,0.0
2026-03-17 21:57:36,1,100000,0.1559,0.0096,0.000,0.0
2026-03-17 21:57:42,1,100000,0.1498,0.0095,0.000,0.0
2026-03-17 21:57:48,1,100000,0.1448,0.0095,0.000,0.0
2026-03-17 21:57:54,1,100000,0.1504,0.0094,0.000,0.0
2026-03-17 21:58:00,1,100000,0.1410,0.0092,0.000,0.0
2026-03-17 21:58:06,1,100000,0.1418,0.0096,0.000,0.0
2026-03-17 21:58:12,1,100000,0.1423,0.0095,0.000,0.0
2026-03-17 21:58:18,1,100000,0.1393,0.0093,0.000,0.0
2026-03-17 21:58:24,1,100000,0.1315,0.0093,0.000,0.0
2026-03-17 21:58:30,1,100000,0.1378,0.0092,0.000,0.0
2026-03-17 21:58:35,1,100000,0.1450,0.0093,0.000,0.0
2026-03-17 21:58:42,1,100000,0.1372,0.0094,0.000,0.0
2026-03-17 21:58:47,1,100000,0.1345,0.0094,0.000,0.0
2026-03-17 21:58:53,1,100000,0.1377,0.0095,0.000,0.0
2026-03-17 21:58:59,1,100000,0.1308,0.0095,0.000,0.0
2026-03-17 21:59:05,1,100000,0.1349,0.0095,0.000,0.0
2026-03-17 21:59:11,1,100000,0.1387,0.0094,0.000,0.0
2026-03-17 21:59:17,1,100000,0.1462,0.0095,0.000,0.0
2026-03-17 21:59:23,1,100000,0.1341,0.0095,0.000,0.0
2026-03-17 21:59:29,1,100000,0.1393,0.0095,0.000,0.0
2026-03-17 21:59:35,1,100000,0.1298,0.0091,0.000,0.0
2026-03-17 21:59:42,1,100000,0.1375,0.0092,0.000,0.0
2026-03-17 21:59:48,1,100000,0.1379,0.0094,0.000,0.0
2026-03-17 21:59:54,1,100000,0.1456,0.0093,0.000,0.0
2026-03-17 21:59:59,1,100000,0.1574,0.0095,0.000,0.0
2026-03-17 22:00:05,1,100000,0.1451,0.0094,0.000,0.0
2026-03-17 22:00:11,1,100000,0.1441,0.0095,0.000,0.0
2026-03-17 22:01:46,1,100000,0.1424,0.0094,0.360,-36.9
2026-03-17 22:01:53,1,100000,0.1967,0.0095,0.000,0.0
2026-03-17 22:01:59,1,100000,0.1959,0.0101,0.000,0.0
2026-03-17 22:02:05,1,100000,0.1890,0.0098,0.000,0.0
2026-03-17 22:02:11,1,100000,0.1794,0.0096,0.000,0.0
2026-03-17 22:02:17,1,100000,0.1904,0.0100,0.000,0.0
2026-03-17 22:02:23,1,100000,0.1733,0.0095,0.000,0.0
2026-03-17 22:02:29,1,100000,0.1761,0.0099,0.000,0.0
2026-03-17 22:02:35,1,100000,0.1714,0.0099,0.000,0.0
2026-03-17 22:02:41,1,100000,0.1810,0.0094,0.000,0.0
2026-03-17 22:02:47,1,100000,0.1764,0.0092,0.000,0.0
2026-03-17 22:02:53,1,100000,0.1826,0.0098,0.000,0.0
2026-03-17 22:02:59,1,100000,0.1698,0.0097,0.000,0.0
2026-03-17 22:03:05,1,100000,0.1715,0.0099,0.000,0.0
2026-03-17 22:03:11,1,100000,0.1716,0.0097,0.000,0.0
2026-03-17 22:03:17,1,100000,0.1644,0.0096,0.000,0.0
2026-03-17 22:03:23,1,100000,0.1737,0.0098,0.000,0.0
2026-03-17 22:03:29,1,100000,0.1667,0.0096,0.000,0.0
2026-03-17 22:03:35,1,100000,0.1724,0.0099,0.000,0.0
2026-03-17 22:03:41,1,100000,0.1611,0.0096,0.000,0.0
2026-03-17 22:03:47,1,100000,0.1608,0.0095,0.000,0.0
2026-03-17 22:03:53,1,100000,0.1710,0.0100,0.000,0.0
2026-03-17 22:03:59,1,100000,0.1681,0.0096,0.000,0.0
2026-03-17 22:04:05,1,100000,0.1673,0.0097,0.000,0.0
2026-03-17 22:04:12,1,100000,0.1611,0.0098,0.000,0.0
2026-03-17 22:04:18,1,100000,0.1688,0.0099,0.000,0.0
2026-03-17 22:04:24,1,100000,0.1693,0.0097,0.000,0.0
2026-03-17 22:04:30,1,100000,0.1619,0.0097,0.000,0.0
2026-03-17 22:04:36,1,100000,0.1531,0.0095,0.000,0.0
2026-03-17 22:04:42,1,100000,0.1599,0.0096,0.000,0.0
2026-03-17 22:04:47,1,100000,0.1524,0.0097,0.000,0.0
2026-03-17 22:04:54,1,100000,0.1758,0.0100,0.000,0.0
2026-03-17 22:05:00,1,100000,0.1560,0.0094,0.000,0.0
2026-03-17 22:05:06,1,100000,0.1682,0.0098,0.000,0.0
2026-03-17 22:05:12,1,100000,0.1644,0.0096,0.000,0.0
2026-03-17 22:05:18,1,100000,0.1611,0.0094,0.000,0.0
2026-03-17 22:05:24,1,100000,0.1651,0.0094,0.000,0.0
2026-03-17 22:05:31,1,100000,0.1641,0.0094,0.000,0.0
2026-03-17 22:05:37,1,100000,0.1567,0.0094,0.000,0.0
2026-03-17 22:05:44,1,100000,0.1498,0.0094,0.000,0.0
2026-03-17 22:05:50,1,100000,0.1664,0.0096,0.000,0.0
2026-03-17 22:05:56,1,100000,0.1657,0.0095,0.000,0.0
2026-03-17 22:06:02,1,100000,0.1665,0.0096,0.000,0.0
2026-03-17 22:06:09,1,100000,0.1655,0.0096,0.000,0.0
2026-03-17 22:06:16,1,100000,0.1516,0.0095,0.000,0.0
2026-03-17 22:06:22,1,100000,0.1660,0.0097,0.000,0.0
2026-03-17 22:06:29,1,100000,0.1681,0.0097,0.000,0.0
2026-03-17 22:06:36,1,100000,0.1639,0.0095,0.000,0.0
2026-03-17 22:06:43,1,100000,0.1589,0.0095,0.000,0.0
2026-03-17 22:06:50,1,100000,0.1557,0.0096,0.000,0.0
2026-03-17 22:06:56,1,100000,0.1547,0.0094,0.000,0.0
2026-03-17 22:07:03,1,100000,0.1482,0.0096,0.000,0.0
2026-03-17 22:07:09,1,100000,0.1539,0.0098,0.000,0.0
2026-03-17 22:07:16,1,100000,0.1616,0.0098,0.000,0.0
2026-03-17 22:07:22,1,100000,0.1484,0.0093,0.000,0.0
2026-03-17 22:07:28,1,100000,0.1546,0.0094,0.000,0.0
2026-03-17 22:07:34,1,100000,0.1784,0.0099,0.000,0.0
2026-03-17 22:07:40,1,100000,0.1682,0.0101,0.000,0.0
2026-03-17 22:07:47,1,100000,0.1598,0.0101,0.000,0.0
2026-03-17 22:07:53,1,100000,0.1554,0.0097,0.000,0.0
2026-03-17 22:09:35,1,100000,0.1584,0.0099,0.280,-32.4
2026-03-17 22:09:43,1,100000,0.2010,0.0100,0.000,0.0
2026-03-17 22:09:49,1,100000,0.2040,0.0103,0.000,0.0
2026-03-17 22:09:55,1,100000,0.1878,0.0099,0.000,0.0
2026-03-17 22:10:02,1,100000,0.1930,0.0100,0.000,0.0
2026-03-17 22:10:09,1,100000,0.1993,0.0101,0.000,0.0
2026-03-17 22:10:15,1,100000,0.1975,0.0097,0.000,0.0
2026-03-17 22:10:22,1,100000,0.1784,0.0097,0.000,0.0
2026-03-17 22:10:29,1,100000,0.1843,0.0099,0.000,0.0
2026-03-17 22:10:35,1,100000,0.1814,0.0095,0.000,0.0
2026-03-17 22:10:42,1,100000,0.1779,0.0100,0.000,0.0
2026-03-17 22:10:48,1,100000,0.1831,0.0101,0.000,0.0
2026-03-17 22:10:55,1,100000,0.1806,0.0099,0.000,0.0
2026-03-17 22:11:02,1,100000,0.1807,0.0101,0.000,0.0
2026-03-17 22:11:08,1,100000,0.1784,0.0098,0.000,0.0
2026-03-17 22:11:14,1,100000,0.1664,0.0096,0.000,0.0
2026-03-17 22:11:21,1,100000,0.1868,0.0100,0.000,0.0
2026-03-17 22:11:27,1,100000,0.1733,0.0100,0.000,0.0
2026-03-17 22:11:33,1,100000,0.1791,0.0101,0.000,0.0
2026-03-17 22:11:40,1,100000,0.1768,0.0102,0.000,0.0
2026-03-17 22:11:46,1,100000,0.1828,0.0098,0.000,0.0
2026-03-17 22:11:53,1,100000,0.1796,0.0101,0.000,0.0
2026-03-17 22:11:59,1,100000,0.1811,0.0099,0.000,0.0
2026-03-17 22:12:06,1,100000,0.1803,0.0098,0.000,0.0
2026-03-17 22:12:13,1,100000,0.1797,0.0097,0.000,0.0
2026-03-17 22:12:20,1,100000,0.1700,0.0098,0.000,0.0
2026-03-17 22:12:27,1,100000,0.1788,0.0098,0.000,0.0
2026-03-17 22:12:34,1,100000,0.1803,0.0098,0.000,0.0
2026-03-17 22:12:40,1,100000,0.1815,0.0099,0.000,0.0
2026-03-17 22:12:47,1,100000,0.1707,0.0096,0.000,0.0
2026-03-17 22:12:53,1,100000,0.1860,0.0097,0.000,0.0
2026-03-17 22:13:00,1,100000,0.1797,0.0096,0.000,0.0
2026-03-17 22:13:06,1,100000,0.1684,0.0097,0.000,0.0
2026-03-17 22:13:13,1,100000,0.1734,0.0098,0.000,0.0
2026-03-17 22:13:20,1,100000,0.1754,0.0097,0.000,0.0
2026-03-17 22:13:26,1,100000,0.1692,0.0097,0.000,0.0
2026-03-17 22:13:33,1,100000,0.1758,0.0098,0.000,0.0
2026-03-17 22:13:40,1,100000,0.1728,0.0098,0.000,0.0
2026-03-17 22:13:46,1,100000,0.1605,0.0096,0.000,0.0
2026-03-17 22:13:53,1,100000,0.1658,0.0096,0.000,0.0
2026-03-17 22:13:59,1,100000,0.1724,0.0096,0.000,0.0
2026-03-17 22:14:06,1,100000,0.1657,0.0094,0.000,0.0
2026-03-17 22:14:12,1,100000,0.1781,0.0099,0.000,0.0
2026-03-17 22:14:18,1,100000,0.1754,0.0094,0.000,0.0
2026-03-17 22:14:24,1,100000,0.1649,0.0094,0.000,0.0
2026-03-17 22:14:31,1,100000,0.1718,0.0093,0.000,0.0
2026-03-17 22:14:38,1,100000,0.1694,0.0095,0.000,0.0
2026-03-17 22:14:44,1,100000,0.1674,0.0098,0.000,0.0
2026-03-17 22:14:50,1,100000,0.1735,0.0099,0.000,0.0
2026-03-17 22:14:56,1,100000,0.1664,0.0095,0.000,0.0
2026-03-17 22:15:02,1,100000,0.1679,0.0094,0.000,0.0
2026-03-17 22:15:08,1,100000,0.1742,0.0098,0.000,0.0
2026-03-17 22:15:14,1,100000,0.1719,0.0097,0.000,0.0
2026-03-17 22:15:20,1,100000,0.1746,0.0098,0.000,0.0
2026-03-17 22:15:26,1,100000,0.1775,0.0096,0.000,0.0
2026-03-17 22:15:33,1,100000,0.1683,0.0096,0.000,0.0
2026-03-17 22:15:39,1,100000,0.1762,0.0098,0.000,0.0
2026-03-17 22:15:45,1,100000,0.1866,0.0101,0.000,0.0
2026-03-17 22:17:28,1,100000,0.1921,0.0099,0.300,-36.3
2026-03-17 22:17:35,1,100000,0.2230,0.0101,0.000,0.0
2026-03-17 22:17:42,1,100000,0.2089,0.0099,0.000,0.0
2026-03-17 22:17:48,1,100000,0.2070,0.0102,0.000,0.0
2026-03-17 22:17:54,1,100000,0.2131,0.0100,0.000,0.0
2026-03-17 22:18:01,1,100000,0.2097,0.0100,0.000,0.0
2026-03-17 22:18:07,1,100000,0.2091,0.0103,0.000,0.0
2026-03-17 22:18:14,1,100000,0.2146,0.0102,0.000,0.0
2026-03-17 22:18:20,1,100000,0.2087,0.0100,0.000,0.0
2026-03-17 22:18:26,1,100000,0.2078,0.0101,0.000,0.0
2026-03-17 22:18:32,1,100000,0.2058,0.0102,0.000,0.0
2026-03-17 22:18:38,1,100000,0.1968,0.0098,0.000,0.0
2026-03-17 22:18:45,1,100000,0.2001,0.0100,0.000,0.0
2026-03-17 22:18:51,1,100000,0.2095,0.0098,0.000,0.0
2026-03-17 22:18:58,1,100000,0.2069,0.0098,0.000,0.0
2026-03-17 22:19:04,1,100000,0.2004,0.0098,0.000,0.0
2026-03-17 22:19:11,1,100000,0.1942,0.0098,0.000,0.0
2026-03-17 22:19:18,1,100000,0.1951,0.0098,0.000,0.0
2026-03-17 22:19:25,1,100000,0.1973,0.0100,0.000,0.0
2026-03-17 22:19:32,1,100000,0.1978,0.0098,0.000,0.0
2026-03-17 22:19:38,1,100000,0.1891,0.0104,0.000,0.0
2026-03-17 22:19:45,1,100000,0.1927,0.0100,0.000,0.0
2026-03-17 22:19:52,1,100000,0.1907,0.0098,0.000,0.0
2026-03-17 22:19:59,1,100000,0.1969,0.0101,0.000,0.0
2026-03-17 22:20:05,1,100000,0.1833,0.0100,0.000,0.0
2026-03-17 22:20:11,1,100000,0.1799,0.0100,0.000,0.0
2026-03-17 22:20:17,1,100000,0.1857,0.0097,0.000,0.0
2026-03-17 22:20:23,1,100000,0.1865,0.0099,0.000,0.0
2026-03-17 22:20:29,1,100000,0.1871,0.0098,0.000,0.0
2026-03-17 22:20:36,1,100000,0.2028,0.0098,0.000,0.0
2026-03-17 22:20:42,1,100000,0.1784,0.0097,0.000,0.0
2026-03-17 22:20:48,1,100000,0.1793,0.0096,0.000,0.0
2026-03-17 22:20:55,1,100000,0.1839,0.0098,0.000,0.0
2026-03-17 22:21:01,1,100000,0.1809,0.0099,0.000,0.0
2026-03-17 22:21:08,1,100000,0.1866,0.0100,0.000,0.0
2026-03-17 22:21:14,1,100000,0.1967,0.0096,0.000,0.0
2026-03-17 22:21:21,1,100000,0.1945,0.0098,0.000,0.0
2026-03-17 22:21:27,1,100000,0.1934,0.0097,0.000,0.0
2026-03-17 22:21:33,1,100000,0.1884,0.0097,0.000,0.0
2026-03-17 22:21:39,1,100000,0.1886,0.0097,0.000,0.0
2026-03-17 22:21:46,1,100000,0.1899,0.0096,0.000,0.0
2026-03-17 22:21:52,1,100000,0.1830,0.0096,0.000,0.0
2026-03-17 22:21:58,1,100000,0.1868,0.0099,0.000,0.0
2026-03-17 22:22:04,1,100000,0.1821,0.0099,0.000,0.0
2026-03-17 22:22:11,1,100000,0.1878,0.0097,0.000,0.0
2026-03-17 22:22:17,1,100000,0.1859,0.0098,0.000,0.0
2026-03-17 22:22:24,1,100000,0.1813,0.0096,0.000,0.0
2026-03-17 22:22:30,1,100000,0.1802,0.0097,0.000,0.0
2026-03-17 22:22:37,1,100000,0.1912,0.0098,0.000,0.0
2026-03-17 22:22:43,1,100000,0.1827,0.0098,0.000,0.0
2026-03-17 22:22:50,1,100000,0.1869,0.0097,0.000,0.0
2026-03-17 22:22:57,1,100000,0.1947,0.0098,0.000,0.0
2026-03-17 22:23:03,1,100000,0.1937,0.0098,0.000,0.0
2026-03-17 22:23:09,1,100000,0.1906,0.0094,0.000,0.0
2026-03-17 22:24:46,1,100000,0.1930,0.0101,0.240,-44.2
2026-03-17 22:24:54,1,100000,0.2254,0.0101,0.000,0.0
2026-03-17 22:25:01,1,100000,0.2224,0.0100,0.000,0.0
2026-03-17 22:25:07,1,100000,0.2154,0.0098,0.000,0.0
2026-03-17 22:25:14,1,100000,0.2169,0.0103,0.000,0.0
2026-03-17 22:25:20,1,100000,0.2210,0.0098,0.000,0.0
2026-03-17 22:25:27,1,100000,0.2107,0.0097,0.000,0.0
2026-03-17 22:25:34,1,100000,0.2091,0.0105,0.000,0.0
2026-03-17 22:25:40,1,100000,0.2221,0.0102,0.000,0.0
2026-03-17 22:25:47,1,100000,0.2185,0.0100,0.000,0.0
2026-03-17 22:25:53,1,100000,0.2033,0.0098,0.000,0.0
2026-03-17 22:25:59,1,100000,0.2029,0.0096,0.000,0.0
2026-03-17 22:26:06,1,100000,0.2024,0.0097,0.000,0.0
2026-03-17 22:26:12,1,100000,0.2073,0.0099,0.000,0.0
2026-03-17 22:26:18,1,100000,0.1971,0.0099,0.000,0.0
2026-03-17 22:26:24,1,100000,0.2071,0.0100,0.000,0.0
2026-03-17 22:26:31,1,100000,0.2018,0.0099,0.000,0.0
2026-03-17 22:26:38,1,100000,0.2127,0.0101,0.000,0.0
2026-03-17 22:26:44,1,100000,0.2068,0.0102,0.000,0.0
2026-03-17 22:26:51,1,100000,0.2009,0.0100,0.000,0.0
2026-03-17 22:26:57,1,100000,0.2086,0.0099,0.000,0.0
2026-03-17 22:27:04,1,100000,0.2058,0.0101,0.000,0.0
2026-03-17 22:27:11,1,100000,0.1921,0.0097,0.000,0.0
2026-03-17 22:27:17,1,100000,0.1852,0.0097,0.000,0.0
2026-03-17 22:27:24,1,100000,0.2005,0.0101,0.000,0.0
2026-03-17 22:27:30,1,100000,0.1951,0.0096,0.000,0.0
2026-03-17 22:27:37,1,100000,0.1943,0.0097,0.000,0.0
2026-03-17 22:27:44,1,100000,0.2004,0.0097,0.000,0.0
2026-03-17 22:27:50,1,100000,0.1996,0.0098,0.000,0.0
2026-03-17 22:27:57,1,100000,0.1919,0.0094,0.000,0.0
2026-03-17 22:28:03,1,100000,0.1971,0.0096,0.000,0.0
2026-03-17 22:28:10,1,100000,0.2044,0.0099,0.000,0.0
2026-03-17 22:28:16,1,100000,0.1975,0.0098,0.000,0.0
2026-03-17 22:28:24,1,100000,0.1900,0.0094,0.000,0.0
2026-03-17 22:28:30,1,100000,0.1986,0.0096,0.000,0.0
2026-03-17 22:28:37,1,100000,0.1940,0.0097,0.000,0.0
2026-03-17 22:28:44,1,100000,0.1944,0.0095,0.000,0.0
2026-03-17 22:28:50,1,100000,0.1994,0.0098,0.000,0.0
2026-03-17 22:28:57,1,100000,0.2013,0.0097,0.000,0.0
2026-03-17 22:29:04,1,100000,0.1894,0.0100,0.000,0.0
2026-03-17 22:29:11,1,100000,0.1942,0.0098,0.000,0.0
2026-03-17 22:29:17,1,100000,0.1932,0.0095,0.000,0.0
2026-03-17 22:29:24,1,100000,0.2019,0.0096,0.000,0.0
2026-03-17 22:29:30,1,100000,0.1946,0.0094,0.000,0.0
2026-03-17 22:29:37,1,100000,0.1991,0.0096,0.000,0.0
2026-03-17 22:29:44,1,100000,0.2007,0.0098,0.000,0.0
2026-03-17 22:29:50,1,100000,0.1923,0.0099,0.000,0.0
2026-03-17 22:29:57,1,100000,0.1929,0.0099,0.000,0.0
2026-03-17 22:30:03,1,100000,0.1988,0.0099,0.000,0.0
2026-03-17 22:30:10,1,100000,0.1987,0.0099,0.000,0.0
2026-03-17 22:30:16,1,100000,0.1920,0.0095,0.000,0.0
2026-03-17 22:30:23,1,100000,0.2015,0.0096,0.000,0.0
2026-03-17 22:30:29,1,100000,0.1934,0.0100,0.000,0.0
2026-03-17 22:32:02,1,100000,0.1967,0.0101,0.400,-16.5
2026-03-17 22:32:09,1,100000,0.2318,0.0101,0.000,0.0
2026-03-17 22:32:16,1,100000,0.2363,0.0102,0.000,0.0
2026-03-17 22:32:22,1,100000,0.2178,0.0102,0.000,0.0
2026-03-17 22:32:29,1,100000,0.2303,0.0101,0.000,0.0
2026-03-17 22:32:35,1,100000,0.2100,0.0099,0.000,0.0
2026-03-17 22:32:42,1,100000,0.2283,0.0100,0.000,0.0
2026-03-17 22:32:48,1,100000,0.2249,0.0105,0.000,0.0
2026-03-17 22:32:55,1,100000,0.2180,0.0103,0.000,0.0
2026-03-17 22:33:01,1,100000,0.2144,0.0098,0.000,0.0
2026-03-17 22:33:07,1,100000,0.2211,0.0096,0.000,0.0
2026-03-17 22:33:14,1,100000,0.2155,0.0103,0.000,0.0
2026-03-17 22:33:20,1,100000,0.2118,0.0102,0.000,0.0
2026-03-17 22:33:26,1,100000,0.2297,0.0100,0.000,0.0
2026-03-17 22:33:33,1,100000,0.2147,0.0100,0.000,0.0
2026-03-17 22:33:39,1,100000,0.2197,0.0101,0.000,0.0
2026-03-17 22:33:45,1,100000,0.2163,0.0101,0.000,0.0
2026-03-17 22:33:51,1,100000,0.2129,0.0100,0.000,0.0
2026-03-17 22:33:58,1,100000,0.2050,0.0096,0.000,0.0
2026-03-17 22:34:04,1,100000,0.2202,0.0100,0.000,0.0
2026-03-17 22:34:11,1,100000,0.2081,0.0098,0.000,0.0
2026-03-17 22:34:17,1,100000,0.2123,0.0099,0.000,0.0
2026-03-17 22:34:24,1,100000,0.2032,0.0099,0.000,0.0
2026-03-17 22:34:30,1,100000,0.2089,0.0096,0.000,0.0
2026-03-17 22:34:37,1,100000,0.2024,0.0096,0.000,0.0
2026-03-17 22:34:43,1,100000,0.2087,0.0099,0.000,0.0
2026-03-17 22:34:50,1,100000,0.2155,0.0101,0.000,0.0
2026-03-17 22:34:56,1,100000,0.2009,0.0099,0.000,0.0
2026-03-17 22:35:03,1,100000,0.2029,0.0100,0.000,0.0
2026-03-17 22:35:09,1,100000,0.2129,0.0101,0.000,0.0
2026-03-17 22:35:16,1,100000,0.2021,0.0100,0.000,0.0
2026-03-17 22:35:22,1,100000,0.2011,0.0096,0.000,0.0
2026-03-17 22:35:28,1,100000,0.1996,0.0098,0.000,0.0
2026-03-17 22:35:35,1,100000,0.2095,0.0100,0.000,0.0
2026-03-17 22:35:41,1,100000,0.2020,0.0098,0.000,0.0
2026-03-17 22:35:48,1,100000,0.2034,0.0100,0.000,0.0
2026-03-17 22:35:55,1,100000,0.2017,0.0097,0.000,0.0
2026-03-17 22:36:01,1,100000,0.2010,0.0099,0.000,0.0
2026-03-17 22:36:08,1,100000,0.2003,0.0097,0.000,0.0
2026-03-17 22:36:14,1,100000,0.2069,0.0101,0.000,0.0
2026-03-17 22:36:21,1,100000,0.2028,0.0100,0.000,0.0
2026-03-17 22:36:27,1,100000,0.1959,0.0099,0.000,0.0
2026-03-17 22:36:33,1,100000,0.2035,0.0099,0.000,0.0
2026-03-17 22:36:40,1,100000,0.2073,0.0101,0.000,0.0
2026-03-17 22:36:47,1,100000,0.1992,0.0100,0.000,0.0
2026-03-17 22:36:52,1,100000,0.2085,0.0104,0.000,0.0
2026-03-17 22:36:59,1,100000,0.2123,0.0100,0.000,0.0
2026-03-17 22:37:05,1,100000,0.2099,0.0101,0.000,0.0
2026-03-17 22:37:11,1,100000,0.2019,0.0099,0.000,0.0
2026-03-17 22:37:17,1,100000,0.2063,0.0102,0.000,0.0
2026-03-17 22:37:24,1,100000,0.2069,0.0102,0.000,0.0
2026-03-17 22:37:30,1,100000,0.2079,0.0100,0.000,0.0
2026-03-17 22:37:36,1,100000,0.1969,0.0099,0.000,0.0
2026-03-17 22:39:06,1,100000,0.2023,0.0099,0.280,-46.8
2026-03-17 22:39:13,1,100000,0.2316,0.0106,0.000,0.0
2026-03-17 22:39:19,1,100000,0.2341,0.0104,0.000,0.0
2026-03-17 22:39:26,1,100000,0.2386,0.0108,0.000,0.0
2026-03-17 22:39:32,1,100000,0.2269,0.0105,0.000,0.0
2026-03-17 22:39:38,1,100000,0.2379,0.0107,0.000,0.0
2026-03-17 22:39:44,1,100000,0.2165,0.0102,0.000,0.0
2026-03-17 22:39:50,1,100000,0.2221,0.0104,0.000,0.0
2026-03-17 22:39:57,1,100000,0.2209,0.0104,0.000,0.0
2026-03-17 22:40:03,1,100000,0.2285,0.0106,0.000,0.0
2026-03-17 22:40:09,1,100000,0.2152,0.0106,0.000,0.0
2026-03-17 22:40:16,1,100000,0.2131,0.0106,0.000,0.0
2026-03-17 22:40:22,1,100000,0.2058,0.0101,0.000,0.0
2026-03-17 22:40:28,1,100000,0.2123,0.0100,0.000,0.0
2026-03-17 22:40:35,1,100000,0.2189,0.0106,0.000,0.0
2026-03-17 22:40:41,1,100000,0.2126,0.0105,0.000,0.0
2026-03-17 22:40:48,1,100000,0.2161,0.0106,0.000,0.0
2026-03-17 22:40:54,1,100000,0.2041,0.0105,0.000,0.0
2026-03-17 22:41:00,1,100000,0.2205,0.0105,0.000,0.0
2026-03-17 22:41:07,1,100000,0.2073,0.0103,0.000,0.0
2026-03-17 22:41:13,1,100000,0.2258,0.0105,0.000,0.0
2026-03-17 22:41:19,1,100000,0.2051,0.0104,0.000,0.0
2026-03-17 22:41:26,1,100000,0.2069,0.0101,0.000,0.0
2026-03-17 22:41:32,1,100000,0.2073,0.0102,0.000,0.0
2026-03-17 22:41:39,1,100000,0.2093,0.0101,0.000,0.0
2026-03-17 22:41:46,1,100000,0.2123,0.0107,0.000,0.0
2026-03-17 22:41:52,1,100000,0.2056,0.0106,0.000,0.0
2026-03-17 22:41:57,1,100000,0.2115,0.0105,0.000,0.0
2026-03-17 22:42:04,1,100000,0.2060,0.0103,0.000,0.0
2026-03-17 22:42:10,1,100000,0.2223,0.0101,0.000,0.0
2026-03-17 22:42:17,1,100000,0.2119,0.0103,0.000,0.0
2026-03-17 22:42:23,1,100000,0.2136,0.0107,0.000,0.0
2026-03-17 22:42:29,1,100000,0.2153,0.0105,0.000,0.0
2026-03-17 22:42:35,1,100000,0.2147,0.0104,0.000,0.0
2026-03-17 22:42:42,1,100000,0.2135,0.0105,0.000,0.0
2026-03-17 22:42:48,1,100000,0.2075,0.0104,0.000,0.0
2026-03-17 22:42:54,1,100000,0.2062,0.0102,0.000,0.0
2026-03-17 22:43:00,1,100000,0.2063,0.0103,0.000,0.0
2026-03-17 22:43:07,1,100000,0.2086,0.0100,0.000,0.0
2026-03-17 22:43:13,1,100000,0.2093,0.0100,0.000,0.0
2026-03-17 22:43:19,1,100000,0.2039,0.0102,0.000,0.0
2026-03-17 22:43:26,1,100000,0.2097,0.0106,0.000,0.0
2026-03-17 22:43:32,1,100000,0.2052,0.0100,0.000,0.0
2026-03-17 22:43:38,1,100000,0.2003,0.0105,0.000,0.0
2026-03-17 22:43:45,1,100000,0.2071,0.0104,0.000,0.0
2026-03-17 22:43:51,1,100000,0.2014,0.0104,0.000,0.0
2026-03-17 22:43:58,1,100000,0.2018,0.0105,0.000,0.0
2026-03-17 22:44:05,1,100000,0.2012,0.0103,0.000,0.0
2026-03-17 22:44:11,1,100000,0.2097,0.0103,0.000,0.0
2026-03-17 22:44:18,1,100000,0.2060,0.0106,0.000,0.0
2026-03-17 22:44:25,1,100000,0.1969,0.0100,0.000,0.0
2026-03-17 22:46:01,1,100000,0.2032,0.0105,0.160,-61.5
2026-03-17 22:46:10,1,100000,0.2475,0.0106,0.000,0.0
2026-03-17 22:46:17,1,100000,0.2414,0.0107,0.000,0.0
2026-03-17 22:46:24,1,100000,0.2406,0.0107,0.000,0.0
2026-03-17 22:46:31,1,100000,0.2308,0.0108,0.000,0.0
2026-03-17 22:46:39,1,100000,0.2219,0.0104,0.000,0.0
2026-03-17 22:46:45,1,100000,0.2307,0.0110,0.000,0.0
2026-03-17 22:46:52,1,100000,0.2270,0.0110,0.000,0.0
2026-03-17 22:46:59,1,100000,0.2249,0.0109,0.000,0.0
2026-03-17 22:47:06,1,100000,0.2142,0.0107,0.000,0.0
2026-03-17 22:47:13,1,100000,0.2187,0.0106,0.000,0.0
2026-03-17 22:47:19,1,100000,0.2068,0.0102,0.000,0.0
2026-03-17 22:47:26,1,100000,0.2116,0.0108,0.000,0.0
2026-03-17 22:47:32,1,100000,0.2157,0.0107,0.000,0.0
2026-03-17 22:47:38,1,100000,0.2097,0.0106,0.000,0.0
2026-03-17 22:47:45,1,100000,0.2149,0.0104,0.000,0.0
2026-03-17 22:47:51,1,100000,0.2255,0.0109,0.000,0.0
2026-03-17 22:47:57,1,100000,0.2164,0.0106,0.000,0.0
2026-03-17 22:48:04,1,100000,0.2187,0.0106,0.000,0.0
2026-03-17 22:48:10,1,100000,0.2117,0.0105,0.000,0.0
2026-03-17 22:48:16,1,100000,0.2123,0.0104,0.000,0.0
2026-03-17 22:48:22,1,100000,0.2055,0.0105,0.000,0.0
2026-03-17 22:48:28,1,100000,0.2004,0.0104,0.000,0.0
2026-03-17 22:48:34,1,100000,0.1991,0.0101,0.000,0.0
2026-03-17 22:48:40,1,100000,0.2003,0.0105,0.000,0.0
2026-03-17 22:48:46,1,100000,0.2087,0.0106,0.000,0.0
2026-03-17 22:48:53,1,100000,0.2056,0.0106,0.000,0.0
2026-03-17 22:48:59,1,100000,0.1961,0.0104,0.000,0.0
2026-03-17 22:49:05,1,100000,0.2013,0.0104,0.000,0.0
2026-03-17 22:49:11,1,100000,0.2013,0.0105,0.000,0.0
2026-03-17 22:49:17,1,100000,0.1978,0.0107,0.000,0.0
2026-03-17 22:49:24,1,100000,0.1996,0.0107,0.000,0.0
2026-03-17 22:49:30,1,100000,0.2039,0.0108,0.000,0.0
2026-03-17 22:49:36,1,100000,0.1935,0.0103,0.000,0.0
2026-03-17 22:49:42,1,100000,0.1955,0.0106,0.000,0.0
2026-03-17 22:49:49,1,100000,0.2033,0.0109,0.000,0.0
2026-03-17 22:49:55,1,100000,0.1962,0.0108,0.000,0.0
2026-03-17 22:50:02,1,100000,0.1844,0.0105,0.000,0.0
2026-03-17 22:50:08,1,100000,0.2043,0.0107,0.000,0.0
2026-03-17 22:50:15,1,100000,0.2008,0.0108,0.000,0.0
2026-03-17 22:50:21,1,100000,0.2004,0.0107,0.000,0.0
2026-03-17 22:50:28,1,100000,0.2037,0.0107,0.000,0.0
2026-03-17 22:50:35,1,100000,0.1953,0.0108,0.000,0.0
2026-03-17 22:50:41,1,100000,0.1957,0.0104,0.000,0.0
2026-03-17 22:50:48,1,100000,0.1989,0.0104,0.000,0.0
2026-03-17 22:50:54,1,100000,0.1934,0.0105,0.000,0.0
2026-03-17 22:51:01,1,100000,0.1884,0.0104,0.000,0.0
2026-03-17 22:51:07,1,100000,0.1991,0.0105,0.000,0.0
2026-03-17 22:51:14,1,100000,0.1883,0.0107,0.000,0.0
2026-03-17 22:51:20,1,100000,0.1923,0.0106,0.000,0.0
2026-03-17 22:51:26,1,100000,0.2001,0.0106,0.000,0.0
2026-03-17 22:53:01,1,100000,0.1980,0.0108,0.480,-11.0
2026-03-17 22:53:09,1,100000,0.2375,0.0109,0.000,0.0
2026-03-17 22:53:15,1,100000,0.2304,0.0108,0.000,0.0
2026-03-17 22:53:21,1,100000,0.2121,0.0107,0.000,0.0
2026-03-17 22:53:28,1,100000,0.2161,0.0111,0.000,0.0
2026-03-17 22:53:34,1,100000,0.2055,0.0107,0.000,0.0
2026-03-17 22:53:40,1,100000,0.2062,0.0110,0.000,0.0
2026-03-17 22:53:47,1,100000,0.2103,0.0109,0.000,0.0
2026-03-17 22:53:53,1,100000,0.1959,0.0106,0.000,0.0
2026-03-17 22:54:00,1,100000,0.2006,0.0107,0.000,0.0
2026-03-17 22:54:07,1,100000,0.1952,0.0107,0.000,0.0
2026-03-17 22:54:13,1,100000,0.1961,0.0107,0.000,0.0
2026-03-17 22:54:20,1,100000,0.2002,0.0106,0.000,0.0
2026-03-17 22:54:27,1,100000,0.2189,0.0110,0.000,0.0
2026-03-17 22:54:33,1,100000,0.2028,0.0109,0.000,0.0
2026-03-17 22:54:40,1,100000,0.1875,0.0108,0.000,0.0
2026-03-17 22:54:47,1,100000,0.1951,0.0110,0.000,0.0
2026-03-17 22:54:53,1,100000,0.2000,0.0109,0.000,0.0
2026-03-17 22:55:00,1,100000,0.1975,0.0107,0.000,0.0
2026-03-17 22:55:06,1,100000,0.1927,0.0109,0.000,0.0
2026-03-17 22:55:13,1,100000,0.1948,0.0105,0.000,0.0
2026-03-17 22:55:19,1,100000,0.1883,0.0108,0.000,0.0
2026-03-17 22:55:25,1,100000,0.1957,0.0110,0.000,0.0
2026-03-17 22:55:32,1,100000,0.1880,0.0110,0.000,0.0
2026-03-17 22:55:38,1,100000,0.1911,0.0107,0.000,0.0
2026-03-17 22:55:45,1,100000,0.1976,0.0107,0.000,0.0
2026-03-17 22:55:52,1,100000,0.1972,0.0109,0.000,0.0
2026-03-17 22:55:58,1,100000,0.1850,0.0107,0.000,0.0
2026-03-17 22:56:05,1,100000,0.1849,0.0103,0.000,0.0
2026-03-17 22:56:11,1,100000,0.1861,0.0104,0.000,0.0
2026-03-17 22:56:17,1,100000,0.1906,0.0105,0.000,0.0
2026-03-17 22:56:23,1,100000,0.1861,0.0103,0.000,0.0
2026-03-17 22:56:29,1,100000,0.1908,0.0104,0.000,0.0
2026-03-17 22:56:36,1,100000,0.1818,0.0107,0.000,0.0
2026-03-17 22:56:42,1,100000,0.1966,0.0105,0.000,0.0
2026-03-17 22:56:50,1,100000,0.1856,0.0104,0.000,0.0
2026-03-17 22:56:57,1,100000,0.1909,0.0103,0.000,0.0
2026-03-17 22:57:04,1,100000,0.1919,0.0108,0.000,0.0
2026-03-17 22:57:10,1,100000,0.1921,0.0105,0.000,0.0
2026-03-17 22:57:17,1,100000,0.1893,0.0110,0.000,0.0
2026-03-17 22:57:23,1,100000,0.1749,0.0104,0.000,0.0
2026-03-17 22:57:30,1,100000,0.1783,0.0103,0.000,0.0
2026-03-17 22:57:36,1,100000,0.1746,0.0106,0.000,0.0
2026-03-17 22:57:42,1,100000,0.1719,0.0104,0.000,0.0
2026-03-17 22:57:48,1,100000,0.1751,0.0103,0.000,0.0
2026-03-17 22:57:54,1,100000,0.1739,0.0104,0.000,0.0
2026-03-17 22:58:01,1,100000,0.1770,0.0103,0.000,0.0
2026-03-17 22:58:07,1,100000,0.1770,0.0104,0.000,0.0
2026-03-17 22:58:14,1,100000,0.1832,0.0105,0.000,0.0
2026-03-17 22:59:47,1,100000,0.1817,0.0108,0.360,-25.9
2026-03-17 22:59:55,1,100000,0.2097,0.0110,0.000,0.0
2026-03-17 23:00:02,1,100000,0.2084,0.0109,0.000,0.0
2026-03-17 23:00:08,1,100000,0.1981,0.0109,0.000,0.0
2026-03-17 23:00:15,1,100000,0.1941,0.0106,0.000,0.0
2026-03-17 23:00:22,1,100000,0.1870,0.0106,0.000,0.0
2026-03-17 23:00:28,1,100000,0.1890,0.0107,0.000,0.0
2026-03-17 23:00:35,1,100000,0.1895,0.0108,0.000,0.0
2026-03-17 23:00:42,1,100000,0.1901,0.0106,0.000,0.0
2026-03-17 23:00:49,1,100000,0.1895,0.0109,0.000,0.0
2026-03-17 23:00:55,1,100000,0.1914,0.0108,0.000,0.0
2026-03-17 23:01:02,1,100000,0.1913,0.0108,0.000,0.0
2026-03-17 23:01:09,1,100000,0.1879,0.0106,0.000,0.0
2026-03-17 23:01:16,1,100000,0.1928,0.0109,0.000,0.0
2026-03-17 23:01:23,1,100000,0.1868,0.0103,0.000,0.0
2026-03-17 23:01:29,1,100000,0.1824,0.0107,0.000,0.0
2026-03-17 23:01:36,1,100000,0.1890,0.0102,0.000,0.0
2026-03-17 23:01:43,1,100000,0.1947,0.0109,0.000,0.0
2026-03-17 23:01:50,1,100000,0.1880,0.0105,0.000,0.0
2026-03-17 23:01:57,1,100000,0.1798,0.0107,0.000,0.0
2026-03-17 23:02:03,1,100000,0.1890,0.0106,0.000,0.0
2026-03-17 23:02:10,1,100000,0.1804,0.0101,0.000,0.0
2026-03-17 23:02:16,1,100000,0.1794,0.0104,0.000,0.0
2026-03-17 23:02:22,1,100000,0.1805,0.0109,0.000,0.0
2026-03-17 23:02:29,1,100000,0.1775,0.0101,0.000,0.0
2026-03-17 23:02:35,1,100000,0.1886,0.0104,0.000,0.0
2026-03-17 23:02:42,1,100000,0.1657,0.0104,0.000,0.0
2026-03-17 23:02:48,1,100000,0.1754,0.0107,0.000,0.0
2026-03-17 23:02:55,1,100000,0.1811,0.0105,0.000,0.0
2026-03-17 23:03:01,1,100000,0.1746,0.0103,0.000,0.0
2026-03-17 23:03:09,1,100000,0.1863,0.0109,0.000,0.0
2026-03-17 23:03:15,1,100000,0.1711,0.0101,0.000,0.0
2026-03-17 23:03:22,1,100000,0.1778,0.0104,0.000,0.0
2026-03-17 23:03:28,1,100000,0.1784,0.0106,0.000,0.0
2026-03-17 23:03:34,1,100000,0.1682,0.0104,0.000,0.0
2026-03-17 23:03:40,1,100000,0.1766,0.0108,0.000,0.0
2026-03-17 23:03:47,1,100000,0.1731,0.0105,0.000,0.0
2026-03-17 23:03:53,1,100000,0.1779,0.0108,0.000,0.0
2026-03-17 23:03:59,1,100000,0.1669,0.0105,0.000,0.0
2026-03-17 23:04:06,1,100000,0.1700,0.0108,0.000,0.0
2026-03-17 23:04:12,1,100000,0.1654,0.0107,0.000,0.0
2026-03-17 23:04:18,1,100000,0.1662,0.0105,0.000,0.0
2026-03-17 23:04:24,1,100000,0.1625,0.0103,0.000,0.0
2026-03-17 23:04:30,1,100000,0.1608,0.0106,0.000,0.0
2026-03-17 23:04:36,1,100000,0.1674,0.0107,0.000,0.0
2026-03-17 23:04:43,1,100000,0.1621,0.0107,0.000,0.0
2026-03-17 23:04:49,1,100000,0.1575,0.0107,0.000,0.0
2026-03-17 23:04:56,1,100000,0.1580,0.0105,0.000,0.0
2026-03-17 23:05:02,1,100000,0.1632,0.0103,0.000,0.0
2026-03-17 23:05:09,1,100000,0.1598,0.0101,0.000,0.0
2026-03-17 23:06:42,1,100000,0.1725,0.0104,0.420,-23.8
2026-03-17 23:06:50,1,100000,0.2040,0.0106,0.000,0.0
2026-03-17 23:06:56,1,100000,0.1929,0.0107,0.000,0.0
2026-03-17 23:07:03,1,100000,0.1944,0.0106,0.000,0.0
2026-03-17 23:07:09,1,100000,0.1886,0.0105,0.000,0.0
2026-03-17 23:07:16,1,100000,0.1874,0.0109,0.000,0.0
2026-03-17 23:07:22,1,100000,0.1906,0.0106,0.000,0.0
2026-03-17 23:07:29,1,100000,0.1814,0.0106,0.000,0.0
2026-03-17 23:07:35,1,100000,0.1763,0.0106,0.000,0.0
2026-03-17 23:07:42,1,100000,0.1730,0.0108,0.000,0.0
2026-03-17 23:07:48,1,100000,0.1816,0.0106,0.000,0.0
2026-03-17 23:07:55,1,100000,0.1803,0.0101,0.000,0.0
2026-03-17 23:08:01,1,100000,0.1822,0.0108,0.000,0.0
2026-03-17 23:08:07,1,100000,0.1760,0.0106,0.000,0.0
2026-03-17 23:08:13,1,100000,0.1768,0.0105,0.000,0.0
2026-03-17 23:08:19,1,100000,0.1788,0.0111,0.000,0.0
2026-03-17 23:08:26,1,100000,0.1724,0.0104,0.000,0.0
2026-03-17 23:08:32,1,100000,0.1684,0.0109,0.000,0.0
2026-03-17 23:08:38,1,100000,0.1732,0.0107,0.000,0.0
2026-03-17 23:08:44,1,100000,0.1609,0.0105,0.000,0.0
2026-03-17 23:08:50,1,100000,0.1711,0.0106,0.000,0.0
2026-03-17 23:08:56,1,100000,0.1674,0.0108,0.000,0.0
2026-03-17 23:09:02,1,100000,0.1743,0.0108,0.000,0.0
2026-03-17 23:09:08,1,100000,0.1694,0.0106,0.000,0.0
2026-03-17 23:09:14,1,100000,0.1651,0.0107,0.000,0.0
2026-03-17 23:09:20,1,100000,0.1691,0.0106,0.000,0.0
2026-03-17 23:09:27,1,100000,0.1646,0.0107,0.000,0.0
2026-03-17 23:09:33,1,100000,0.1667,0.0106,0.000,0.0
2026-03-17 23:09:39,1,100000,0.1696,0.0108,0.000,0.0
2026-03-17 23:09:45,1,100000,0.1679,0.0109,0.000,0.0
2026-03-17 23:09:51,1,100000,0.1574,0.0105,0.000,0.0
2026-03-17 23:09:57,1,100000,0.1689,0.0106,0.000,0.0
2026-03-17 23:10:03,1,100000,0.1647,0.0104,0.000,0.0
2026-03-17 23:10:10,1,100000,0.1703,0.0105,0.000,0.0
2026-03-17 23:10:16,1,100000,0.1641,0.0109,0.000,0.0
2026-03-17 23:10:22,1,100000,0.1567,0.0107,0.000,0.0
2026-03-17 23:10:28,1,100000,0.1542,0.0105,0.000,0.0
2026-03-17 23:10:35,1,100000,0.1580,0.0109,0.000,0.0
2026-03-17 23:10:41,1,100000,0.1521,0.0108,0.000,0.0
2026-03-17 23:10:47,1,100000,0.1580,0.0105,0.000,0.0
2026-03-17 23:10:53,1,100000,0.1512,0.0106,0.000,0.0
2026-03-17 23:10:59,1,100000,0.1545,0.0106,0.000,0.0
2026-03-17 23:11:06,1,100000,0.1503,0.0108,0.000,0.0
2026-03-17 23:11:12,1,100000,0.1594,0.0105,0.000,0.0
2026-03-17 23:11:19,1,100000,0.1543,0.0108,0.000,0.0
2026-03-17 23:11:25,1,100000,0.1679,0.0104,0.000,0.0
2026-03-17 23:11:31,1,100000,0.1536,0.0107,0.000,0.0
2026-03-17 23:11:37,1,100000,0.1554,0.0108,0.000,0.0
2026-03-17 23:11:43,1,100000,0.1552,0.0105,0.000,0.0
2026-03-17 23:11:49,1,100000,0.1635,0.0109,0.000,0.0
2026-03-17 23:11:56,1,100000,0.1492,0.0105,0.000,0.0
2026-03-17 23:13:29,1,100000,0.1600,0.0109,0.260,-39.3
2026-03-17 23:13:36,1,100000,0.1971,0.0109,0.000,0.0
2026-03-17 23:13:43,1,100000,0.1858,0.0109,0.000,0.0
2026-03-17 23:13:49,1,100000,0.1780,0.0109,0.000,0.0
2026-03-17 23:13:55,1,100000,0.1790,0.0104,0.000,0.0
2026-03-17 23:14:02,1,100000,0.1862,0.0108,0.000,0.0
2026-03-17 23:14:08,1,100000,0.1774,0.0108,0.000,0.0
2026-03-17 23:14:15,1,100000,0.1767,0.0110,0.000,0.0
2026-03-17 23:14:21,1,100000,0.1776,0.0104,0.000,0.0
2026-03-17 23:14:27,1,100000,0.1736,0.0107,0.000,0.0
2026-03-17 23:14:34,1,100000,0.1810,0.0109,0.000,0.0
2026-03-17 23:14:40,1,100000,0.1634,0.0110,0.000,0.0
2026-03-17 23:14:46,1,100000,0.1792,0.0106,0.000,0.0
2026-03-17 23:14:53,1,100000,0.1649,0.0107,0.000,0.0
2026-03-17 23:14:59,1,100000,0.1625,0.0110,0.000,0.0
2026-03-17 23:15:05,1,100000,0.1780,0.0113,0.000,0.0
2026-03-17 23:15:12,1,100000,0.1694,0.0107,0.000,0.0
2026-03-17 23:15:18,1,100000,0.1805,0.0111,0.000,0.0
2026-03-17 23:15:24,1,100000,0.1721,0.0111,0.000,0.0
2026-03-17 23:15:31,1,100000,0.1538,0.0105,0.000,0.0
2026-03-17 23:15:37,1,100000,0.1651,0.0105,0.000,0.0
2026-03-17 23:15:43,1,100000,0.1613,0.0109,0.000,0.0
2026-03-17 23:15:49,1,100000,0.1685,0.0110,0.000,0.0
2026-03-17 23:15:55,1,100000,0.1729,0.0107,0.000,0.0
2026-03-17 23:16:02,1,100000,0.1623,0.0107,0.000,0.0
2026-03-17 23:16:08,1,100000,0.1700,0.0109,0.000,0.0
2026-03-17 23:16:15,1,100000,0.1615,0.0104,0.000,0.0
2026-03-17 23:16:21,1,100000,0.1659,0.0110,0.000,0.0
2026-03-17 23:16:27,1,100000,0.1621,0.0104,0.000,0.0
2026-03-17 23:16:34,1,100000,0.1635,0.0107,0.000,0.0
2026-03-17 23:16:40,1,100000,0.1659,0.0110,0.000,0.0
2026-03-17 23:16:47,1,100000,0.1644,0.0107,0.000,0.0
2026-03-17 23:16:53,1,100000,0.1558,0.0104,0.000,0.0
2026-03-17 23:16:59,1,100000,0.1679,0.0107,0.000,0.0
2026-03-17 23:17:05,1,100000,0.1683,0.0110,0.000,0.0
2026-03-17 23:17:12,1,100000,0.1600,0.0105,0.000,0.0
2026-03-17 23:17:18,1,100000,0.1564,0.0106,0.000,0.0
2026-03-17 23:17:24,1,100000,0.1561,0.0105,0.000,0.0
2026-03-17 23:17:30,1,100000,0.1648,0.0109,0.000,0.0
2026-03-17 23:17:37,1,100000,0.1584,0.0104,0.000,0.0
2026-03-17 23:17:43,1,100000,0.1492,0.0107,0.000,0.0
2026-03-17 23:17:50,1,100000,0.1592,0.0108,0.000,0.0
2026-03-17 23:17:56,1,100000,0.1614,0.0109,0.000,0.0
2026-03-17 23:18:02,1,100000,0.1505,0.0108,0.000,0.0
2026-03-17 23:18:09,1,100000,0.1578,0.0107,0.000,0.0
2026-03-17 23:18:15,1,100000,0.1589,0.0109,0.000,0.0
2026-03-17 23:18:21,1,100000,0.1536,0.0110,0.000,0.0
2026-03-17 23:18:27,1,100000,0.1468,0.0109,0.000,0.0
2026-03-17 23:18:34,1,100000,0.1546,0.0110,0.000,0.0
2026-03-17 23:18:40,1,100000,0.1429,0.0107,0.000,0.0
2026-03-17 23:20:21,1,100000,0.1606,0.0108,0.240,-36.1
2026-03-17 23:20:28,1,100000,0.1844,0.0110,0.000,0.0
2026-03-17 23:20:34,1,100000,0.1774,0.0109,0.000,0.0
2026-03-17 23:20:40,1,100000,0.1773,0.0112,0.000,0.0
2026-03-17 23:20:46,1,100000,0.1763,0.0108,0.000,0.0
2026-03-17 23:20:52,1,100000,0.1602,0.0108,0.000,0.0
2026-03-17 23:20:58,1,100000,0.1666,0.0110,0.000,0.0
2026-03-17 23:21:04,1,100000,0.1728,0.0111,0.000,0.0
2026-03-17 23:21:10,1,100000,0.1631,0.0114,0.000,0.0
2026-03-17 23:21:16,1,100000,0.1611,0.0110,0.000,0.0
2026-03-17 23:21:22,1,100000,0.1548,0.0112,0.000,0.0
2026-03-17 23:21:28,1,100000,0.1610,0.0106,0.000,0.0
2026-03-17 23:21:34,1,100000,0.1572,0.0112,0.000,0.0
2026-03-17 23:21:40,1,100000,0.1610,0.0111,0.000,0.0
2026-03-17 23:21:46,1,100000,0.1568,0.0105,0.000,0.0
2026-03-17 23:21:53,1,100000,0.1557,0.0110,0.000,0.0
2026-03-17 23:21:59,1,100000,0.1591,0.0112,0.000,0.0
2026-03-17 23:22:05,1,100000,0.1546,0.0112,0.000,0.0
2026-03-17 23:22:11,1,100000,0.1555,0.0109,0.000,0.0
2026-03-17 23:22:17,1,100000,0.1618,0.0109,0.000,0.0
2026-03-17 23:22:23,1,100000,0.1570,0.0112,0.000,0.0
2026-03-17 23:22:29,1,100000,0.1501,0.0109,0.000,0.0
2026-03-17 23:22:35,1,100000,0.1519,0.0106,0.000,0.0
2026-03-17 23:22:41,1,100000,0.1455,0.0105,0.000,0.0
2026-03-17 23:22:47,1,100000,0.1510,0.0109,0.000,0.0
2026-03-17 23:22:54,1,100000,0.1454,0.0106,0.000,0.0
2026-03-17 23:23:00,1,100000,0.1501,0.0106,0.000,0.0
2026-03-17 23:23:06,1,100000,0.1452,0.0108,0.000,0.0
2026-03-17 23:23:12,1,100000,0.1410,0.0106,0.000,0.0
2026-03-17 23:23:18,1,100000,0.1391,0.0107,0.000,0.0
2026-03-17 23:23:24,1,100000,0.1437,0.0109,0.000,0.0
2026-03-17 23:23:30,1,100000,0.1474,0.0108,0.000,0.0
2026-03-17 23:23:36,1,100000,0.1579,0.0108,0.000,0.0
2026-03-17 23:23:43,1,100000,0.1447,0.0110,0.000,0.0
2026-03-17 23:23:48,1,100000,0.1415,0.0108,0.000,0.0
2026-03-17 23:23:55,1,100000,0.1490,0.0105,0.000,0.0
2026-03-17 23:24:01,1,100000,0.1501,0.0113,0.000,0.0
2026-03-17 23:24:08,1,100000,0.1402,0.0109,0.000,0.0
2026-03-17 23:24:14,1,100000,0.1504,0.0109,0.000,0.0
2026-03-17 23:24:20,1,100000,0.1528,0.0111,0.000,0.0
2026-03-17 23:24:26,1,100000,0.1444,0.0109,0.000,0.0
2026-03-17 23:24:32,1,100000,0.1474,0.0109,0.000,0.0
2026-03-17 23:24:39,1,100000,0.1431,0.0106,0.000,0.0
2026-03-17 23:24:45,1,100000,0.1369,0.0107,0.000,0.0
2026-03-17 23:24:51,1,100000,0.1447,0.0105,0.000,0.0
2026-03-17 23:24:57,1,100000,0.1420,0.0106,0.000,0.0
2026-03-17 23:25:03,1,100000,0.1345,0.0107,0.000,0.0
2026-03-17 23:25:09,1,100000,0.1446,0.0110,0.000,0.0
2026-03-17 23:25:15,1,100000,0.1435,0.0110,0.000,0.0
2026-03-17 23:25:21,1,100000,0.1419,0.0109,0.000,0.0
2026-03-17 23:25:27,1,100000,0.1344,0.0106,0.000,0.0
2026-03-17 23:25:33,1,100000,0.1401,0.0110,0.000,0.0
2026-03-17 23:27:06,1,100000,0.1366,0.0108,0.340,-53.5
2026-03-17 23:27:13,1,100000,0.1694,0.0110,0.000,0.0
2026-03-17 23:27:19,1,100000,0.1736,0.0114,0.000,0.0
2026-03-17 23:27:25,1,100000,0.1723,0.0112,0.000,0.0
2026-03-17 23:27:31,1,100000,0.1693,0.0111,0.000,0.0
2026-03-17 23:27:37,1,100000,0.1646,0.0112,0.000,0.0
2026-03-17 23:27:43,1,100000,0.1701,0.0111,0.000,0.0
2026-03-17 23:27:49,1,100000,0.1595,0.0113,0.000,0.0
2026-03-17 23:27:56,1,100000,0.1617,0.0110,0.000,0.0
2026-03-17 23:28:02,1,100000,0.1515,0.0109,0.000,0.0
2026-03-17 23:28:08,1,100000,0.1585,0.0114,0.000,0.0
2026-03-17 23:28:14,1,100000,0.1544,0.0112,0.000,0.0
2026-03-17 23:28:20,1,100000,0.1464,0.0108,0.000,0.0
2026-03-17 23:28:26,1,100000,0.1554,0.0112,0.000,0.0
2026-03-17 23:28:33,1,100000,0.1625,0.0114,0.000,0.0
2026-03-17 23:28:39,1,100000,0.1523,0.0110,0.000,0.0
2026-03-17 23:28:45,1,100000,0.1400,0.0108,0.000,0.0
2026-03-17 23:28:52,1,100000,0.1446,0.0112,0.000,0.0
2026-03-17 23:28:58,1,100000,0.1428,0.0107,0.000,0.0
2026-03-17 23:29:05,1,100000,0.1446,0.0108,0.000,0.0
2026-03-17 23:29:11,1,100000,0.1446,0.0108,0.000,0.0
2026-03-17 23:29:17,1,100000,0.1372,0.0108,0.000,0.0
2026-03-17 23:29:24,1,100000,0.1397,0.0108,0.000,0.0
2026-03-17 23:29:30,1,100000,0.1413,0.0108,0.000,0.0
2026-03-17 23:29:36,1,100000,0.1471,0.0111,0.000,0.0
2026-03-17 23:29:42,1,100000,0.1382,0.0111,0.000,0.0
2026-03-17 23:29:48,1,100000,0.1341,0.0108,0.000,0.0
2026-03-17 23:29:55,1,100000,0.1513,0.0108,0.000,0.0
2026-03-17 23:30:01,1,100000,0.1403,0.0109,0.000,0.0
2026-03-17 23:30:07,1,100000,0.1458,0.0113,0.000,0.0
2026-03-17 23:30:14,1,100000,0.1425,0.0109,0.000,0.0
2026-03-17 23:30:20,1,100000,0.1384,0.0110,0.000,0.0
2026-03-17 23:30:27,1,100000,0.1386,0.0110,0.000,0.0
2026-03-17 23:30:33,1,100000,0.1412,0.0111,0.000,0.0
2026-03-17 23:30:40,1,100000,0.1417,0.0108,0.000,0.0
2026-03-17 23:30:46,1,100000,0.1424,0.0111,0.000,0.0
2026-03-17 23:30:52,1,100000,0.1344,0.0111,0.000,0.0
2026-03-17 23:30:59,1,100000,0.1471,0.0111,0.000,0.0
2026-03-17 23:31:05,1,100000,0.1336,0.0108,0.000,0.0
2026-03-17 23:31:12,1,100000,0.1339,0.0107,0.000,0.0
2026-03-17 23:31:18,1,100000,0.1470,0.0111,0.000,0.0
2026-03-17 23:31:24,1,100000,0.1418,0.0110,0.000,0.0
2026-03-17 23:31:29,1,100000,0.1388,0.0110,0.000,0.0
2026-03-17 23:31:35,1,100000,0.1332,0.0109,0.000,0.0
2026-03-17 23:31:42,1,100000,0.1321,0.0110,0.000,0.0
2026-03-17 23:31:48,1,100000,0.1314,0.0112,0.000,0.0
2026-03-17 23:31:55,1,100000,0.1256,0.0109,0.000,0.0
2026-03-17 23:32:01,1,100000,0.1349,0.0106,0.000,0.0
2026-03-17 23:32:07,1,100000,0.1238,0.0109,0.000,0.0
2026-03-17 23:32:13,1,100000,0.1406,0.0112,0.000,0.0
2026-03-17 23:32:20,1,100000,0.1333,0.0111,0.000,0.0
2026-03-17 23:33:58,1,100000,0.1337,0.0111,0.200,-50.8
2026-03-17 23:34:05,1,100000,0.1949,0.0115,0.000,0.0
2026-03-17 23:34:11,1,100000,0.1751,0.0112,0.000,0.0
2026-03-17 23:34:17,1,100000,0.1730,0.0115,0.000,0.0
2026-03-17 23:34:23,1,100000,0.1682,0.0115,0.000,0.0
2026-03-17 23:34:29,1,100000,0.1656,0.0110,0.000,0.0
2026-03-17 23:34:35,1,100000,0.1595,0.0110,0.000,0.0
2026-03-17 23:34:41,1,100000,0.1521,0.0109,0.000,0.0
2026-03-17 23:34:47,1,100000,0.1529,0.0111,0.000,0.0
2026-03-17 23:34:53,1,100000,0.1573,0.0114,0.000,0.0
2026-03-17 23:34:59,1,100000,0.1542,0.0113,0.000,0.0
2026-03-17 23:35:05,1,100000,0.1566,0.0112,0.000,0.0
2026-03-17 23:35:11,1,100000,0.1474,0.0108,0.000,0.0
2026-03-17 23:35:17,1,100000,0.1530,0.0109,0.000,0.0
2026-03-17 23:35:23,1,100000,0.1506,0.0111,0.000,0.0
2026-03-17 23:35:30,1,100000,0.1470,0.0110,0.000,0.0
2026-03-17 23:35:36,1,100000,0.1443,0.0107,0.000,0.0
2026-03-17 23:35:42,1,100000,0.1565,0.0113,0.000,0.0
2026-03-17 23:35:49,1,100000,0.1632,0.0110,0.000,0.0
2026-03-17 23:35:55,1,100000,0.1576,0.0115,0.000,0.0
2026-03-17 23:36:02,1,100000,0.1491,0.0113,0.000,0.0
2026-03-17 23:36:08,1,100000,0.1560,0.0113,0.000,0.0
2026-03-17 23:36:14,1,100000,0.1499,0.0111,0.000,0.0
2026-03-17 23:36:21,1,100000,0.1496,0.0110,0.000,0.0
2026-03-17 23:36:27,1,100000,0.1383,0.0112,0.000,0.0
2026-03-17 23:36:33,1,100000,0.1445,0.0110,0.000,0.0
2026-03-17 23:36:39,1,100000,0.1471,0.0116,0.000,0.0
2026-03-17 23:36:46,1,100000,0.1374,0.0109,0.000,0.0
2026-03-17 23:36:52,1,100000,0.1354,0.0111,0.000,0.0
2026-03-17 23:36:58,1,100000,0.1516,0.0112,0.000,0.0
2026-03-17 23:37:05,1,100000,0.1469,0.0111,0.000,0.0
2026-03-17 23:37:12,1,100000,0.1420,0.0112,0.000,0.0
2026-03-17 23:37:18,1,100000,0.1423,0.0108,0.000,0.0
2026-03-17 23:37:24,1,100000,0.1368,0.0108,0.000,0.0
2026-03-17 23:37:30,1,100000,0.1359,0.0107,0.000,0.0
2026-03-17 23:37:37,1,100000,0.1327,0.0107,0.000,0.0
2026-03-17 23:37:43,1,100000,0.1484,0.0111,0.000,0.0
2026-03-17 23:37:49,1,100000,0.1328,0.0109,0.000,0.0
2026-03-17 23:37:55,1,100000,0.1383,0.0110,0.000,0.0
2026-03-17 23:38:02,1,100000,0.1427,0.0107,0.000,0.0
2026-03-17 23:38:08,1,100000,0.1327,0.0111,0.000,0.0
2026-03-17 23:38:15,1,100000,0.1387,0.0109,0.000,0.0
2026-03-17 23:38:22,1,100000,0.1348,0.0106,0.000,0.0
2026-03-17 23:38:28,1,100000,0.1335,0.0109,0.000,0.0
2026-03-17 23:38:34,1,100000,0.1376,0.0112,0.000,0.0
2026-03-17 23:38:41,1,100000,0.1372,0.0110,0.000,0.0
2026-03-17 23:38:47,1,100000,0.1344,0.0111,0.000,0.0
2026-03-17 23:38:54,1,100000,0.1308,0.0111,0.000,0.0
2026-03-17 23:39:00,1,100000,0.1260,0.0108,0.000,0.0
2026-03-17 23:39:06,1,100000,0.1264,0.0108,0.000,0.0
2026-03-17 23:40:38,1,100000,0.1395,0.0113,0.360,-30.3
2026-03-17 23:40:45,1,100000,0.1703,0.0115,0.000,0.0
2026-03-17 23:40:51,1,100000,0.1665,0.0111,0.000,0.0
2026-03-17 23:40:57,1,100000,0.1573,0.0111,0.000,0.0
2026-03-17 23:41:03,1,100000,0.1582,0.0114,0.000,0.0
2026-03-17 23:41:09,1,100000,0.1550,0.0109,0.000,0.0
2026-03-17 23:41:15,1,100000,0.1537,0.0113,0.000,0.0
2026-03-17 23:41:22,1,100000,0.1547,0.0112,0.000,0.0
2026-03-17 23:41:28,1,100000,0.1498,0.0113,0.000,0.0
2026-03-17 23:41:34,1,100000,0.1465,0.0111,0.000,0.0
2026-03-17 23:41:40,1,100000,0.1507,0.0110,0.000,0.0
2026-03-17 23:41:46,1,100000,0.1358,0.0109,0.000,0.0
2026-03-17 23:41:52,1,100000,0.1418,0.0110,0.000,0.0
2026-03-17 23:41:58,1,100000,0.1484,0.0110,0.000,0.0
2026-03-17 23:42:04,1,100000,0.1499,0.0110,0.000,0.0
2026-03-17 23:42:10,1,100000,0.1450,0.0110,0.000,0.0
2026-03-17 23:42:16,1,100000,0.1403,0.0114,0.000,0.0
2026-03-17 23:42:23,1,100000,0.1388,0.0111,0.000,0.0
2026-03-17 23:42:29,1,100000,0.1385,0.0112,0.000,0.0
2026-03-17 23:42:35,1,100000,0.1449,0.0111,0.000,0.0
2026-03-17 23:42:41,1,100000,0.1433,0.0113,0.000,0.0
2026-03-17 23:42:47,1,100000,0.1412,0.0113,0.000,0.0
2026-03-17 23:42:53,1,100000,0.1349,0.0112,0.000,0.0
2026-03-17 23:42:59,1,100000,0.1310,0.0112,0.000,0.0
2026-03-17 23:43:05,1,100000,0.1367,0.0110,0.000,0.0
2026-03-17 23:43:11,1,100000,0.1306,0.0115,0.000,0.0
2026-03-17 23:43:17,1,100000,0.1335,0.0112,0.000,0.0
2026-03-17 23:43:23,1,100000,0.1276,0.0112,0.000,0.0
2026-03-17 23:43:29,1,100000,0.1275,0.0109,0.000,0.0
2026-03-17 23:43:35,1,100000,0.1342,0.0112,0.000,0.0
2026-03-17 23:43:41,1,100000,0.1330,0.0109,0.000,0.0
2026-03-17 23:43:47,1,100000,0.1336,0.0111,0.000,0.0
2026-03-17 23:43:53,1,100000,0.1323,0.0111,0.000,0.0
2026-03-17 23:43:59,1,100000,0.1249,0.0111,0.000,0.0
2026-03-17 23:44:05,1,100000,0.1235,0.0110,0.000,0.0
2026-03-17 23:44:11,1,100000,0.1342,0.0109,0.000,0.0
2026-03-17 23:44:17,1,100000,0.1411,0.0115,0.000,0.0
2026-03-17 23:44:23,1,100000,0.1341,0.0109,0.000,0.0
2026-03-17 23:44:30,1,100000,0.1369,0.0109,0.000,0.0
2026-03-17 23:44:36,1,100000,0.1330,0.0113,0.000,0.0
2026-03-17 23:44:42,1,100000,0.1367,0.0109,0.000,0.0
2026-03-17 23:44:48,1,100000,0.1277,0.0112,0.000,0.0
2026-03-17 23:44:54,1,100000,0.1268,0.0110,0.000,0.0
2026-03-17 23:45:00,1,100000,0.1211,0.0109,0.000,0.0
2026-03-17 23:45:07,1,100000,0.1333,0.0113,0.000,0.0
2026-03-17 23:45:13,1,100000,0.1312,0.0110,0.000,0.0
2026-03-17 23:45:18,1,100000,0.1259,0.0112,0.000,0.0
2026-03-17 23:45:24,1,100000,0.1212,0.0111,0.000,0.0
2026-03-17 23:45:30,1,100000,0.1306,0.0111,0.000,0.0
2026-03-17 23:45:36,1,100000,0.1312,0.0111,0.000,0.0
2026-03-17 23:45:42,1,100000,0.1289,0.0107,0.000,0.0
2026-03-17 23:45:49,1,100000,0.1297,0.0111,0.000,0.0
2026-03-17 23:45:55,1,100000,0.1156,0.0107,0.000,0.0
2026-03-17 23:46:01,1,100000,0.1175,0.0106,0.000,0.0
2026-03-17 23:46:08,1,100000,0.1277,0.0107,0.000,0.0
2026-03-17 23:46:14,1,100000,0.1346,0.0113,0.000,0.0
2026-03-17 23:46:20,1,100000,0.1261,0.0109,0.000,0.0
2026-03-17 23:46:26,1,100000,0.1331,0.0108,0.000,0.0
2026-03-17 23:47:59,1,100000,0.1364,0.0112,0.300,-48.7
2026-03-17 23:48:07,1,100000,0.1697,0.0112,0.000,0.0
2026-03-17 23:48:13,1,100000,0.1603,0.0111,0.000,0.0
2026-03-17 23:48:19,1,100000,0.1620,0.0108,0.000,0.0
2026-03-17 23:48:25,1,100000,0.1619,0.0112,0.000,0.0
2026-03-17 23:48:31,1,100000,0.1473,0.0113,0.000,0.0
2026-03-17 23:48:37,1,100000,0.1498,0.0111,0.000,0.0
2026-03-17 23:48:44,1,100000,0.1498,0.0109,0.000,0.0
2026-03-17 23:48:50,1,100000,0.1533,0.0113,0.000,0.0
2026-03-17 23:48:56,1,100000,0.1473,0.0108,0.000,0.0
2026-03-17 23:49:02,1,100000,0.1366,0.0110,0.000,0.0
2026-03-17 23:49:08,1,100000,0.1439,0.0108,0.000,0.0
2026-03-17 23:49:14,1,100000,0.1397,0.0110,0.000,0.0
2026-03-17 23:49:20,1,100000,0.1293,0.0109,0.000,0.0
2026-03-17 23:49:25,1,100000,0.1371,0.0113,0.000,0.0
2026-03-17 23:49:31,1,100000,0.1405,0.0110,0.000,0.0
2026-03-17 23:49:37,1,100000,0.1428,0.0111,0.000,0.0
2026-03-17 23:49:43,1,100000,0.1354,0.0110,0.000,0.0
2026-03-17 23:49:49,1,100000,0.1290,0.0109,0.000,0.0
2026-03-17 23:49:55,1,100000,0.1313,0.0114,0.000,0.0
2026-03-17 23:50:01,1,100000,0.1439,0.0114,0.000,0.0
2026-03-17 23:50:07,1,100000,0.1322,0.0112,0.000,0.0
2026-03-17 23:50:13,1,100000,0.1512,0.0115,0.000,0.0
2026-03-17 23:50:19,1,100000,0.1432,0.0111,0.000,0.0
2026-03-17 23:50:26,1,100000,0.1268,0.0110,0.000,0.0
2026-03-17 23:50:32,1,100000,0.1241,0.0108,0.000,0.0
2026-03-17 23:50:38,1,100000,0.1346,0.0109,0.000,0.0
2026-03-17 23:50:44,1,100000,0.1299,0.0112,0.000,0.0
2026-03-17 23:50:51,1,100000,0.1258,0.0108,0.000,0.0
2026-03-17 23:50:57,1,100000,0.1217,0.0109,0.000,0.0
2026-03-17 23:51:03,1,100000,0.1238,0.0111,0.000,0.0
2026-03-17 23:51:09,1,100000,0.1358,0.0108,0.000,0.0
2026-03-17 23:51:15,1,100000,0.1257,0.0107,0.000,0.0
2026-03-17 23:51:21,1,100000,0.1203,0.0108,0.000,0.0
2026-03-17 23:51:27,1,100000,0.1192,0.0105,0.000,0.0
2026-03-17 23:51:33,1,100000,0.1233,0.0107,0.000,0.0
2026-03-17 23:51:39,1,100000,0.1149,0.0103,0.000,0.0
2026-03-17 23:51:45,1,100000,0.1189,0.0106,0.000,0.0
2026-03-17 23:51:51,1,100000,0.1201,0.0108,0.000,0.0
2026-03-17 23:51:57,1,100000,0.1178,0.0106,0.000,0.0
2026-03-17 23:52:03,1,100000,0.1174,0.0109,0.000,0.0
2026-03-17 23:52:09,1,100000,0.1166,0.0107,0.000,0.0
2026-03-17 23:52:14,1,100000,0.1169,0.0104,0.000,0.0
2026-03-17 23:52:20,1,100000,0.1298,0.0109,0.000,0.0
2026-03-17 23:52:26,1,100000,0.1174,0.0108,0.000,0.0
2026-03-17 23:52:32,1,100000,0.1311,0.0106,0.000,0.0
2026-03-17 23:52:38,1,100000,0.1211,0.0110,0.000,0.0
2026-03-17 23:52:44,1,100000,0.1163,0.0111,0.000,0.0
2026-03-17 23:52:50,1,100000,0.1182,0.0106,0.000,0.0
2026-03-17 23:52:56,1,100000,0.1100,0.0110,0.000,0.0
2026-03-17 23:53:02,1,100000,0.1222,0.0111,0.000,0.0
2026-03-17 23:53:08,1,100000,0.1180,0.0107,0.000,0.0
2026-03-17 23:53:14,1,100000,0.1173,0.0108,0.000,0.0
2026-03-17 23:53:20,1,100000,0.1171,0.0107,0.000,0.0
2026-03-17 23:53:26,1,100000,0.1185,0.0109,0.000,0.0
2026-03-17 23:53:32,1,100000,0.1222,0.0111,0.000,0.0
2026-03-17 23:53:38,1,100000,0.1185,0.0105,0.000,0.0
2026-03-17 23:53:45,1,100000,0.1130,0.0107,0.000,0.0
2026-03-17 23:53:50,1,100000,0.1157,0.0105,0.000,0.0
2026-03-17 23:53:56,1,100000,0.1222,0.0105,0.000,0.0
2026-03-17 23:54:03,1,100000,0.1233,0.0107,0.000,0.0
2026-03-17 23:54:09,1,100000,0.1281,0.0107,0.000,0.0
2026-03-17 23:54:15,1,100000,0.1228,0.0107,0.000,0.0
2026-03-17 23:55:41,1,100000,0.1266,0.0112,0.380,-10.7
2026-03-17 23:55:48,1,100000,0.1647,0.0110,0.000,0.0
2026-03-17 23:55:54,1,100000,0.1631,0.0109,0.000,0.0
2026-03-17 23:56:00,1,100000,0.1531,0.0106,0.000,0.0
2026-03-17 23:56:06,1,100000,0.1520,0.0111,0.000,0.0
2026-03-17 23:56:12,1,100000,0.1427,0.0109,0.000,0.0
2026-03-17 23:56:18,1,100000,0.1412,0.0110,0.000,0.0
2026-03-17 23:56:24,1,100000,0.1369,0.0107,0.000,0.0
2026-03-17 23:56:30,1,100000,0.1455,0.0111,0.000,0.0
2026-03-17 23:56:36,1,100000,0.1433,0.0110,0.000,0.0
2026-03-17 23:56:42,1,100000,0.1435,0.0113,0.000,0.0
2026-03-17 23:56:48,1,100000,0.1358,0.0109,0.000,0.0
2026-03-17 23:56:54,1,100000,0.1349,0.0105,0.000,0.0
2026-03-17 23:57:02,1,100000,0.1396,0.0110,0.000,0.0
2026-03-17 23:57:08,1,100000,0.1297,0.0107,0.000,0.0
2026-03-17 23:57:14,1,100000,0.1353,0.0109,0.000,0.0
2026-03-17 23:57:20,1,100000,0.1350,0.0107,0.000,0.0
2026-03-17 23:57:26,1,100000,0.1529,0.0108,0.000,0.0
2026-03-17 23:57:32,1,100000,0.1352,0.0110,0.000,0.0
2026-03-17 23:57:38,1,100000,0.1387,0.0107,0.000,0.0
2026-03-17 23:57:44,1,100000,0.1391,0.0109,0.000,0.0
2026-03-17 23:57:50,1,100000,0.1346,0.0108,0.000,0.0
2026-03-17 23:57:57,1,100000,0.1318,0.0109,0.000,0.0
2026-03-17 23:58:02,1,100000,0.1274,0.0108,0.000,0.0
2026-03-17 23:58:08,1,100000,0.1293,0.0105,0.000,0.0
2026-03-17 23:58:14,1,100000,0.1310,0.0103,0.000,0.0
2026-03-17 23:58:20,1,100000,0.1320,0.0105,0.000,0.0
2026-03-17 23:58:26,1,100000,0.1457,0.0113,0.000,0.0
2026-03-17 23:58:33,1,100000,0.1236,0.0107,0.000,0.0
2026-03-17 23:58:39,1,100000,0.1283,0.0102,0.000,0.0
2026-03-17 23:58:46,1,100000,0.1257,0.0108,0.000,0.0
2026-03-17 23:58:51,1,100000,0.1239,0.0107,0.000,0.0
2026-03-17 23:58:57,1,100000,0.1372,0.0108,0.000,0.0
2026-03-17 23:59:03,1,100000,0.1437,0.0105,0.000,0.0
2026-03-17 23:59:39,1,2097,0.2355,0.0125,0.000,0.0
2026-03-17 23:59:45,1,2598,0.0925,0.0107,0.000,0.0
2026-03-17 23:59:51,1,3042,0.0816,0.0100,0.000,0.0
2026-03-17 23:59:57,1,3503,0.0861,0.0102,0.000,0.0
2026-03-18 00:00:04,1,3950,0.0780,0.0103,0.000,0.0
2026-03-18 00:00:10,1,4417,0.0963,0.0106,0.000,0.0
2026-03-18 00:00:16,1,4840,0.0822,0.0094,0.000,0.0
2026-03-18 00:00:22,1,5335,0.0835,0.0100,0.000,0.0
2026-03-18 00:00:28,1,5784,0.0886,0.0098,0.000,0.0
2026-03-18 00:00:35,1,6214,0.0730,0.0096,0.000,0.0
2026-03-18 00:00:41,1,6735,0.0725,0.0098,0.000,0.0
2026-03-18 00:00:47,1,7231,0.0665,0.0093,0.000,0.0
2026-03-18 00:00:54,1,7724,0.0724,0.0090,0.000,0.0
2026-03-18 00:01:00,1,8169,0.0923,0.0093,0.000,0.0
2026-03-18 00:01:06,1,8614,0.0913,0.0090,0.000,0.0
2026-03-18 00:01:12,1,8992,0.0688,0.0090,0.000,0.0
2026-03-18 00:01:18,1,9359,0.0715,0.0092,0.000,0.0
2026-03-18 00:01:24,1,9701,0.0635,0.0088,0.000,0.0
2026-03-18 00:01:30,1,10069,0.0637,0.0086,0.000,0.0
2026-03-18 00:01:36,1,10398,0.0555,0.0086,0.000,0.0
2026-03-18 00:01:42,1,10698,0.0510,0.0086,0.000,0.0
2026-03-18 00:01:48,1,11021,0.0653,0.0087,0.000,0.0
2026-03-18 00:01:55,1,11378,0.0704,0.0086,0.000,0.0
2026-03-18 00:02:01,1,11726,0.0625,0.0084,0.000,0.0
2026-03-18 00:02:07,1,12105,0.0553,0.0089,0.000,0.0
2026-03-18 00:02:13,1,12507,0.0647,0.0086,0.000,0.0
2026-03-18 00:02:19,1,12917,0.0648,0.0083,0.000,0.0
2026-03-18 00:02:25,1,13235,0.0570,0.0088,0.000,0.0
2026-03-18 00:02:31,1,13605,0.0605,0.0087,0.000,0.0
2026-03-18 00:02:37,1,14017,0.0518,0.0083,0.000,0.0
2026-03-18 00:02:43,1,14355,0.0514,0.0086,0.000,0.0
2026-03-18 00:02:49,1,14596,0.0477,0.0085,0.000,0.0
2026-03-18 00:02:55,1,14735,0.0458,0.0084,0.000,0.0
2026-03-18 00:03:01,1,14868,0.0379,0.0084,0.000,0.0
2026-03-18 00:03:06,1,14992,0.0384,0.0083,0.000,0.0
2026-03-18 00:03:12,1,15114,0.0360,0.0085,0.000,0.0
2026-03-18 00:03:18,1,15243,0.0385,0.0084,0.000,0.0
2026-03-18 00:03:26,1,15450,0.0365,0.0086,0.000,0.0
2026-03-18 00:03:32,1,15723,0.0442,0.0087,0.000,0.0
2026-03-18 00:03:38,1,16037,0.0467,0.0086,0.000,0.0
2026-03-18 00:03:44,1,16411,0.0558,0.0085,0.000,0.0
2026-03-18 00:03:50,1,16919,0.0600,0.0086,0.000,0.0
2026-03-18 00:03:56,1,17332,0.0529,0.0088,0.000,0.0
2026-03-18 00:04:02,1,17795,0.0596,0.0092,0.000,0.0
2026-03-18 00:04:09,1,18258,0.0604,0.0091,0.000,0.0
2026-03-18 00:04:15,1,18691,0.0635,0.0090,0.000,0.0
2026-03-18 00:04:21,1,19212,0.0635,0.0091,0.000,0.0
2026-03-18 00:04:28,1,19687,0.0548,0.0092,0.000,0.0
2026-03-18 00:04:34,1,20158,0.0457,0.0091,0.000,0.0
2026-03-18 00:04:40,1,20563,0.0513,0.0090,0.000,0.0
2026-03-18 00:04:47,1,21050,0.0567,0.0089,0.000,0.0
2026-03-18 00:04:53,1,21546,0.0654,0.0093,0.000,0.0
2026-03-18 00:05:00,1,21973,0.0627,0.0091,0.000,0.0
2026-03-18 00:05:06,1,22410,0.0561,0.0092,0.000,0.0
2026-03-18 00:05:12,1,22828,0.0622,0.0093,0.000,0.0
2026-03-18 00:05:18,1,23296,0.0610,0.0093,0.000,0.0
2026-03-18 00:05:25,1,23686,0.0594,0.0095,0.000,0.0
2026-03-18 00:05:31,1,24137,0.0571,0.0090,0.000,0.0
2026-03-18 00:05:37,1,24591,0.0598,0.0093,0.000,0.0
2026-03-18 00:05:43,1,25117,0.0683,0.0094,0.000,0.0
2026-03-18 00:05:49,1,25517,0.0773,0.0094,0.000,0.0
2026-03-18 00:05:55,1,25947,0.0715,0.0095,0.000,0.0
2026-03-18 00:06:01,1,26405,0.0710,0.0096,0.000,0.0
2026-03-18 00:06:07,1,26879,0.0649,0.0090,0.000,0.0
2026-03-18 00:06:14,1,27361,0.0630,0.0094,0.000,0.0
2026-03-18 00:06:20,1,27773,0.0744,0.0094,0.000,0.0
2026-03-18 00:06:26,1,28215,0.0623,0.0094,0.000,0.0
2026-03-18 00:06:32,1,28635,0.0610,0.0094,0.000,0.0
2026-03-18 00:06:39,1,29117,0.0592,0.0097,0.000,0.0
2026-03-18 00:06:45,1,29586,0.0609,0.0095,0.000,0.0
2026-03-18 00:06:52,1,30083,0.0628,0.0095,0.000,0.0
2026-03-18 00:08:22,1,30542,0.0674,0.0096,0.320,-44.9
2026-03-18 00:08:29,1,37735,0.2052,0.0121,0.000,0.0
2026-03-18 00:08:35,1,38249,0.1461,0.0116,0.000,0.0
2026-03-18 00:08:42,1,38704,0.1361,0.0111,0.000,0.0
2026-03-18 00:08:48,1,39155,0.1106,0.0108,0.000,0.0
2026-03-18 00:08:54,1,39616,0.1054,0.0108,0.000,0.0
2026-03-18 00:09:01,1,40110,0.1080,0.0106,0.000,0.0
2026-03-18 00:09:07,1,40559,0.1010,0.0105,0.000,0.0
2026-03-18 00:09:13,1,41046,0.1058,0.0104,0.000,0.0
2026-03-18 00:09:19,1,41539,0.0962,0.0103,0.000,0.0
2026-03-18 00:09:26,1,41966,0.0922,0.0101,0.000,0.0
2026-03-18 00:09:32,1,42432,0.0899,0.0103,0.000,0.0
2026-03-18 00:09:39,1,42908,0.0916,0.0101,0.000,0.0
2026-03-18 00:09:45,1,43397,0.0933,0.0103,0.000,0.0
2026-03-18 00:09:52,1,43941,0.0881,0.0098,0.000,0.0
2026-03-18 00:09:59,1,44424,0.0861,0.0099,0.000,0.0
2026-03-18 00:10:05,1,44881,0.0854,0.0100,0.000,0.0
2026-03-18 00:10:11,1,45370,0.0824,0.0098,0.000,0.0
2026-03-18 00:10:18,1,45810,0.0821,0.0101,0.000,0.0
2026-03-18 00:10:24,1,46300,0.0877,0.0099,0.000,0.0
2026-03-18 00:10:30,1,46668,0.0907,0.0099,0.000,0.0
2026-03-18 00:10:36,1,47166,0.0906,0.0101,0.000,0.0
2026-03-18 00:10:42,1,47616,0.0803,0.0099,0.000,0.0
2026-03-18 00:10:49,1,48100,0.0868,0.0100,0.000,0.0
2026-03-18 00:10:55,1,48635,0.0894,0.0097,0.000,0.0
2026-03-18 00:11:01,1,49074,0.0840,0.0097,0.000,0.0
2026-03-18 00:11:08,1,49539,0.0866,0.0099,0.000,0.0
2026-03-18 00:11:14,1,50041,0.0811,0.0097,0.000,0.0
2026-03-18 00:11:20,1,50470,0.0942,0.0100,0.000,0.0
2026-03-18 00:11:26,1,50933,0.0826,0.0098,0.000,0.0
2026-03-18 00:11:32,1,51354,0.0737,0.0097,0.000,0.0
2026-03-18 00:11:38,1,51791,0.0844,0.0099,0.000,0.0
2026-03-18 00:11:44,1,52224,0.0773,0.0095,0.000,0.0
2026-03-18 00:11:51,1,52633,0.0895,0.0100,0.000,0.0
2026-03-18 00:11:57,1,53084,0.0799,0.0096,0.000,0.0
2026-03-18 00:12:04,1,53569,0.0824,0.0098,0.000,0.0
2026-03-18 00:12:10,1,54045,0.0812,0.0097,0.000,0.0
2026-03-18 00:12:17,1,54464,0.0789,0.0096,0.000,0.0
2026-03-18 00:12:23,1,54937,0.0867,0.0094,0.000,0.0
2026-03-18 00:12:30,1,55424,0.0830,0.0096,0.000,0.0
2026-03-18 00:12:36,1,55866,0.0798,0.0098,0.000,0.0
2026-03-18 00:12:42,1,56326,0.0808,0.0094,0.000,0.0
2026-03-18 00:12:48,1,56827,0.0844,0.0099,0.000,0.0
2026-03-18 00:12:55,1,57222,0.0937,0.0097,0.000,0.0
2026-03-18 00:13:01,1,57676,0.0884,0.0096,0.000,0.0
2026-03-18 00:13:08,1,58214,0.0986,0.0098,0.000,0.0
2026-03-18 00:13:14,1,58633,0.0902,0.0099,0.000,0.0
2026-03-18 00:13:20,1,59100,0.0895,0.0097,0.000,0.0
2026-03-18 00:13:26,1,59562,0.0881,0.0096,0.000,0.0
2026-03-18 00:13:33,1,60072,0.0929,0.0095,0.000,0.0
2026-03-18 00:13:39,1,60526,0.0922,0.0097,0.000,0.0
2026-03-18 00:15:14,1,61041,0.0919,0.0095,0.180,-61.3
2026-03-18 00:15:22,1,68341,0.1652,0.0104,0.000,0.0
2026-03-18 00:15:29,1,68963,0.1598,0.0106,0.000,0.0
2026-03-18 00:15:35,1,69437,0.1395,0.0102,0.000,0.0
2026-03-18 00:15:41,1,69878,0.1406,0.0106,0.000,0.0
2026-03-18 00:15:47,1,70353,0.1407,0.0106,0.000,0.0
2026-03-18 00:15:54,1,70798,0.1320,0.0103,0.000,0.0
2026-03-18 00:16:00,1,71280,0.1317,0.0103,0.000,0.0
2026-03-18 00:16:06,1,71730,0.1246,0.0102,0.000,0.0
2026-03-18 00:16:12,1,72214,0.1271,0.0106,0.000,0.0
2026-03-18 00:16:19,1,72620,0.1233,0.0101,0.000,0.0
2026-03-18 00:16:25,1,73102,0.1158,0.0100,0.000,0.0
2026-03-18 00:16:31,1,73565,0.1173,0.0106,0.000,0.0
2026-03-18 00:16:37,1,74025,0.1200,0.0100,0.000,0.0
2026-03-18 00:16:44,1,74505,0.1196,0.0101,0.000,0.0
2026-03-18 00:16:51,1,74979,0.1170,0.0101,0.000,0.0
2026-03-18 00:16:57,1,75495,0.1090,0.0102,0.000,0.0
2026-03-18 00:17:04,1,75973,0.1139,0.0104,0.000,0.0
2026-03-18 00:17:11,1,76482,0.1174,0.0099,0.000,0.0
2026-03-18 00:17:17,1,76962,0.1283,0.0101,0.000,0.0
2026-03-18 00:17:24,1,77414,0.1094,0.0101,0.000,0.0
2026-03-18 00:17:31,1,77939,0.1141,0.0104,0.000,0.0
2026-03-18 00:17:38,1,78436,0.1138,0.0100,0.000,0.0
2026-03-18 00:17:44,1,78940,0.1144,0.0102,0.000,0.0
2026-03-18 00:17:51,1,79418,0.1141,0.0101,0.000,0.0
2026-03-18 00:17:58,1,79957,0.1168,0.0100,0.000,0.0
2026-03-18 00:18:05,1,80461,0.1200,0.0103,0.000,0.0
2026-03-18 00:18:11,1,80994,0.1117,0.0104,0.000,0.0
2026-03-18 00:18:18,1,81503,0.1076,0.0099,0.000,0.0
2026-03-18 00:18:26,1,82020,0.1162,0.0102,0.000,0.0
2026-03-18 00:18:33,1,82573,0.1200,0.0104,0.000,0.0
2026-03-18 00:18:40,1,83091,0.1160,0.0102,0.000,0.0
2026-03-18 00:18:47,1,83633,0.1131,0.0101,0.000,0.0
2026-03-18 00:18:53,1,84085,0.1166,0.0104,0.000,0.0
2026-03-18 00:19:01,1,84582,0.1100,0.0101,0.000,0.0
2026-03-18 00:19:07,1,85083,0.1142,0.0101,0.000,0.0
2026-03-18 00:19:14,1,85573,0.1143,0.0101,0.000,0.0
2026-03-18 00:19:21,1,86081,0.1097,0.0101,0.000,0.0
2026-03-18 00:19:28,1,86594,0.1116,0.0098,0.000,0.0
2026-03-18 00:19:35,1,87078,0.1127,0.0099,0.000,0.0
2026-03-18 00:19:41,1,87627,0.1176,0.0102,0.000,0.0
2026-03-18 00:19:48,1,88121,0.1205,0.0103,0.000,0.0
2026-03-18 00:19:55,1,88609,0.1268,0.0105,0.000,0.0
2026-03-18 00:20:01,1,89088,0.1181,0.0101,0.000,0.0
2026-03-18 00:20:08,1,89583,0.1090,0.0099,0.000,0.0
2026-03-18 00:20:15,1,90080,0.1156,0.0101,0.000,0.0
2026-03-18 00:20:22,1,90557,0.1136,0.0102,0.000,0.0
2026-03-18 00:20:28,1,91092,0.1185,0.0100,0.000,0.0
2026-03-18 00:22:03,1,91554,0.1148,0.0102,0.380,-27.3
2026-03-18 00:22:11,1,98568,0.1643,0.0107,0.000,0.0
2026-03-18 00:22:17,1,99188,0.1614,0.0107,0.000,0.0
2026-03-18 00:22:24,1,99699,0.1543,0.0107,0.000,0.0
2026-03-18 00:22:30,1,100000,0.1548,0.0108,0.000,0.0
2026-03-18 00:22:36,1,100000,0.1547,0.0105,0.000,0.0
2026-03-18 00:22:42,1,100000,0.1445,0.0106,0.000,0.0
2026-03-18 00:22:49,1,100000,0.1423,0.0104,0.000,0.0
2026-03-18 00:22:55,1,100000,0.1467,0.0105,0.000,0.0
2026-03-18 00:23:01,1,100000,0.1504,0.0106,0.000,0.0
2026-03-18 00:23:08,1,100000,0.1427,0.0105,0.000,0.0
2026-03-18 00:23:14,1,100000,0.1393,0.0108,0.000,0.0
2026-03-18 00:23:21,1,100000,0.1384,0.0104,0.000,0.0
2026-03-18 00:23:27,1,100000,0.1508,0.0106,0.000,0.0
2026-03-18 00:23:34,1,100000,0.1471,0.0106,0.000,0.0
2026-03-18 00:23:41,1,100000,0.1446,0.0107,0.000,0.0
2026-03-18 00:23:48,1,100000,0.1456,0.0101,0.000,0.0
2026-03-18 00:23:55,1,100000,0.1354,0.0109,0.000,0.0
2026-03-18 00:24:02,1,100000,0.1371,0.0102,0.000,0.0
2026-03-18 00:24:08,1,100000,0.1427,0.0109,0.000,0.0
2026-03-18 00:24:15,1,100000,0.1372,0.0104,0.000,0.0
2026-03-18 00:24:22,1,100000,0.1388,0.0105,0.000,0.0
2026-03-18 00:24:29,1,100000,0.1322,0.0106,0.000,0.0
2026-03-18 00:24:36,1,100000,0.1334,0.0104,0.000,0.0
2026-03-18 00:24:42,1,100000,0.1373,0.0111,0.000,0.0
2026-03-18 00:24:49,1,100000,0.1397,0.0107,0.000,0.0
2026-03-18 00:24:55,1,100000,0.1362,0.0108,0.000,0.0
2026-03-18 00:25:02,1,100000,0.1362,0.0108,0.000,0.0
2026-03-18 00:25:09,1,100000,0.1374,0.0107,0.000,0.0
2026-03-18 00:25:15,1,100000,0.1291,0.0107,0.000,0.0
2026-03-18 00:25:21,1,100000,0.1489,0.0106,0.000,0.0
2026-03-18 00:25:28,1,100000,0.1355,0.0106,0.000,0.0
2026-03-18 00:25:34,1,100000,0.1271,0.0103,0.000,0.0
2026-03-18 00:25:41,1,100000,0.1267,0.0104,0.000,0.0
2026-03-18 00:25:47,1,100000,0.1325,0.0105,0.000,0.0
2026-03-18 00:25:53,1,100000,0.1247,0.0104,0.000,0.0
2026-03-18 00:25:59,1,100000,0.1366,0.0106,0.000,0.0
2026-03-18 00:26:05,1,100000,0.1327,0.0105,0.000,0.0
2026-03-18 00:26:12,1,100000,0.1311,0.0107,0.000,0.0
2026-03-18 00:26:18,1,100000,0.1302,0.0109,0.000,0.0
2026-03-18 00:26:24,1,100000,0.1233,0.0109,0.000,0.0
2026-03-18 00:26:30,1,100000,0.1329,0.0104,0.000,0.0
2026-03-18 00:26:36,1,100000,0.1319,0.0106,0.000,0.0
2026-03-18 00:26:42,1,100000,0.1358,0.0106,0.000,0.0
2026-03-18 00:26:48,1,100000,0.1315,0.0106,0.000,0.0
2026-03-18 00:26:55,1,100000,0.1298,0.0104,0.000,0.0
2026-03-18 00:27:01,1,100000,0.1386,0.0108,0.000,0.0
2026-03-18 00:27:07,1,100000,0.1315,0.0108,0.000,0.0
2026-03-18 00:27:13,1,100000,0.1336,0.0105,0.000,0.0
2026-03-18 00:28:50,1,100000,0.1357,0.0108,0.480,-8.5
2026-03-18 00:28:57,1,100000,0.1895,0.0109,0.000,0.0
2026-03-18 00:29:04,1,100000,0.1855,0.0113,0.000,0.0
2026-03-18 00:29:10,1,100000,0.1718,0.0110,0.000,0.0
2026-03-18 00:29:16,1,100000,0.1729,0.0114,0.000,0.0
2026-03-18 00:29:23,1,100000,0.1599,0.0107,0.000,0.0
2026-03-18 00:29:29,1,100000,0.1682,0.0110,0.000,0.0
2026-03-18 00:29:35,1,100000,0.1718,0.0109,0.000,0.0
2026-03-18 00:29:42,1,100000,0.1725,0.0111,0.000,0.0
2026-03-18 00:29:48,1,100000,0.1579,0.0106,0.000,0.0
2026-03-18 00:29:54,1,100000,0.1773,0.0109,0.000,0.0
2026-03-18 00:30:00,1,100000,0.1607,0.0109,0.000,0.0
2026-03-18 00:30:06,1,100000,0.1572,0.0108,0.000,0.0
2026-03-18 00:30:12,1,100000,0.1519,0.0108,0.000,0.0
2026-03-18 00:30:18,1,100000,0.1490,0.0106,0.000,0.0
2026-03-18 00:30:24,1,100000,0.1544,0.0107,0.000,0.0
2026-03-18 00:30:31,1,100000,0.1545,0.0107,0.000,0.0
2026-03-18 00:30:37,1,100000,0.1560,0.0109,0.000,0.0
2026-03-18 00:30:43,1,100000,0.1450,0.0106,0.000,0.0
2026-03-18 00:30:49,1,100000,0.1502,0.0109,0.000,0.0
2026-03-18 00:30:55,1,100000,0.1476,0.0107,0.000,0.0
2026-03-18 00:31:01,1,100000,0.1684,0.0113,0.000,0.0
2026-03-18 00:31:07,1,100000,0.1492,0.0109,0.000,0.0
2026-03-18 00:31:13,1,100000,0.1521,0.0109,0.000,0.0
2026-03-18 00:31:20,1,100000,0.1520,0.0104,0.000,0.0
2026-03-18 00:31:26,1,100000,0.1408,0.0106,0.000,0.0
2026-03-18 00:31:32,1,100000,0.1493,0.0109,0.000,0.0
2026-03-18 00:31:38,1,100000,0.1435,0.0106,0.000,0.0
2026-03-18 00:31:44,1,100000,0.1460,0.0107,0.000,0.0
2026-03-18 00:31:51,1,100000,0.1493,0.0107,0.000,0.0
2026-03-18 00:31:57,1,100000,0.1545,0.0109,0.000,0.0
2026-03-18 00:32:03,1,100000,0.1531,0.0106,0.000,0.0
2026-03-18 00:32:09,1,100000,0.1522,0.0107,0.000,0.0
2026-03-18 00:32:15,1,100000,0.1537,0.0108,0.000,0.0
2026-03-18 00:32:21,1,100000,0.1421,0.0103,0.000,0.0
2026-03-18 00:32:27,1,100000,0.1529,0.0104,0.000,0.0
2026-03-18 00:32:33,1,100000,0.1386,0.0104,0.000,0.0
2026-03-18 00:32:39,1,100000,0.1487,0.0108,0.000,0.0
2026-03-18 00:32:45,1,100000,0.1442,0.0109,0.000,0.0
2026-03-18 00:32:51,1,100000,0.1461,0.0106,0.000,0.0
2026-03-18 00:32:57,1,100000,0.1507,0.0106,0.000,0.0
2026-03-18 00:33:03,1,100000,0.1525,0.0108,0.000,0.0
2026-03-18 00:33:10,1,100000,0.1463,0.0106,0.000,0.0
2026-03-18 00:33:16,1,100000,0.1451,0.0105,0.000,0.0
2026-03-18 00:33:22,1,100000,0.1399,0.0103,0.000,0.0
2026-03-18 00:33:29,1,100000,0.1431,0.0107,0.000,0.0
2026-03-18 00:33:35,1,100000,0.1448,0.0103,0.000,0.0
2026-03-18 00:33:41,1,100000,0.1449,0.0106,0.000,0.0
2026-03-18 00:33:47,1,100000,0.1430,0.0104,0.000,0.0
2026-03-18 00:33:53,1,100000,0.1390,0.0106,0.000,0.0
2026-03-18 00:34:00,1,100000,0.1318,0.0104,0.000,0.0
2026-03-18 00:35:41,1,100000,0.1402,0.0109,0.440,-19.5
2026-03-18 00:35:49,1,100000,0.1960,0.0112,0.000,0.0
2026-03-18 00:35:56,1,100000,0.1822,0.0115,0.000,0.0
2026-03-18 00:36:02,1,100000,0.1766,0.0115,0.000,0.0
2026-03-18 00:36:09,1,100000,0.1705,0.0116,0.000,0.0
2026-03-18 00:36:15,1,100000,0.1627,0.0110,0.000,0.0
2026-03-18 00:36:22,1,100000,0.1625,0.0111,0.000,0.0
2026-03-18 00:36:29,1,100000,0.1623,0.0106,0.000,0.0
2026-03-18 00:36:35,1,100000,0.1681,0.0113,0.000,0.0
2026-03-18 00:36:41,1,100000,0.1504,0.0109,0.000,0.0
2026-03-18 00:36:47,1,100000,0.1554,0.0107,0.000,0.0
2026-03-18 00:36:53,1,100000,0.1554,0.0109,0.000,0.0
2026-03-18 00:36:59,1,100000,0.1522,0.0112,0.000,0.0
2026-03-18 00:37:05,1,100000,0.1556,0.0110,0.000,0.0
2026-03-18 00:37:11,1,100000,0.1505,0.0109,0.000,0.0
2026-03-18 00:37:17,1,100000,0.1447,0.0108,0.000,0.0
2026-03-18 00:37:23,1,100000,0.1580,0.0109,0.000,0.0
2026-03-18 00:37:29,1,100000,0.1514,0.0112,0.000,0.0
2026-03-18 00:37:35,1,100000,0.1512,0.0111,0.000,0.0
2026-03-18 00:37:41,1,100000,0.1571,0.0109,0.000,0.0
2026-03-18 00:37:47,1,100000,0.1483,0.0109,0.000,0.0
2026-03-18 00:37:54,1,100000,0.1497,0.0109,0.000,0.0
2026-03-18 00:38:00,1,100000,0.1651,0.0108,0.000,0.0
2026-03-18 00:38:06,1,100000,0.1566,0.0109,0.000,0.0
2026-03-18 00:38:12,1,100000,0.1543,0.0110,0.000,0.0
2026-03-18 00:38:18,1,100000,0.1456,0.0106,0.000,0.0
2026-03-18 00:38:24,1,100000,0.1465,0.0107,0.000,0.0
2026-03-18 00:38:30,1,100000,0.1474,0.0106,0.000,0.0
2026-03-18 00:38:38,1,100000,0.1450,0.0107,0.000,0.0
2026-03-18 00:38:44,1,100000,0.1405,0.0109,0.000,0.0
2026-03-18 00:38:50,1,100000,0.1462,0.0108,0.000,0.0
2026-03-18 00:38:57,1,100000,0.1506,0.0108,0.000,0.0
2026-03-18 00:39:03,1,100000,0.1607,0.0107,0.000,0.0
2026-03-18 00:39:09,1,100000,0.1378,0.0112,0.000,0.0
2026-03-18 00:39:15,1,100000,0.1508,0.0107,0.000,0.0
2026-03-18 00:39:21,1,100000,0.1500,0.0108,0.000,0.0
2026-03-18 00:39:27,1,100000,0.1335,0.0107,0.000,0.0
2026-03-18 00:39:33,1,100000,0.1408,0.0108,0.000,0.0
2026-03-18 00:39:39,1,100000,0.1565,0.0112,0.000,0.0
2026-03-18 00:39:45,1,100000,0.1478,0.0107,0.000,0.0
2026-03-18 00:39:51,1,100000,0.1351,0.0105,0.000,0.0
2026-03-18 00:39:58,1,100000,0.1334,0.0108,0.000,0.0
2026-03-18 00:40:04,1,100000,0.1427,0.0108,0.000,0.0
2026-03-18 00:40:11,1,100000,0.1323,0.0108,0.000,0.0
2026-03-18 00:40:17,1,100000,0.1484,0.0107,0.000,0.0
2026-03-18 00:40:23,1,100000,0.1368,0.0103,0.000,0.0
2026-03-18 00:40:29,1,100000,0.1454,0.0106,0.000,0.0
2026-03-18 00:40:35,1,100000,0.1387,0.0107,0.000,0.0
2026-03-18 00:40:41,1,100000,0.1327,0.0103,0.000,0.0
2026-03-18 00:40:47,1,100000,0.1307,0.0105,0.000,0.0
2026-03-18 00:40:53,1,100000,0.1346,0.0106,0.000,0.0
2026-03-18 00:42:27,1,100000,0.1347,0.0104,0.320,-35.5
2026-03-18 00:42:35,1,100000,0.1792,0.0108,0.000,0.0
2026-03-18 00:42:40,1,100000,0.1802,0.0107,0.000,0.0
2026-03-18 00:42:46,1,100000,0.1659,0.0109,0.000,0.0
2026-03-18 00:42:52,1,100000,0.1661,0.0115,0.000,0.0
2026-03-18 00:42:58,1,100000,0.1662,0.0109,0.000,0.0
2026-03-18 00:43:04,1,100000,0.1467,0.0110,0.000,0.0
2026-03-18 00:43:10,1,100000,0.1553,0.0112,0.000,0.0
2026-03-18 00:43:16,1,100000,0.1538,0.0111,0.000,0.0
2026-03-18 00:43:22,1,100000,0.1509,0.0106,0.000,0.0
2026-03-18 00:43:28,1,100000,0.1471,0.0110,0.000,0.0
2026-03-18 00:43:34,1,100000,0.1459,0.0108,0.000,0.0
2026-03-18 00:43:40,1,100000,0.1476,0.0111,0.000,0.0
2026-03-18 00:43:46,1,100000,0.1457,0.0107,0.000,0.0
2026-03-18 00:43:53,1,100000,0.1419,0.0110,0.000,0.0
2026-03-18 00:43:59,1,100000,0.1374,0.0109,0.000,0.0
2026-03-18 00:44:06,1,100000,0.1422,0.0105,0.000,0.0
2026-03-18 00:44:12,1,100000,0.1435,0.0106,0.000,0.0
2026-03-18 00:44:18,1,100000,0.1436,0.0108,0.000,0.0
2026-03-18 00:44:24,1,100000,0.1319,0.0109,0.000,0.0
2026-03-18 00:44:30,1,100000,0.1375,0.0109,0.000,0.0
2026-03-18 00:44:37,1,100000,0.1387,0.0108,0.000,0.0
2026-03-18 00:44:43,1,100000,0.1410,0.0107,0.000,0.0
2026-03-18 00:44:49,1,100000,0.1419,0.0110,0.000,0.0
2026-03-18 00:44:55,1,100000,0.1453,0.0106,0.000,0.0
2026-03-18 00:45:01,1,100000,0.1317,0.0109,0.000,0.0
2026-03-18 00:45:07,1,100000,0.1353,0.0109,0.000,0.0
2026-03-18 00:45:13,1,100000,0.1381,0.0105,0.000,0.0
2026-03-18 00:45:19,1,100000,0.1443,0.0108,0.000,0.0
2026-03-18 00:45:25,1,100000,0.1403,0.0109,0.000,0.0
2026-03-18 00:45:31,1,100000,0.1364,0.0109,0.000,0.0
2026-03-18 00:45:37,1,100000,0.1406,0.0108,0.000,0.0
2026-03-18 00:45:43,1,100000,0.1404,0.0109,0.000,0.0
2026-03-18 00:45:49,1,100000,0.1376,0.0108,0.000,0.0
2026-03-18 00:45:55,1,100000,0.1324,0.0111,0.000,0.0
2026-03-18 00:46:01,1,100000,0.1412,0.0107,0.000,0.0
2026-03-18 00:46:07,1,100000,0.1426,0.0107,0.000,0.0
2026-03-18 00:46:12,1,100000,0.1343,0.0108,0.000,0.0
2026-03-18 00:46:18,1,100000,0.1416,0.0106,0.000,0.0
2026-03-18 00:46:24,1,100000,0.1298,0.0104,0.000,0.0
2026-03-18 00:46:30,1,100000,0.1396,0.0107,0.000,0.0
2026-03-18 00:46:36,1,100000,0.1361,0.0103,0.000,0.0
2026-03-18 00:46:42,1,100000,0.1364,0.0108,0.000,0.0
2026-03-18 00:46:48,1,100000,0.1304,0.0107,0.000,0.0
2026-03-18 00:46:54,1,100000,0.1267,0.0106,0.000,0.0
2026-03-18 00:47:00,1,100000,0.1322,0.0107,0.000,0.0
2026-03-18 00:47:05,1,100000,0.1454,0.0113,0.000,0.0
2026-03-18 00:47:11,1,100000,0.1424,0.0105,0.000,0.0
2026-03-18 00:47:17,1,100000,0.1331,0.0109,0.000,0.0
2026-03-18 00:47:23,1,100000,0.1308,0.0108,0.000,0.0
2026-03-18 00:47:29,1,100000,0.1343,0.0106,0.000,0.0
2026-03-18 00:47:35,1,100000,0.1423,0.0106,0.000,0.0
2026-03-18 00:49:10,1,100000,0.1334,0.0106,0.240,-25.6
2026-03-18 00:49:18,1,100000,0.1905,0.0112,0.000,0.0
2026-03-18 00:49:24,1,100000,0.1865,0.0116,0.000,0.0
2026-03-18 00:49:30,1,100000,0.1854,0.0117,0.000,0.0
2026-03-18 00:49:36,1,100000,0.1667,0.0113,0.000,0.0
2026-03-18 00:49:42,1,100000,0.1682,0.0112,0.000,0.0
2026-03-18 00:49:48,1,100000,0.1720,0.0110,0.000,0.0
2026-03-18 00:49:54,1,100000,0.1677,0.0115,0.000,0.0
2026-03-18 00:50:00,1,100000,0.1675,0.0112,0.000,0.0
2026-03-18 00:50:06,1,100000,0.1627,0.0111,0.000,0.0
2026-03-18 00:50:13,1,100000,0.1687,0.0109,0.000,0.0
2026-03-18 00:50:19,1,100000,0.1633,0.0113,0.000,0.0
2026-03-18 00:50:25,1,100000,0.1560,0.0112,0.000,0.0
2026-03-18 00:50:31,1,100000,0.1594,0.0109,0.000,0.0
2026-03-18 00:50:37,1,100000,0.1457,0.0109,0.000,0.0
2026-03-18 00:50:43,1,100000,0.1523,0.0112,0.000,0.0
2026-03-18 00:50:49,1,100000,0.1490,0.0109,0.000,0.0
2026-03-18 00:50:55,1,100000,0.1497,0.0107,0.000,0.0
2026-03-18 00:51:01,1,100000,0.1500,0.0109,0.000,0.0
2026-03-18 00:51:07,1,100000,0.1535,0.0113,0.000,0.0
2026-03-18 00:51:13,1,100000,0.1508,0.0109,0.000,0.0
2026-03-18 00:51:19,1,100000,0.1446,0.0109,0.000,0.0
2026-03-18 00:51:25,1,100000,0.1409,0.0106,0.000,0.0
2026-03-18 00:51:31,1,100000,0.1450,0.0108,0.000,0.0
2026-03-18 00:51:37,1,100000,0.1514,0.0111,0.000,0.0
2026-03-18 00:51:43,1,100000,0.1511,0.0108,0.000,0.0
2026-03-18 00:51:49,1,100000,0.1487,0.0109,0.000,0.0
2026-03-18 00:51:55,1,100000,0.1493,0.0111,0.000,0.0
2026-03-18 00:52:01,1,100000,0.1414,0.0110,0.000,0.0
2026-03-18 00:52:06,1,100000,0.1379,0.0108,0.000,0.0
2026-03-18 00:52:12,1,100000,0.1456,0.0109,0.000,0.0
2026-03-18 00:52:18,1,100000,0.1394,0.0106,0.000,0.0
2026-03-18 00:52:24,1,100000,0.1394,0.0107,0.000,0.0
2026-03-18 00:52:30,1,100000,0.1413,0.0107,0.000,0.0
2026-03-18 00:52:36,1,100000,0.1493,0.0108,0.000,0.0
2026-03-18 00:52:42,1,100000,0.1423,0.0108,0.000,0.0
2026-03-18 00:52:48,1,100000,0.1380,0.0106,0.000,0.0
2026-03-18 00:52:54,1,100000,0.1329,0.0109,0.000,0.0
2026-03-18 00:53:00,1,100000,0.1275,0.0105,0.000,0.0
2026-03-18 00:53:06,1,100000,0.1351,0.0107,0.000,0.0
2026-03-18 00:53:12,1,100000,0.1393,0.0106,0.000,0.0
2026-03-18 00:53:18,1,100000,0.1494,0.0108,0.000,0.0
2026-03-18 00:53:24,1,100000,0.1409,0.0106,0.000,0.0
2026-03-18 00:53:30,1,100000,0.1331,0.0108,0.000,0.0
2026-03-18 00:53:36,1,100000,0.1362,0.0106,0.000,0.0
2026-03-18 00:53:42,1,100000,0.1389,0.0108,0.000,0.0
2026-03-18 00:53:48,1,100000,0.1461,0.0108,0.000,0.0
2026-03-18 00:53:54,1,100000,0.1517,0.0113,0.000,0.0
2026-03-18 00:53:59,1,100000,0.1401,0.0107,0.000,0.0
2026-03-18 00:54:05,1,100000,0.1432,0.0111,0.000,0.0
2026-03-18 00:54:11,1,100000,0.1358,0.0107,0.000,0.0
2026-03-18 00:54:17,1,100000,0.1421,0.0110,0.000,0.0
2026-03-18 00:54:23,1,100000,0.1361,0.0112,0.000,0.0
2026-03-18 00:55:53,1,100000,0.1349,0.0107,0.380,-9.7
2026-03-18 00:56:00,1,100000,0.1790,0.0114,0.000,0.0
2026-03-18 00:56:07,1,100000,0.1726,0.0111,0.000,0.0
2026-03-18 00:56:12,1,100000,0.1687,0.0114,0.000,0.0
2026-03-18 00:56:18,1,100000,0.1678,0.0115,0.000,0.0
2026-03-18 00:56:24,1,100000,0.1548,0.0108,0.000,0.0
2026-03-18 00:56:30,1,100000,0.1476,0.0110,0.000,0.0
2026-03-18 00:56:36,1,100000,0.1570,0.0109,0.000,0.0
2026-03-18 00:56:42,1,100000,0.1486,0.0107,0.000,0.0
2026-03-18 00:56:48,1,100000,0.1492,0.0109,0.000,0.0
2026-03-18 00:56:54,1,100000,0.1369,0.0107,0.000,0.0
2026-03-18 00:57:00,1,100000,0.1485,0.0109,0.000,0.0
2026-03-18 00:57:06,1,100000,0.1380,0.0108,0.000,0.0
2026-03-18 00:57:12,1,100000,0.1403,0.0110,0.000,0.0
2026-03-18 00:57:17,1,100000,0.1443,0.0111,0.000,0.0
2026-03-18 00:57:23,1,100000,0.1432,0.0112,0.000,0.0
2026-03-18 00:57:29,1,100000,0.1351,0.0106,0.000,0.0
2026-03-18 00:57:35,1,100000,0.1398,0.0112,0.000,0.0
2026-03-18 00:57:41,1,100000,0.1477,0.0112,0.000,0.0
2026-03-18 00:57:47,1,100000,0.1440,0.0108,0.000,0.0
2026-03-18 00:57:53,1,100000,0.1409,0.0108,0.000,0.0
2026-03-18 00:57:59,1,100000,0.1355,0.0110,0.000,0.0
2026-03-18 00:58:05,1,100000,0.1314,0.0113,0.000,0.0
2026-03-18 00:58:11,1,100000,0.1374,0.0107,0.000,0.0
2026-03-18 00:58:17,1,100000,0.1405,0.0112,0.000,0.0
2026-03-18 00:58:23,1,100000,0.1443,0.0111,0.000,0.0
2026-03-18 00:58:29,1,100000,0.1355,0.0108,0.000,0.0
2026-03-18 00:58:35,1,100000,0.1320,0.0109,0.000,0.0
2026-03-18 00:58:41,1,100000,0.1426,0.0111,0.000,0.0
2026-03-18 00:58:47,1,100000,0.1380,0.0108,0.000,0.0
2026-03-18 00:58:53,1,100000,0.1317,0.0109,0.000,0.0
2026-03-18 00:58:59,1,100000,0.1363,0.0108,0.000,0.0
2026-03-18 00:59:05,1,100000,0.1364,0.0105,0.000,0.0
2026-03-18 00:59:11,1,100000,0.1416,0.0108,0.000,0.0
2026-03-18 00:59:17,1,100000,0.1406,0.0110,0.000,0.0
2026-03-18 00:59:23,1,100000,0.1416,0.0108,0.000,0.0
2026-03-18 00:59:29,1,100000,0.1338,0.0104,0.000,0.0
2026-03-18 00:59:35,1,100000,0.1304,0.0105,0.000,0.0
2026-03-18 00:59:42,1,100000,0.1383,0.0106,0.000,0.0
2026-03-18 00:59:48,1,100000,0.1408,0.0106,0.000,0.0
2026-03-18 00:59:54,1,100000,0.1373,0.0108,0.000,0.0
2026-03-18 01:00:00,1,100000,0.1274,0.0105,0.000,0.0
2026-03-18 01:00:06,1,100000,0.1349,0.0108,0.000,0.0
2026-03-18 01:00:12,1,100000,0.1378,0.0110,0.000,0.0
2026-03-18 01:00:18,1,100000,0.1306,0.0105,0.000,0.0
2026-03-18 01:00:24,1,100000,0.1325,0.0107,0.000,0.0
2026-03-18 01:00:29,1,100000,0.1324,0.0106,0.000,0.0
2026-03-18 01:00:35,1,100000,0.1358,0.0105,0.000,0.0
2026-03-18 01:00:41,1,100000,0.1289,0.0104,0.000,0.0
2026-03-18 01:00:47,1,100000,0.1325,0.0106,0.000,0.0
2026-03-18 01:00:53,1,100000,0.1340,0.0109,0.000,0.0
2026-03-18 01:00:59,1,100000,0.1310,0.0106,0.000,0.0
2026-03-18 01:01:05,1,100000,0.1328,0.0108,0.000,0.0
2026-03-18 01:01:11,1,100000,0.1323,0.0109,0.000,0.0
2026-03-18 01:02:46,1,100000,0.1278,0.0104,0.320,-31.1
2026-03-18 01:02:53,1,100000,0.1819,0.0112,0.000,0.0
2026-03-18 01:02:59,1,100000,0.1684,0.0114,0.000,0.0
2026-03-18 01:03:05,1,100000,0.1618,0.0112,0.000,0.0
2026-03-18 01:03:11,1,100000,0.1620,0.0111,0.000,0.0
2026-03-18 01:03:17,1,100000,0.1582,0.0110,0.000,0.0
2026-03-18 01:03:24,1,100000,0.1576,0.0113,0.000,0.0
2026-03-18 01:03:30,1,100000,0.1541,0.0114,0.000,0.0
2026-03-18 01:03:36,1,100000,0.1573,0.0113,0.000,0.0
2026-03-18 01:03:42,1,100000,0.1504,0.0108,0.000,0.0
2026-03-18 01:03:48,1,100000,0.1393,0.0110,0.000,0.0
2026-03-18 01:03:54,1,100000,0.1524,0.0112,0.000,0.0
2026-03-18 01:04:01,1,100000,0.1442,0.0109,0.000,0.0
2026-03-18 01:04:07,1,100000,0.1350,0.0111,0.000,0.0
2026-03-18 01:04:13,1,100000,0.1349,0.0106,0.000,0.0
2026-03-18 01:04:19,1,100000,0.1429,0.0108,0.000,0.0
2026-03-18 01:04:25,1,100000,0.1379,0.0105,0.000,0.0
2026-03-18 01:04:31,1,100000,0.1436,0.0113,0.000,0.0
2026-03-18 01:04:37,1,100000,0.1389,0.0110,0.000,0.0
2026-03-18 01:04:43,1,100000,0.1404,0.0112,0.000,0.0
2026-03-18 01:04:49,1,100000,0.1332,0.0107,0.000,0.0
2026-03-18 01:04:55,1,100000,0.1412,0.0109,0.000,0.0
2026-03-18 01:05:01,1,100000,0.1376,0.0106,0.000,0.0
2026-03-18 01:05:07,1,100000,0.1488,0.0107,0.000,0.0
2026-03-18 01:05:13,1,100000,0.1441,0.0110,0.000,0.0
2026-03-18 01:05:19,1,100000,0.1417,0.0109,0.000,0.0
2026-03-18 01:05:25,1,100000,0.1425,0.0110,0.000,0.0
2026-03-18 01:05:31,1,100000,0.1374,0.0105,0.000,0.0
2026-03-18 01:05:38,1,100000,0.1319,0.0111,0.000,0.0
2026-03-18 01:05:44,1,100000,0.1362,0.0108,0.000,0.0
2026-03-18 01:05:50,1,100000,0.1444,0.0107,0.000,0.0
2026-03-18 01:05:56,1,100000,0.1452,0.0105,0.000,0.0
2026-03-18 01:06:03,1,100000,0.1453,0.0111,0.000,0.0
2026-03-18 01:06:09,1,100000,0.1484,0.0109,0.000,0.0
2026-03-18 01:06:15,1,100000,0.1429,0.0105,0.000,0.0
2026-03-18 01:06:21,1,100000,0.1433,0.0108,0.000,0.0
2026-03-18 01:06:27,1,100000,0.1415,0.0108,0.000,0.0
2026-03-18 01:06:33,1,100000,0.1441,0.0108,0.000,0.0
2026-03-18 01:06:39,1,100000,0.1346,0.0107,0.000,0.0
2026-03-18 01:06:45,1,100000,0.1380,0.0107,0.000,0.0
2026-03-18 01:06:51,1,100000,0.1366,0.0106,0.000,0.0
2026-03-18 01:06:58,1,100000,0.1492,0.0108,0.000,0.0
2026-03-18 01:07:04,1,100000,0.1422,0.0110,0.000,0.0
2026-03-18 01:07:10,1,100000,0.1300,0.0103,0.000,0.0
2026-03-18 01:07:16,1,100000,0.1481,0.0109,0.000,0.0
2026-03-18 01:07:22,1,100000,0.1354,0.0104,0.000,0.0
2026-03-18 01:07:28,1,100000,0.1406,0.0109,0.000,0.0
2026-03-18 01:07:34,1,100000,0.1363,0.0109,0.000,0.0
2026-03-18 01:07:41,1,100000,0.1377,0.0106,0.000,0.0
2026-03-18 01:07:47,1,100000,0.1364,0.0107,0.000,0.0
2026-03-18 01:07:53,1,100000,0.1345,0.0105,0.000,0.0
2026-03-18 01:07:59,1,100000,0.1223,0.0107,0.000,0.0
2026-03-18 01:08:06,1,100000,0.1327,0.0109,0.000,0.0
2026-03-18 01:09:38,1,100000,0.1382,0.0109,0.260,-52.5
2026-03-18 01:09:45,1,100000,0.1793,0.0112,0.000,0.0
2026-03-18 01:09:51,1,100000,0.1782,0.0112,0.000,0.0
2026-03-18 01:09:57,1,100000,0.1655,0.0114,0.000,0.0
2026-03-18 01:10:03,1,100000,0.1605,0.0111,0.000,0.0
2026-03-18 01:10:09,1,100000,0.1683,0.0111,0.000,0.0
2026-03-18 01:10:15,1,100000,0.1579,0.0110,0.000,0.0
2026-03-18 01:10:21,1,100000,0.1570,0.0108,0.000,0.0
2026-03-18 01:10:27,1,100000,0.1657,0.0111,0.000,0.0
2026-03-18 01:10:33,1,100000,0.1509,0.0111,0.000,0.0
2026-03-18 01:10:39,1,100000,0.1544,0.0111,0.000,0.0
2026-03-18 01:10:45,1,100000,0.1650,0.0116,0.000,0.0
2026-03-18 01:10:51,1,100000,0.1542,0.0109,0.000,0.0
2026-03-18 01:10:57,1,100000,0.1509,0.0113,0.000,0.0
2026-03-18 01:11:03,1,100000,0.1485,0.0112,0.000,0.0
2026-03-18 01:11:10,1,100000,0.1461,0.0110,0.000,0.0
2026-03-18 01:11:16,1,100000,0.1546,0.0109,0.000,0.0
2026-03-18 01:11:22,1,100000,0.1622,0.0111,0.000,0.0
2026-03-18 01:11:28,1,100000,0.1522,0.0109,0.000,0.0
2026-03-18 01:11:34,1,100000,0.1551,0.0114,0.000,0.0
2026-03-18 01:11:40,1,100000,0.1425,0.0106,0.000,0.0
2026-03-18 01:11:46,1,100000,0.1499,0.0110,0.000,0.0
2026-03-18 01:11:52,1,100000,0.1516,0.0111,0.000,0.0
2026-03-18 01:11:58,1,100000,0.1424,0.0111,0.000,0.0
2026-03-18 01:12:04,1,100000,0.1508,0.0110,0.000,0.0
2026-03-18 01:12:10,1,100000,0.1412,0.0107,0.000,0.0
2026-03-18 01:12:16,1,100000,0.1436,0.0108,0.000,0.0
2026-03-18 01:12:22,1,100000,0.1343,0.0106,0.000,0.0
2026-03-18 01:12:28,1,100000,0.1366,0.0108,0.000,0.0
2026-03-18 01:12:34,1,100000,0.1387,0.0107,0.000,0.0
2026-03-18 01:12:40,1,100000,0.1390,0.0109,0.000,0.0
2026-03-18 01:12:46,1,100000,0.1384,0.0105,0.000,0.0
2026-03-18 01:12:51,1,100000,0.1330,0.0105,0.000,0.0
2026-03-18 01:12:58,1,100000,0.1327,0.0107,0.000,0.0
2026-03-18 01:13:04,1,100000,0.1341,0.0104,0.000,0.0
2026-03-18 01:13:09,1,100000,0.1335,0.0107,0.000,0.0
2026-03-18 01:13:15,1,100000,0.1336,0.0109,0.000,0.0
2026-03-18 01:13:21,1,100000,0.1356,0.0108,0.000,0.0
2026-03-18 01:13:27,1,100000,0.1411,0.0108,0.000,0.0
2026-03-18 01:13:33,1,100000,0.1303,0.0108,0.000,0.0
2026-03-18 01:13:39,1,100000,0.1347,0.0106,0.000,0.0
2026-03-18 01:13:45,1,100000,0.1286,0.0103,0.000,0.0
2026-03-18 01:13:51,1,100000,0.1306,0.0106,0.000,0.0
2026-03-18 01:13:57,1,100000,0.1325,0.0105,0.000,0.0
2026-03-18 01:14:03,1,100000,0.1376,0.0105,0.000,0.0
2026-03-18 01:14:09,1,100000,0.1350,0.0108,0.000,0.0
2026-03-18 01:14:15,1,100000,0.1308,0.0102,0.000,0.0
2026-03-18 01:14:20,1,100000,0.1334,0.0111,0.000,0.0
2026-03-18 01:14:27,1,100000,0.1336,0.0104,0.000,0.0
2026-03-18 01:14:33,1,100000,0.1282,0.0105,0.000,0.0
2026-03-18 01:14:38,1,100000,0.1302,0.0107,0.000,0.0
2026-03-18 01:14:44,1,100000,0.1281,0.0104,0.000,0.0
2026-03-18 01:14:50,1,100000,0.1269,0.0108,0.000,0.0
2026-03-18 01:14:57,1,100000,0.1271,0.0104,0.000,0.0
2026-03-18 01:15:02,1,100000,0.1298,0.0107,0.000,0.0
2026-03-18 01:16:38,1,100000,0.1321,0.0109,0.360,-32.8
2026-03-18 01:16:45,1,100000,0.1843,0.0109,0.000,0.0
2026-03-18 01:16:51,1,100000,0.1840,0.0113,0.000,0.0
2026-03-18 01:16:58,1,100000,0.1572,0.0108,0.000,0.0
2026-03-18 01:17:04,1,100000,0.1725,0.0110,0.000,0.0
2026-03-18 01:17:10,1,100000,0.1595,0.0109,0.000,0.0
2026-03-18 01:17:16,1,100000,0.1504,0.0110,0.000,0.0
2026-03-18 01:17:22,1,100000,0.1596,0.0108,0.000,0.0
2026-03-18 01:17:27,1,100000,0.1568,0.0112,0.000,0.0
2026-03-18 01:17:33,1,100000,0.1592,0.0112,0.000,0.0
2026-03-18 01:17:39,1,100000,0.1547,0.0111,0.000,0.0
2026-03-18 01:17:46,1,100000,0.1546,0.0105,0.000,0.0
2026-03-18 01:17:51,1,100000,0.1540,0.0108,0.000,0.0
2026-03-18 01:17:58,1,100000,0.1419,0.0106,0.000,0.0
2026-03-18 01:18:03,1,100000,0.1438,0.0107,0.000,0.0
2026-03-18 01:18:10,1,100000,0.1455,0.0105,0.000,0.0
2026-03-18 01:18:15,1,100000,0.1407,0.0107,0.000,0.0
2026-03-18 01:18:21,1,100000,0.1372,0.0106,0.000,0.0
2026-03-18 01:18:27,1,100000,0.1439,0.0103,0.000,0.0
2026-03-18 01:18:34,1,100000,0.1445,0.0108,0.000,0.0
2026-03-18 01:18:40,1,100000,0.1455,0.0105,0.000,0.0
2026-03-18 01:18:46,1,100000,0.1435,0.0107,0.000,0.0
2026-03-18 01:18:53,1,100000,0.1379,0.0106,0.000,0.0
2026-03-18 01:18:59,1,100000,0.1389,0.0111,0.000,0.0
2026-03-18 01:19:05,1,100000,0.1354,0.0106,0.000,0.0
2026-03-18 01:19:11,1,100000,0.1435,0.0110,0.000,0.0
2026-03-18 01:19:17,1,100000,0.1446,0.0105,0.000,0.0
2026-03-18 01:19:23,1,100000,0.1467,0.0105,0.000,0.0
2026-03-18 01:19:29,1,100000,0.1383,0.0104,0.000,0.0
2026-03-18 01:19:35,1,100000,0.1384,0.0102,0.000,0.0
2026-03-18 01:19:41,1,100000,0.1354,0.0108,0.000,0.0
2026-03-18 01:19:47,1,100000,0.1444,0.0109,0.000,0.0
2026-03-18 01:19:52,1,100000,0.1365,0.0107,0.000,0.0
2026-03-18 01:19:58,1,100000,0.1337,0.0105,0.000,0.0
2026-03-18 01:20:04,1,100000,0.1377,0.0105,0.000,0.0
2026-03-18 01:20:10,1,100000,0.1321,0.0107,0.000,0.0
2026-03-18 01:20:16,1,100000,0.1315,0.0104,0.000,0.0
2026-03-18 01:20:22,1,100000,0.1321,0.0102,0.000,0.0
2026-03-18 01:20:28,1,100000,0.1341,0.0107,0.000,0.0
2026-03-18 01:20:34,1,100000,0.1379,0.0105,0.000,0.0
2026-03-18 01:20:40,1,100000,0.1432,0.0104,0.000,0.0
2026-03-18 01:20:46,1,100000,0.1316,0.0104,0.000,0.0
2026-03-18 01:20:52,1,100000,0.1404,0.0105,0.000,0.0
2026-03-18 01:20:58,1,100000,0.1226,0.0103,0.000,0.0
2026-03-18 01:21:05,1,100000,0.1326,0.0102,0.000,0.0
2026-03-18 01:21:11,1,100000,0.1251,0.0105,0.000,0.0
2026-03-18 01:21:17,1,100000,0.1312,0.0106,0.000,0.0
2026-03-18 01:21:23,1,100000,0.1304,0.0102,0.000,0.0
2026-03-18 01:21:29,1,100000,0.1321,0.0109,0.000,0.0
2026-03-18 01:21:35,1,100000,0.1290,0.0108,0.000,0.0
2026-03-18 01:21:41,1,100000,0.1296,0.0104,0.000,0.0
2026-03-18 01:21:46,1,100000,0.1348,0.0105,0.000,0.0
2026-03-18 01:21:52,1,100000,0.1338,0.0106,0.000,0.0
2026-03-18 01:23:28,1,100000,0.1462,0.0107,0.260,-36.9
2026-03-18 01:23:35,1,100000,0.1744,0.0110,0.000,0.0
2026-03-18 01:23:41,1,100000,0.1756,0.0111,0.000,0.0
2026-03-18 01:23:47,1,100000,0.1778,0.0113,0.000,0.0
2026-03-18 01:23:53,1,100000,0.1699,0.0111,0.000,0.0
2026-03-18 01:23:59,1,100000,0.1612,0.0109,0.000,0.0
2026-03-18 01:24:05,1,100000,0.1600,0.0109,0.000,0.0
2026-03-18 01:24:11,1,100000,0.1610,0.0109,0.000,0.0
2026-03-18 01:24:17,1,100000,0.1623,0.0109,0.000,0.0
2026-03-18 01:24:22,1,100000,0.1574,0.0109,0.000,0.0
2026-03-18 01:24:29,1,100000,0.1563,0.0108,0.000,0.0
2026-03-18 01:24:35,1,100000,0.1588,0.0107,0.000,0.0
2026-03-18 01:24:41,1,100000,0.1582,0.0109,0.000,0.0
2026-03-18 01:24:47,1,100000,0.1615,0.0107,0.000,0.0
2026-03-18 01:24:52,1,100000,0.1525,0.0109,0.000,0.0
2026-03-18 01:24:58,1,100000,0.1509,0.0111,0.000,0.0
2026-03-18 01:25:04,1,100000,0.1534,0.0108,0.000,0.0
2026-03-18 01:25:10,1,100000,0.1410,0.0105,0.000,0.0
2026-03-18 01:25:16,1,100000,0.1492,0.0105,0.000,0.0
2026-03-18 01:25:22,1,100000,0.1385,0.0103,0.000,0.0
2026-03-18 01:25:27,1,100000,0.1415,0.0103,0.000,0.0
2026-03-18 01:25:33,1,100000,0.1387,0.0106,0.000,0.0
2026-03-18 01:25:39,1,100000,0.1415,0.0110,0.000,0.0
2026-03-18 01:25:45,1,100000,0.1364,0.0103,0.000,0.0
2026-03-18 01:25:51,1,100000,0.1433,0.0104,0.000,0.0
2026-03-18 01:25:57,1,100000,0.1346,0.0103,0.000,0.0
2026-03-18 01:26:03,1,100000,0.1398,0.0107,0.000,0.0
2026-03-18 01:26:08,1,100000,0.1397,0.0104,0.000,0.0
2026-03-18 01:26:14,1,100000,0.1407,0.0104,0.000,0.0
2026-03-18 01:26:20,1,100000,0.1424,0.0107,0.000,0.0
2026-03-18 01:26:26,1,100000,0.1331,0.0104,0.000,0.0
2026-03-18 01:26:32,1,100000,0.1383,0.0105,0.000,0.0
2026-03-18 01:26:38,1,100000,0.1351,0.0101,0.000,0.0
2026-03-18 01:26:44,1,100000,0.1408,0.0108,0.000,0.0
2026-03-18 01:26:50,1,100000,0.1470,0.0105,0.000,0.0
2026-03-18 01:26:57,1,100000,0.1387,0.0106,0.000,0.0
2026-03-18 01:27:03,1,100000,0.1415,0.0104,0.000,0.0
2026-03-18 01:27:08,1,100000,0.1345,0.0102,0.000,0.0
2026-03-18 01:27:14,1,100000,0.1358,0.0101,0.000,0.0
2026-03-18 01:27:21,1,100000,0.1314,0.0102,0.000,0.0
2026-03-18 01:27:27,1,100000,0.1357,0.0104,0.000,0.0
2026-03-18 01:27:33,1,100000,0.1402,0.0104,0.000,0.0
2026-03-18 01:27:39,1,100000,0.1352,0.0102,0.000,0.0
2026-03-18 01:27:45,1,100000,0.1284,0.0104,0.000,0.0
2026-03-18 01:27:52,1,100000,0.1349,0.0107,0.000,0.0
2026-03-18 01:27:58,1,100000,0.1319,0.0104,0.000,0.0
2026-03-18 01:28:04,1,100000,0.1408,0.0105,0.000,0.0
2026-03-18 01:28:09,1,100000,0.1294,0.0106,0.000,0.0
2026-03-18 01:28:15,1,100000,0.1354,0.0104,0.000,0.0
2026-03-18 01:28:21,1,100000,0.1376,0.0101,0.000,0.0
2026-03-18 01:28:27,1,100000,0.1318,0.0105,0.000,0.0
2026-03-18 01:28:33,1,100000,0.1299,0.0104,0.000,0.0
2026-03-18 01:28:39,1,100000,0.1326,0.0102,0.000,0.0
2026-03-18 01:30:08,1,100000,0.1314,0.0105,0.320,-39.7
2026-03-18 01:30:15,1,100000,0.1826,0.0110,0.000,0.0
2026-03-18 01:30:20,1,100000,0.1778,0.0110,0.000,0.0
2026-03-18 01:30:26,1,100000,0.1709,0.0109,0.000,0.0
2026-03-18 01:30:32,1,100000,0.1620,0.0109,0.000,0.0
2026-03-18 01:30:38,1,100000,0.1676,0.0111,0.000,0.0
2026-03-18 01:30:45,1,100000,0.1575,0.0106,0.000,0.0
2026-03-18 01:30:51,1,100000,0.1575,0.0107,0.000,0.0
2026-03-18 01:30:56,1,100000,0.1537,0.0106,0.000,0.0
2026-03-18 01:31:02,1,100000,0.1535,0.0109,0.000,0.0
2026-03-18 01:31:08,1,100000,0.1583,0.0109,0.000,0.0
2026-03-18 01:31:14,1,100000,0.1539,0.0106,0.000,0.0
2026-03-18 01:31:20,1,100000,0.1545,0.0104,0.000,0.0
2026-03-18 01:31:26,1,100000,0.1547,0.0109,0.000,0.0
2026-03-18 01:31:32,1,100000,0.1523,0.0106,0.000,0.0
2026-03-18 01:31:38,1,100000,0.1577,0.0108,0.000,0.0
2026-03-18 01:31:44,1,100000,0.1444,0.0104,0.000,0.0
2026-03-18 01:31:50,1,100000,0.1486,0.0105,0.000,0.0
2026-03-18 01:31:56,1,100000,0.1467,0.0103,0.000,0.0
2026-03-18 01:32:02,1,100000,0.1466,0.0106,0.000,0.0
2026-03-18 01:32:08,1,100000,0.1423,0.0105,0.000,0.0
2026-03-18 01:32:13,1,100000,0.1463,0.0108,0.000,0.0
2026-03-18 01:32:19,1,100000,0.1467,0.0104,0.000,0.0
2026-03-18 01:32:25,1,100000,0.1346,0.0106,0.000,0.0
2026-03-18 01:32:31,1,100000,0.1461,0.0104,0.000,0.0
2026-03-18 01:32:37,1,100000,0.1441,0.0106,0.000,0.0
2026-03-18 01:32:43,1,100000,0.1428,0.0103,0.000,0.0
2026-03-18 01:32:48,1,100000,0.1372,0.0105,0.000,0.0
2026-03-18 01:32:55,1,100000,0.1456,0.0104,0.000,0.0
2026-03-18 01:33:01,1,100000,0.1459,0.0104,0.000,0.0
2026-03-18 01:33:07,1,100000,0.1429,0.0105,0.000,0.0
2026-03-18 01:33:13,1,100000,0.1347,0.0104,0.000,0.0
2026-03-18 01:33:18,1,100000,0.1376,0.0106,0.000,0.0
2026-03-18 01:33:24,1,100000,0.1334,0.0102,0.000,0.0
2026-03-18 01:33:30,1,100000,0.1334,0.0105,0.000,0.0
2026-03-18 01:33:38,1,100000,0.1353,0.0101,0.000,0.0
2026-03-18 01:33:44,1,100000,0.1358,0.0108,0.000,0.0
2026-03-18 01:33:50,1,100000,0.1397,0.0109,0.000,0.0
2026-03-18 01:33:56,1,100000,0.1345,0.0104,0.000,0.0
2026-03-18 01:34:02,1,100000,0.1359,0.0103,0.000,0.0
2026-03-18 01:34:09,1,100000,0.1320,0.0100,0.000,0.0
2026-03-18 01:34:15,1,100000,0.1369,0.0101,0.000,0.0
2026-03-18 01:34:21,1,100000,0.1328,0.0104,0.000,0.0
2026-03-18 01:34:27,1,100000,0.1315,0.0101,0.000,0.0
2026-03-18 01:34:33,1,100000,0.1353,0.0102,0.000,0.0
2026-03-18 01:34:39,1,100000,0.1282,0.0100,0.000,0.0
2026-03-18 01:34:45,1,100000,0.1333,0.0101,0.000,0.0
2026-03-18 01:34:51,1,100000,0.1314,0.0102,0.000,0.0
2026-03-18 01:34:57,1,100000,0.1290,0.0102,0.000,0.0
2026-03-18 01:35:03,1,100000,0.1226,0.0100,0.000,0.0
2026-03-18 01:35:09,1,100000,0.1254,0.0100,0.000,0.0
2026-03-18 01:35:15,1,100000,0.1245,0.0100,0.000,0.0
2026-03-18 01:35:20,1,100000,0.1264,0.0104,0.000,0.0
2026-03-18 01:35:26,1,100000,0.1246,0.0099,0.000,0.0
2026-03-18 01:37:03,1,100000,0.1283,0.0104,0.300,-27.5
2026-03-18 01:37:10,1,100000,0.1803,0.0110,0.000,0.0
2026-03-18 01:37:16,1,100000,0.1751,0.0111,0.000,0.0
2026-03-18 01:37:23,1,100000,0.1702,0.0108,0.000,0.0
2026-03-18 01:37:28,1,100000,0.1622,0.0109,0.000,0.0
2026-03-18 01:37:34,1,100000,0.1580,0.0108,0.000,0.0
2026-03-18 01:37:41,1,100000,0.1552,0.0105,0.000,0.0
2026-03-18 01:37:46,1,100000,0.1582,0.0108,0.000,0.0
2026-03-18 01:37:52,1,100000,0.1582,0.0108,0.000,0.0
2026-03-18 01:37:58,1,100000,0.1472,0.0107,0.000,0.0
2026-03-18 01:38:04,1,100000,0.1567,0.0108,0.000,0.0
2026-03-18 01:38:11,1,100000,0.1432,0.0104,0.000,0.0
2026-03-18 01:38:16,1,100000,0.1534,0.0105,0.000,0.0
2026-03-18 01:38:22,1,100000,0.1447,0.0102,0.000,0.0
2026-03-18 01:38:28,1,100000,0.1525,0.0106,0.000,0.0
2026-03-18 01:38:34,1,100000,0.1446,0.0106,0.000,0.0
2026-03-18 01:38:40,1,100000,0.1492,0.0103,0.000,0.0
2026-03-18 01:38:46,1,100000,0.1423,0.0105,0.000,0.0
2026-03-18 01:38:52,1,100000,0.1526,0.0108,0.000,0.0
2026-03-18 01:38:58,1,100000,0.1411,0.0104,0.000,0.0
2026-03-18 01:39:04,1,100000,0.1443,0.0106,0.000,0.0
2026-03-18 01:39:10,1,100000,0.1442,0.0107,0.000,0.0
2026-03-18 01:39:16,1,100000,0.1390,0.0103,0.000,0.0
2026-03-18 01:39:22,1,100000,0.1395,0.0106,0.000,0.0
2026-03-18 01:39:28,1,100000,0.1312,0.0102,0.000,0.0
2026-03-18 01:39:34,1,100000,0.1434,0.0105,0.000,0.0
2026-03-18 01:39:40,1,100000,0.1417,0.0106,0.000,0.0
2026-03-18 01:39:46,1,100000,0.1452,0.0102,0.000,0.0
2026-03-18 01:39:53,1,100000,0.1489,0.0105,0.000,0.0
2026-03-18 01:39:59,1,100000,0.1376,0.0104,0.000,0.0
2026-03-18 01:40:05,1,100000,0.1328,0.0103,0.000,0.0
2026-03-18 01:40:11,1,100000,0.1389,0.0104,0.000,0.0
2026-03-18 01:40:17,1,100000,0.1343,0.0104,0.000,0.0
2026-03-18 01:40:23,1,100000,0.1417,0.0104,0.000,0.0
2026-03-18 01:40:29,1,100000,0.1403,0.0105,0.000,0.0
2026-03-18 01:40:35,1,100000,0.1386,0.0106,0.000,0.0
2026-03-18 01:40:41,1,100000,0.1427,0.0105,0.000,0.0
2026-03-18 01:40:47,1,100000,0.1342,0.0102,0.000,0.0
2026-03-18 01:40:52,1,100000,0.1236,0.0101,0.000,0.0
2026-03-18 01:40:58,1,100000,0.1317,0.0101,0.000,0.0
2026-03-18 01:41:04,1,100000,0.1333,0.0102,0.000,0.0
2026-03-18 01:41:11,1,100000,0.1381,0.0104,0.000,0.0
2026-03-18 01:41:17,1,100000,0.1334,0.0106,0.000,0.0
2026-03-18 01:41:23,1,100000,0.1406,0.0104,0.000,0.0
2026-03-18 01:41:29,1,100000,0.1336,0.0106,0.000,0.0
2026-03-18 01:41:35,1,100000,0.1347,0.0105,0.000,0.0
2026-03-18 01:41:40,1,100000,0.1390,0.0107,0.000,0.0
2026-03-18 01:41:47,1,100000,0.1299,0.0102,0.000,0.0
2026-03-18 01:41:53,1,100000,0.1339,0.0105,0.000,0.0
2026-03-18 01:41:59,1,100000,0.1247,0.0103,0.000,0.0
2026-03-18 01:42:05,1,100000,0.1304,0.0103,0.000,0.0
2026-03-18 01:42:11,1,100000,0.1264,0.0099,0.000,0.0
2026-03-18 01:42:17,1,100000,0.1404,0.0104,0.000,0.0
2026-03-18 01:42:22,1,100000,0.1374,0.0104,0.000,0.0
2026-03-18 01:42:28,1,100000,0.1331,0.0102,0.000,0.0
2026-03-18 01:44:03,1,100000,0.1326,0.0104,0.280,-42.1
2026-03-18 01:44:10,1,100000,0.1806,0.0106,0.000,0.0
2026-03-18 01:44:17,1,100000,0.1837,0.0110,0.000,0.0
2026-03-18 01:44:23,1,100000,0.1755,0.0112,0.000,0.0
2026-03-18 01:44:29,1,100000,0.1789,0.0112,0.000,0.0
2026-03-18 01:44:35,1,100000,0.1695,0.0109,0.000,0.0
2026-03-18 01:44:41,1,100000,0.1667,0.0107,0.000,0.0
2026-03-18 01:44:47,1,100000,0.1714,0.0106,0.000,0.0
2026-03-18 01:44:53,1,100000,0.1589,0.0107,0.000,0.0
2026-03-18 01:44:59,1,100000,0.1644,0.0107,0.000,0.0
2026-03-18 01:45:05,1,100000,0.1616,0.0107,0.000,0.0
2026-03-18 01:45:11,1,100000,0.1485,0.0102,0.000,0.0
2026-03-18 01:45:17,1,100000,0.1565,0.0103,0.000,0.0
2026-03-18 01:45:23,1,100000,0.1560,0.0109,0.000,0.0
2026-03-18 01:45:29,1,100000,0.1509,0.0105,0.000,0.0
2026-03-18 01:45:35,1,100000,0.1495,0.0102,0.000,0.0
2026-03-18 01:45:41,1,100000,0.1485,0.0107,0.000,0.0
2026-03-18 01:45:47,1,100000,0.1558,0.0104,0.000,0.0
2026-03-18 01:45:53,1,100000,0.1522,0.0104,0.000,0.0
2026-03-18 01:45:59,1,100000,0.1541,0.0105,0.000,0.0
2026-03-18 01:46:05,1,100000,0.1424,0.0104,0.000,0.0
2026-03-18 01:46:11,1,100000,0.1416,0.0101,0.000,0.0
2026-03-18 01:46:17,1,100000,0.1413,0.0101,0.000,0.0
2026-03-18 01:46:23,1,100000,0.1551,0.0102,0.000,0.0
2026-03-18 01:46:29,1,100000,0.1447,0.0103,0.000,0.0
2026-03-18 01:46:35,1,100000,0.1462,0.0103,0.000,0.0
2026-03-18 01:46:41,1,100000,0.1421,0.0101,0.000,0.0
2026-03-18 01:46:47,1,100000,0.1518,0.0107,0.000,0.0
2026-03-18 01:46:53,1,100000,0.1440,0.0103,0.000,0.0
2026-03-18 01:46:59,1,100000,0.1468,0.0101,0.000,0.0
2026-03-18 01:47:05,1,100000,0.1421,0.0105,0.000,0.0
2026-03-18 01:47:11,1,100000,0.1378,0.0102,0.000,0.0
2026-03-18 01:47:17,1,100000,0.1538,0.0104,0.000,0.0
2026-03-18 01:47:23,1,100000,0.1452,0.0102,0.000,0.0
2026-03-18 01:47:29,1,100000,0.1466,0.0104,0.000,0.0
2026-03-18 01:47:34,1,100000,0.1464,0.0106,0.000,0.0
2026-03-18 01:47:40,1,100000,0.1405,0.0100,0.000,0.0
2026-03-18 01:47:46,1,100000,0.1415,0.0104,0.000,0.0
2026-03-18 01:47:52,1,100000,0.1534,0.0105,0.000,0.0
2026-03-18 01:47:58,1,100000,0.1383,0.0102,0.000,0.0
2026-03-18 01:48:04,1,100000,0.1321,0.0100,0.000,0.0
2026-03-18 01:48:10,1,100000,0.1354,0.0102,0.000,0.0
2026-03-18 01:48:16,1,100000,0.1363,0.0099,0.000,0.0
2026-03-18 01:48:22,1,100000,0.1404,0.0103,0.000,0.0
2026-03-18 01:48:28,1,100000,0.1277,0.0103,0.000,0.0
2026-03-18 01:48:34,1,100000,0.1396,0.0106,0.000,0.0
2026-03-18 01:48:40,1,100000,0.1328,0.0103,0.000,0.0
2026-03-18 01:48:46,1,100000,0.1384,0.0102,0.000,0.0
2026-03-18 01:48:52,1,100000,0.1255,0.0097,0.000,0.0
2026-03-18 01:48:58,1,100000,0.1444,0.0102,0.000,0.0
2026-03-18 01:49:04,1,100000,0.1338,0.0104,0.000,0.0
2026-03-18 01:49:10,1,100000,0.1388,0.0103,0.000,0.0
2026-03-18 01:49:16,1,100000,0.1330,0.0101,0.000,0.0
2026-03-18 01:50:49,1,100000,0.1292,0.0105,0.420,-14.6
2026-03-18 01:50:56,1,100000,0.1804,0.0106,0.000,0.0
2026-03-18 01:51:02,1,100000,0.1722,0.0111,0.000,0.0
2026-03-18 01:51:08,1,100000,0.1649,0.0106,0.000,0.0
2026-03-18 01:51:15,1,100000,0.1814,0.0112,0.000,0.0
2026-03-18 01:51:21,1,100000,0.1675,0.0107,0.000,0.0
2026-03-18 01:51:27,1,100000,0.1701,0.0105,0.000,0.0
2026-03-18 01:51:32,1,100000,0.1666,0.0105,0.000,0.0
2026-03-18 01:51:38,1,100000,0.1640,0.0107,0.000,0.0
2026-03-18 01:51:44,1,100000,0.1597,0.0106,0.000,0.0
2026-03-18 01:51:50,1,100000,0.1528,0.0103,0.000,0.0
2026-03-18 01:51:56,1,100000,0.1433,0.0102,0.000,0.0
2026-03-18 01:52:02,1,100000,0.1542,0.0102,0.000,0.0
2026-03-18 01:52:08,1,100000,0.1617,0.0103,0.000,0.0
2026-03-18 01:52:14,1,100000,0.1617,0.0102,0.000,0.0
2026-03-18 01:52:20,1,100000,0.1425,0.0102,0.000,0.0
2026-03-18 01:52:26,1,100000,0.1622,0.0105,0.000,0.0
2026-03-18 01:52:32,1,100000,0.1468,0.0103,0.000,0.0
2026-03-18 01:52:38,1,100000,0.1444,0.0101,0.000,0.0
2026-03-18 01:52:43,1,100000,0.1504,0.0104,0.000,0.0
2026-03-18 01:52:49,1,100000,0.1469,0.0103,0.000,0.0
2026-03-18 01:52:55,1,100000,0.1550,0.0102,0.000,0.0
2026-03-18 01:53:01,1,100000,0.1469,0.0103,0.000,0.0
2026-03-18 01:53:07,1,100000,0.1524,0.0105,0.000,0.0
2026-03-18 01:53:13,1,100000,0.1469,0.0103,0.000,0.0
2026-03-18 01:53:19,1,100000,0.1434,0.0100,0.000,0.0
2026-03-18 01:53:25,1,100000,0.1497,0.0103,0.000,0.0
2026-03-18 01:53:31,1,100000,0.1434,0.0103,0.000,0.0
2026-03-18 01:53:37,1,100000,0.1375,0.0103,0.000,0.0
2026-03-18 01:53:43,1,100000,0.1457,0.0104,0.000,0.0
2026-03-18 01:53:49,1,100000,0.1496,0.0103,0.000,0.0
2026-03-18 01:53:54,1,100000,0.1406,0.0100,0.000,0.0
2026-03-18 01:54:00,1,100000,0.1379,0.0103,0.000,0.0
2026-03-18 01:54:06,1,100000,0.1474,0.0102,0.000,0.0
2026-03-18 01:54:12,1,100000,0.1434,0.0104,0.000,0.0
2026-03-18 01:54:18,1,100000,0.1455,0.0102,0.000,0.0
2026-03-18 01:54:24,1,100000,0.1398,0.0102,0.000,0.0
2026-03-18 01:54:30,1,100000,0.1443,0.0101,0.000,0.0
2026-03-18 01:54:35,1,100000,0.1488,0.0105,0.000,0.0
2026-03-18 01:54:41,1,100000,0.1387,0.0103,0.000,0.0
2026-03-18 01:54:47,1,100000,0.1441,0.0103,0.000,0.0
2026-03-18 01:54:53,1,100000,0.1450,0.0104,0.000,0.0
2026-03-18 01:54:59,1,100000,0.1410,0.0103,0.000,0.0
2026-03-18 01:55:05,1,100000,0.1502,0.0104,0.000,0.0
2026-03-18 01:55:10,1,100000,0.1403,0.0102,0.000,0.0
2026-03-18 01:55:16,1,100000,0.1391,0.0103,0.000,0.0
2026-03-18 01:55:22,1,100000,0.1358,0.0102,0.000,0.0
2026-03-18 01:55:28,1,100000,0.1330,0.0103,0.000,0.0
2026-03-18 01:55:34,1,100000,0.1377,0.0105,0.000,0.0
2026-03-18 01:55:40,1,100000,0.1424,0.0104,0.000,0.0
2026-03-18 01:55:46,1,100000,0.1331,0.0101,0.000,0.0
2026-03-18 01:55:52,1,100000,0.1396,0.0104,0.000,0.0
2026-03-18 01:55:58,1,100000,0.1299,0.0101,0.000,0.0
2026-03-18 01:56:04,1,100000,0.1374,0.0102,0.000,0.0
2026-03-18 01:57:36,1,100000,0.1333,0.0102,0.400,-18.5
2026-03-18 01:57:43,1,100000,0.1842,0.0107,0.000,0.0
2026-03-18 01:57:49,1,100000,0.1642,0.0105,0.000,0.0
2026-03-18 01:57:55,1,100000,0.1587,0.0105,0.000,0.0
2026-03-18 01:58:01,1,100000,0.1646,0.0108,0.000,0.0
2026-03-18 01:58:07,1,100000,0.1581,0.0107,0.000,0.0
2026-03-18 01:58:13,1,100000,0.1535,0.0106,0.000,0.0
2026-03-18 01:58:21,1,100000,0.1544,0.0104,0.000,0.0
2026-03-18 01:58:27,1,100000,0.1536,0.0105,0.000,0.0
2026-03-18 01:58:33,1,100000,0.1517,0.0101,0.000,0.0
2026-03-18 01:58:39,1,100000,0.1594,0.0105,0.000,0.0
2026-03-18 01:58:45,1,100000,0.1561,0.0106,0.000,0.0
2026-03-18 01:58:51,1,100000,0.1558,0.0102,0.000,0.0
2026-03-18 01:58:57,1,100000,0.1592,0.0103,0.000,0.0
2026-03-18 01:59:03,1,100000,0.1453,0.0106,0.000,0.0
2026-03-18 01:59:09,1,100000,0.1486,0.0105,0.000,0.0
2026-03-18 01:59:15,1,100000,0.1433,0.0101,0.000,0.0
2026-03-18 01:59:21,1,100000,0.1440,0.0105,0.000,0.0
2026-03-18 01:59:27,1,100000,0.1412,0.0101,0.000,0.0
2026-03-18 01:59:32,1,100000,0.1465,0.0104,0.000,0.0
2026-03-18 01:59:38,1,100000,0.1492,0.0103,0.000,0.0
2026-03-18 01:59:44,1,100000,0.1512,0.0103,0.000,0.0
2026-03-18 01:59:50,1,100000,0.1457,0.0101,0.000,0.0
2026-03-18 01:59:56,1,100000,0.1339,0.0103,0.000,0.0
2026-03-18 02:00:02,1,100000,0.1441,0.0106,0.000,0.0
2026-03-18 02:00:08,1,100000,0.1461,0.0103,0.000,0.0
2026-03-18 02:00:14,1,100000,0.1438,0.0103,0.000,0.0
2026-03-18 02:00:21,1,100000,0.1310,0.0099,0.000,0.0
2026-03-18 02:00:27,1,100000,0.1379,0.0104,0.000,0.0
2026-03-18 02:00:33,1,100000,0.1440,0.0102,0.000,0.0
2026-03-18 02:00:39,1,100000,0.1393,0.0102,0.000,0.0
2026-03-18 02:00:45,1,100000,0.1441,0.0103,0.000,0.0
2026-03-18 02:00:51,1,100000,0.1411,0.0105,0.000,0.0
2026-03-18 02:00:57,1,100000,0.1357,0.0104,0.000,0.0
2026-03-18 02:01:03,1,100000,0.1428,0.0104,0.000,0.0
2026-03-18 02:01:08,1,100000,0.1390,0.0101,0.000,0.0
2026-03-18 02:01:14,1,100000,0.1412,0.0100,0.000,0.0
2026-03-18 02:01:21,1,100000,0.1354,0.0101,0.000,0.0
2026-03-18 02:01:26,1,100000,0.1470,0.0103,0.000,0.0
2026-03-18 02:01:32,1,100000,0.1342,0.0103,0.000,0.0
2026-03-18 02:01:38,1,100000,0.1417,0.0103,0.000,0.0
2026-03-18 02:01:44,1,100000,0.1325,0.0101,0.000,0.0
2026-03-18 02:01:50,1,100000,0.1329,0.0101,0.000,0.0
2026-03-18 02:01:56,1,100000,0.1328,0.0103,0.000,0.0
2026-03-18 02:02:02,1,100000,0.1387,0.0106,0.000,0.0
2026-03-18 02:02:08,1,100000,0.1335,0.0104,0.000,0.0
2026-03-18 02:02:13,1,100000,0.1363,0.0104,0.000,0.0
2026-03-18 02:02:19,1,100000,0.1282,0.0098,0.000,0.0
2026-03-18 02:02:26,1,100000,0.1304,0.0102,0.000,0.0
2026-03-18 02:02:31,1,100000,0.1289,0.0100,0.000,0.0
2026-03-18 02:02:37,1,100000,0.1253,0.0098,0.000,0.0
2026-03-18 02:02:43,1,100000,0.1295,0.0101,0.000,0.0
2026-03-18 02:02:49,1,100000,0.1374,0.0100,0.000,0.0
2026-03-18 02:04:24,1,100000,0.1308,0.0096,0.360,-19.8
2026-03-18 02:04:31,1,100000,0.1825,0.0105,0.000,0.0
2026-03-18 02:04:37,1,100000,0.1744,0.0105,0.000,0.0
2026-03-18 02:04:43,1,100000,0.1777,0.0111,0.000,0.0
2026-03-18 02:04:49,1,100000,0.1702,0.0106,0.000,0.0
2026-03-18 02:04:55,1,100000,0.1740,0.0104,0.000,0.0
2026-03-18 02:05:01,1,100000,0.1689,0.0107,0.000,0.0
2026-03-18 02:05:07,1,100000,0.1613,0.0107,0.000,0.0
2026-03-18 02:05:13,1,100000,0.1526,0.0101,0.000,0.0
2026-03-18 02:05:19,1,100000,0.1576,0.0101,0.000,0.0
2026-03-18 02:05:25,1,100000,0.1558,0.0100,0.000,0.0
2026-03-18 02:05:31,1,100000,0.1579,0.0104,0.000,0.0
2026-03-18 02:05:38,1,100000,0.1531,0.0101,0.000,0.0
2026-03-18 02:05:43,1,100000,0.1485,0.0101,0.000,0.0
2026-03-18 02:05:50,1,100000,0.1528,0.0102,0.000,0.0
2026-03-18 02:05:55,1,100000,0.1550,0.0103,0.000,0.0
2026-03-18 02:06:01,1,100000,0.1504,0.0105,0.000,0.0
2026-03-18 02:06:08,1,100000,0.1557,0.0103,0.000,0.0
2026-03-18 02:06:14,1,100000,0.1565,0.0102,0.000,0.0
2026-03-18 02:06:20,1,100000,0.1506,0.0102,0.000,0.0
2026-03-18 02:06:26,1,100000,0.1574,0.0101,0.000,0.0
2026-03-18 02:06:32,1,100000,0.1473,0.0102,0.000,0.0
2026-03-18 02:06:38,1,100000,0.1445,0.0102,0.000,0.0
2026-03-18 02:06:44,1,100000,0.1482,0.0102,0.000,0.0
2026-03-18 02:06:51,1,100000,0.1419,0.0101,0.000,0.0
2026-03-18 02:06:57,1,100000,0.1404,0.0101,0.000,0.0
2026-03-18 02:07:03,1,100000,0.1391,0.0099,0.000,0.0
2026-03-18 02:07:09,1,100000,0.1454,0.0097,0.000,0.0
2026-03-18 02:07:15,1,100000,0.1531,0.0105,0.000,0.0
2026-03-18 02:07:21,1,100000,0.1486,0.0103,0.000,0.0
2026-03-18 02:07:27,1,100000,0.1410,0.0104,0.000,0.0
2026-03-18 02:07:34,1,100000,0.1454,0.0101,0.000,0.0
2026-03-18 02:07:39,1,100000,0.1429,0.0100,0.000,0.0
2026-03-18 02:07:45,1,100000,0.1428,0.0099,0.000,0.0
2026-03-18 02:07:51,1,100000,0.1386,0.0101,0.000,0.0
2026-03-18 02:07:57,1,100000,0.1474,0.0100,0.000,0.0
2026-03-18 02:08:03,1,100000,0.1469,0.0100,0.000,0.0
2026-03-18 02:08:09,1,100000,0.1522,0.0103,0.000,0.0
2026-03-18 02:08:15,1,100000,0.1468,0.0103,0.000,0.0
2026-03-18 02:08:22,1,100000,0.1377,0.0101,0.000,0.0
2026-03-18 02:08:27,1,100000,0.1356,0.0100,0.000,0.0
2026-03-18 02:08:33,1,100000,0.1513,0.0103,0.000,0.0
2026-03-18 02:08:39,1,100000,0.1427,0.0101,0.000,0.0
2026-03-18 02:08:46,1,100000,0.1329,0.0098,0.000,0.0
2026-03-18 02:08:52,1,100000,0.1487,0.0105,0.000,0.0
2026-03-18 02:08:58,1,100000,0.1384,0.0102,0.000,0.0
2026-03-18 02:09:04,1,100000,0.1286,0.0102,0.000,0.0
2026-03-18 02:09:10,1,100000,0.1412,0.0105,0.000,0.0
2026-03-18 02:09:16,1,100000,0.1317,0.0102,0.000,0.0
2026-03-18 02:09:22,1,100000,0.1396,0.0099,0.000,0.0
2026-03-18 02:09:28,1,100000,0.1396,0.0100,0.000,0.0
2026-03-18 02:09:34,1,100000,0.1319,0.0100,0.000,0.0
2026-03-18 02:09:40,1,100000,0.1376,0.0099,0.000,0.0
2026-03-18 02:11:19,1,100000,0.1353,0.0100,0.380,-17.7
2026-03-18 02:11:26,1,100000,0.1882,0.0106,0.000,0.0
2026-03-18 02:11:32,1,100000,0.1802,0.0109,0.000,0.0
2026-03-18 02:11:39,1,100000,0.1701,0.0108,0.000,0.0
2026-03-18 02:11:45,1,100000,0.1689,0.0106,0.000,0.0
2026-03-18 02:11:50,1,100000,0.1763,0.0109,0.000,0.0
2026-03-18 02:11:56,1,100000,0.1629,0.0105,0.000,0.0
2026-03-18 02:12:02,1,100000,0.1511,0.0102,0.000,0.0
2026-03-18 02:12:09,1,100000,0.1650,0.0102,0.000,0.0
2026-03-18 02:12:15,1,100000,0.1597,0.0108,0.000,0.0
2026-03-18 02:12:21,1,100000,0.1660,0.0106,0.000,0.0
2026-03-18 02:12:27,1,100000,0.1582,0.0106,0.000,0.0
2026-03-18 02:12:33,1,100000,0.1590,0.0101,0.000,0.0
2026-03-18 02:12:39,1,100000,0.1428,0.0104,0.000,0.0
2026-03-18 02:12:45,1,100000,0.1574,0.0105,0.000,0.0
2026-03-18 02:12:51,1,100000,0.1455,0.0104,0.000,0.0
2026-03-18 02:12:57,1,100000,0.1516,0.0101,0.000,0.0
2026-03-18 02:13:03,1,100000,0.1486,0.0100,0.000,0.0
2026-03-18 02:13:09,1,100000,0.1464,0.0104,0.000,0.0
2026-03-18 02:13:15,1,100000,0.1430,0.0101,0.000,0.0
2026-03-18 02:13:21,1,100000,0.1514,0.0104,0.000,0.0
2026-03-18 02:13:27,1,100000,0.1407,0.0103,0.000,0.0
2026-03-18 02:13:33,1,100000,0.1423,0.0103,0.000,0.0
2026-03-18 02:13:39,1,100000,0.1463,0.0103,0.000,0.0
2026-03-18 02:13:46,1,100000,0.1500,0.0105,0.000,0.0
2026-03-18 02:13:52,1,100000,0.1434,0.0102,0.000,0.0
2026-03-18 02:13:58,1,100000,0.1418,0.0102,0.000,0.0
2026-03-18 02:14:04,1,100000,0.1411,0.0105,0.000,0.0
2026-03-18 02:14:10,1,100000,0.1533,0.0108,0.000,0.0
2026-03-18 02:14:16,1,100000,0.1435,0.0104,0.000,0.0
2026-03-18 02:14:22,1,100000,0.1435,0.0103,0.000,0.0
2026-03-18 02:14:28,1,100000,0.1378,0.0100,0.000,0.0
2026-03-18 02:14:34,1,100000,0.1422,0.0101,0.000,0.0
2026-03-18 02:14:40,1,100000,0.1362,0.0102,0.000,0.0
2026-03-18 02:14:46,1,100000,0.1471,0.0103,0.000,0.0
2026-03-18 02:14:51,1,100000,0.1452,0.0105,0.000,0.0
2026-03-18 02:14:58,1,100000,0.1372,0.0100,0.000,0.0
2026-03-18 02:15:04,1,100000,0.1479,0.0105,0.000,0.0
2026-03-18 02:15:10,1,100000,0.1407,0.0104,0.000,0.0
2026-03-18 02:15:16,1,100000,0.1469,0.0101,0.000,0.0
2026-03-18 02:15:22,1,100000,0.1326,0.0104,0.000,0.0
2026-03-18 02:15:28,1,100000,0.1366,0.0102,0.000,0.0
2026-03-18 02:15:34,1,100000,0.1343,0.0098,0.000,0.0
2026-03-18 02:15:40,1,100000,0.1298,0.0101,0.000,0.0
2026-03-18 02:15:46,1,100000,0.1318,0.0101,0.000,0.0
2026-03-18 02:15:53,1,100000,0.1309,0.0101,0.000,0.0
2026-03-18 02:15:59,1,100000,0.1369,0.0100,0.000,0.0
2026-03-18 02:16:05,1,100000,0.1323,0.0099,0.000,0.0
2026-03-18 02:16:11,1,100000,0.1307,0.0099,0.000,0.0
2026-03-18 02:16:17,1,100000,0.1354,0.0102,0.000,0.0
2026-03-18 02:16:24,1,100000,0.1406,0.0101,0.000,0.0
2026-03-18 02:16:30,1,100000,0.1336,0.0101,0.000,0.0
2026-03-18 02:16:36,1,100000,0.1455,0.0102,0.000,0.0
2026-03-18 02:16:42,1,100000,0.1275,0.0100,0.000,0.0
2026-03-18 02:18:19,1,100000,0.1299,0.0101,0.360,-19.8
2026-03-18 02:18:26,1,100000,0.1799,0.0107,0.000,0.0
2026-03-18 02:18:32,1,100000,0.1706,0.0106,0.000,0.0
2026-03-18 02:18:38,1,100000,0.1742,0.0108,0.000,0.0
2026-03-18 02:18:44,1,100000,0.1662,0.0104,0.000,0.0
2026-03-18 02:18:50,1,100000,0.1658,0.0106,0.000,0.0
2026-03-18 02:18:56,1,100000,0.1646,0.0110,0.000,0.0
2026-03-18 02:19:02,1,100000,0.1618,0.0106,0.000,0.0
2026-03-18 02:19:08,1,100000,0.1638,0.0105,0.000,0.0
2026-03-18 02:19:14,1,100000,0.1612,0.0103,0.000,0.0
2026-03-18 02:19:20,1,100000,0.1600,0.0103,0.000,0.0
2026-03-18 02:19:26,1,100000,0.1636,0.0104,0.000,0.0
2026-03-18 02:19:32,1,100000,0.1534,0.0105,0.000,0.0
2026-03-18 02:19:38,1,100000,0.1626,0.0104,0.000,0.0
2026-03-18 02:19:45,1,100000,0.1573,0.0104,0.000,0.0
2026-03-18 02:19:51,1,100000,0.1598,0.0103,0.000,0.0
2026-03-18 02:19:57,1,100000,0.1483,0.0103,0.000,0.0
2026-03-18 02:20:03,1,100000,0.1502,0.0105,0.000,0.0
2026-03-18 02:20:09,1,100000,0.1625,0.0104,0.000,0.0
2026-03-18 02:20:15,1,100000,0.1506,0.0103,0.000,0.0
2026-03-18 02:20:22,1,100000,0.1611,0.0103,0.000,0.0
2026-03-18 02:20:28,1,100000,0.1571,0.0102,0.000,0.0
2026-03-18 02:20:34,1,100000,0.1564,0.0105,0.000,0.0
2026-03-18 02:20:40,1,100000,0.1468,0.0103,0.000,0.0
2026-03-18 02:20:46,1,100000,0.1496,0.0101,0.000,0.0
2026-03-18 02:20:52,1,100000,0.1487,0.0100,0.000,0.0
2026-03-18 02:20:58,1,100000,0.1527,0.0102,0.000,0.0
2026-03-18 02:21:04,1,100000,0.1506,0.0100,0.000,0.0
2026-03-18 02:21:10,1,100000,0.1465,0.0099,0.000,0.0
2026-03-18 02:21:16,1,100000,0.1492,0.0100,0.000,0.0
2026-03-18 02:21:22,1,100000,0.1498,0.0107,0.000,0.0
2026-03-18 02:21:29,1,100000,0.1432,0.0103,0.000,0.0
2026-03-18 02:21:35,1,100000,0.1436,0.0101,0.000,0.0
2026-03-18 02:21:41,1,100000,0.1515,0.0104,0.000,0.0
2026-03-18 02:21:47,1,100000,0.1542,0.0107,0.000,0.0
2026-03-18 02:21:53,1,100000,0.1459,0.0104,0.000,0.0
2026-03-18 02:21:59,1,100000,0.1444,0.0100,0.000,0.0
2026-03-18 02:22:05,1,100000,0.1349,0.0104,0.000,0.0
2026-03-18 02:22:11,1,100000,0.1445,0.0102,0.000,0.0
2026-03-18 02:22:17,1,100000,0.1412,0.0100,0.000,0.0
2026-03-18 02:22:23,1,100000,0.1538,0.0104,0.000,0.0
2026-03-18 02:22:29,1,100000,0.1453,0.0101,0.000,0.0
2026-03-18 02:22:35,1,100000,0.1437,0.0099,0.000,0.0
2026-03-18 02:22:42,1,100000,0.1445,0.0100,0.000,0.0
2026-03-18 02:22:48,1,100000,0.1549,0.0104,0.000,0.0
2026-03-18 02:22:54,1,100000,0.1447,0.0100,0.000,0.0
2026-03-18 02:23:00,1,100000,0.1472,0.0102,0.000,0.0
2026-03-18 02:23:07,1,100000,0.1395,0.0100,0.000,0.0
2026-03-18 02:23:13,1,100000,0.1398,0.0101,0.000,0.0
2026-03-18 02:23:19,1,100000,0.1465,0.0102,0.000,0.0
2026-03-18 02:23:25,1,100000,0.1433,0.0103,0.000,0.0
2026-03-18 02:23:32,1,100000,0.1446,0.0103,0.000,0.0
2026-03-18 02:23:38,1,100000,0.1419,0.0105,0.000,0.0
2026-03-18 02:23:44,1,100000,0.1369,0.0099,0.000,0.0
2026-03-18 02:25:26,1,100000,0.1385,0.0100,0.280,-27.6
2026-03-18 02:25:33,1,100000,0.1873,0.0104,0.000,0.0
2026-03-18 02:25:40,1,100000,0.1716,0.0105,0.000,0.0
2026-03-18 02:25:46,1,100000,0.1732,0.0106,0.000,0.0
2026-03-18 02:25:52,1,100000,0.1713,0.0105,0.000,0.0
2026-03-18 02:25:58,1,100000,0.1602,0.0105,0.000,0.0
2026-03-18 02:26:04,1,100000,0.1543,0.0104,0.000,0.0
2026-03-18 02:26:10,1,100000,0.1626,0.0102,0.000,0.0
2026-03-18 02:26:16,1,100000,0.1608,0.0107,0.000,0.0
2026-03-18 02:26:22,1,100000,0.1675,0.0107,0.000,0.0
2026-03-18 02:26:28,1,100000,0.1593,0.0105,0.000,0.0
2026-03-18 02:26:34,1,100000,0.1611,0.0106,0.000,0.0
2026-03-18 02:26:40,1,100000,0.1630,0.0106,0.000,0.0
2026-03-18 02:26:46,1,100000,0.1719,0.0107,0.000,0.0
2026-03-18 02:26:52,1,100000,0.1578,0.0103,0.000,0.0
2026-03-18 02:26:58,1,100000,0.1572,0.0103,0.000,0.0
2026-03-18 02:27:04,1,100000,0.1594,0.0105,0.000,0.0
2026-03-18 02:27:11,1,100000,0.1518,0.0103,0.000,0.0
2026-03-18 02:27:17,1,100000,0.1534,0.0105,0.000,0.0
2026-03-18 02:27:23,1,100000,0.1538,0.0108,0.000,0.0
2026-03-18 02:27:29,1,100000,0.1501,0.0101,0.000,0.0
2026-03-18 02:27:35,1,100000,0.1509,0.0103,0.000,0.0
2026-03-18 02:27:41,1,100000,0.1507,0.0105,0.000,0.0
2026-03-18 02:27:46,1,100000,0.1528,0.0105,0.000,0.0
2026-03-18 02:27:52,1,100000,0.1554,0.0107,0.000,0.0
2026-03-18 02:27:58,1,100000,0.1501,0.0104,0.000,0.0
2026-03-18 02:28:04,1,100000,0.1536,0.0104,0.000,0.0
2026-03-18 02:28:10,1,100000,0.1505,0.0106,0.000,0.0
2026-03-18 02:28:16,1,100000,0.1498,0.0102,0.000,0.0
2026-03-18 02:28:23,1,100000,0.1567,0.0104,0.000,0.0
2026-03-18 02:28:28,1,100000,0.1524,0.0101,0.000,0.0
2026-03-18 02:28:35,1,100000,0.1579,0.0103,0.000,0.0
2026-03-18 02:28:41,1,100000,0.1431,0.0104,0.000,0.0
2026-03-18 02:28:46,1,100000,0.1519,0.0104,0.000,0.0
2026-03-18 02:28:53,1,100000,0.1600,0.0104,0.000,0.0
2026-03-18 02:28:59,1,100000,0.1544,0.0104,0.000,0.0
2026-03-18 02:29:05,1,100000,0.1500,0.0104,0.000,0.0
2026-03-18 02:29:11,1,100000,0.1457,0.0106,0.000,0.0
2026-03-18 02:29:17,1,100000,0.1336,0.0101,0.000,0.0
2026-03-18 02:29:23,1,100000,0.1446,0.0100,0.000,0.0
2026-03-18 02:29:30,1,100000,0.1390,0.0098,0.000,0.0
2026-03-18 02:29:36,1,100000,0.1493,0.0104,0.000,0.0
2026-03-18 02:29:42,1,100000,0.1512,0.0104,0.000,0.0
2026-03-18 02:29:48,1,100000,0.1364,0.0101,0.000,0.0
2026-03-18 02:29:54,1,100000,0.1350,0.0102,0.000,0.0
2026-03-18 02:30:01,1,100000,0.1462,0.0107,0.000,0.0
2026-03-18 02:30:07,1,100000,0.1395,0.0101,0.000,0.0
2026-03-18 02:30:13,1,100000,0.1363,0.0102,0.000,0.0
2026-03-18 02:30:19,1,100000,0.1352,0.0102,0.000,0.0
2026-03-18 02:30:25,1,100000,0.1460,0.0102,0.000,0.0
2026-03-18 02:30:31,1,100000,0.1355,0.0101,0.000,0.0
2026-03-18 02:30:38,1,100000,0.1438,0.0104,0.000,0.0
2026-03-18 02:30:44,1,100000,0.1513,0.0099,0.000,0.0
2026-03-18 02:32:27,1,100000,0.1432,0.0103,0.280,-37.7
2026-03-18 02:32:35,1,100000,0.1982,0.0108,0.000,0.0
2026-03-18 02:32:41,1,100000,0.1919,0.0112,0.000,0.0
2026-03-18 02:32:47,1,100000,0.1861,0.0110,0.000,0.0
2026-03-18 02:32:53,1,100000,0.1838,0.0108,0.000,0.0
2026-03-18 02:32:59,1,100000,0.1846,0.0108,0.000,0.0
2026-03-18 02:33:05,1,100000,0.1681,0.0106,0.000,0.0
2026-03-18 02:33:12,1,100000,0.1730,0.0103,0.000,0.0
2026-03-18 02:33:18,1,100000,0.1668,0.0104,0.000,0.0
2026-03-18 02:33:24,1,100000,0.1752,0.0104,0.000,0.0
2026-03-18 02:33:30,1,100000,0.1700,0.0106,0.000,0.0
2026-03-18 02:33:36,1,100000,0.1689,0.0106,0.000,0.0
2026-03-18 02:33:43,1,100000,0.1692,0.0105,0.000,0.0
2026-03-18 02:33:49,1,100000,0.1732,0.0105,0.000,0.0
2026-03-18 02:33:55,1,100000,0.1624,0.0104,0.000,0.0
2026-03-18 02:34:01,1,100000,0.1549,0.0100,0.000,0.0
2026-03-18 02:34:08,1,100000,0.1609,0.0104,0.000,0.0
2026-03-18 02:34:14,1,100000,0.1609,0.0103,0.000,0.0
2026-03-18 02:34:20,1,100000,0.1635,0.0101,0.000,0.0
2026-03-18 02:34:26,1,100000,0.1485,0.0105,0.000,0.0
2026-03-18 02:34:32,1,100000,0.1486,0.0104,0.000,0.0
2026-03-18 02:34:39,1,100000,0.1475,0.0100,0.000,0.0
2026-03-18 02:34:45,1,100000,0.1608,0.0105,0.000,0.0
2026-03-18 02:34:51,1,100000,0.1535,0.0104,0.000,0.0
2026-03-18 02:34:58,1,100000,0.1558,0.0103,0.000,0.0
2026-03-18 02:35:04,1,100000,0.1550,0.0104,0.000,0.0
2026-03-18 02:35:10,1,100000,0.1458,0.0102,0.000,0.0
2026-03-18 02:35:16,1,100000,0.1484,0.0100,0.000,0.0
2026-03-18 02:35:22,1,100000,0.1432,0.0103,0.000,0.0
2026-03-18 02:35:28,1,100000,0.1430,0.0101,0.000,0.0
2026-03-18 02:35:34,1,100000,0.1513,0.0099,0.000,0.0
2026-03-18 02:35:41,1,100000,0.1456,0.0106,0.000,0.0
2026-03-18 02:35:47,1,100000,0.1547,0.0100,0.000,0.0
2026-03-18 02:35:53,1,100000,0.1534,0.0104,0.000,0.0
2026-03-18 02:35:59,1,100000,0.1465,0.0101,0.000,0.0
2026-03-18 02:36:06,1,100000,0.1479,0.0100,0.000,0.0
2026-03-18 02:36:12,1,100000,0.1575,0.0103,0.000,0.0
2026-03-18 02:36:18,1,100000,0.1569,0.0104,0.000,0.0
2026-03-18 02:36:24,1,100000,0.1514,0.0099,0.000,0.0
2026-03-18 02:36:30,1,100000,0.1434,0.0100,0.000,0.0
2026-03-18 02:36:37,1,100000,0.1337,0.0098,0.000,0.0
2026-03-18 02:36:43,1,100000,0.1535,0.0101,0.000,0.0
2026-03-18 02:36:49,1,100000,0.1523,0.0100,0.000,0.0
2026-03-18 02:36:55,1,100000,0.1528,0.0099,0.000,0.0
2026-03-18 02:37:02,1,100000,0.1535,0.0101,0.000,0.0
2026-03-18 02:37:08,1,100000,0.1358,0.0099,0.000,0.0
2026-03-18 02:37:14,1,100000,0.1503,0.0100,0.000,0.0
2026-03-18 02:37:20,1,100000,0.1465,0.0097,0.000,0.0
2026-03-18 02:37:26,1,100000,0.1409,0.0100,0.000,0.0
2026-03-18 02:37:33,1,100000,0.1492,0.0101,0.000,0.0
2026-03-18 02:37:39,1,100000,0.1470,0.0099,0.000,0.0
2026-03-18 02:37:45,1,100000,0.1539,0.0100,0.000,0.0
2026-03-18 02:37:51,1,100000,0.1465,0.0102,0.000,0.0
2026-03-18 02:37:58,1,100000,0.1383,0.0099,0.000,0.0
2026-03-18 02:38:04,1,100000,0.1392,0.0100,0.000,0.0
2026-03-18 02:38:10,1,100000,0.1422,0.0099,0.000,0.0
2026-03-18 02:38:16,1,100000,0.1452,0.0099,0.000,0.0
2026-03-18 02:40:05,1,100000,0.1414,0.0100,0.280,-25.7
2026-03-18 02:40:13,1,100000,0.2006,0.0105,0.000,0.0
2026-03-18 02:40:20,1,100000,0.1899,0.0106,0.000,0.0
2026-03-18 02:40:26,1,100000,0.1803,0.0105,0.000,0.0
2026-03-18 02:40:32,1,100000,0.1786,0.0106,0.000,0.0
2026-03-18 02:40:38,1,100000,0.1690,0.0103,0.000,0.0
2026-03-18 02:40:44,1,100000,0.1743,0.0102,0.000,0.0
2026-03-18 02:40:51,1,100000,0.1686,0.0101,0.000,0.0
2026-03-18 02:40:57,1,100000,0.1679,0.0105,0.000,0.0
2026-03-18 02:41:03,1,100000,0.1610,0.0100,0.000,0.0
2026-03-18 02:41:09,1,100000,0.1646,0.0102,0.000,0.0
2026-03-18 02:41:15,1,100000,0.1626,0.0103,0.000,0.0
2026-03-18 02:41:22,1,100000,0.1573,0.0103,0.000,0.0
2026-03-18 02:41:28,1,100000,0.1511,0.0099,0.000,0.0
2026-03-18 02:41:34,1,100000,0.1515,0.0102,0.000,0.0
2026-03-18 02:41:40,1,100000,0.1516,0.0103,0.000,0.0
2026-03-18 02:41:46,1,100000,0.1572,0.0102,0.000,0.0
2026-03-18 02:41:51,1,100000,0.1586,0.0103,0.000,0.0
2026-03-18 02:41:58,1,100000,0.1512,0.0099,0.000,0.0
2026-03-18 02:42:04,1,100000,0.1551,0.0104,0.000,0.0
2026-03-18 02:42:10,1,100000,0.1477,0.0100,0.000,0.0
2026-03-18 02:42:16,1,100000,0.1426,0.0101,0.000,0.0
2026-03-18 02:42:22,1,100000,0.1499,0.0098,0.000,0.0
2026-03-18 02:42:28,1,100000,0.1534,0.0100,0.000,0.0
2026-03-18 02:42:34,1,100000,0.1438,0.0096,0.000,0.0
2026-03-18 02:42:40,1,100000,0.1484,0.0099,0.000,0.0
2026-03-18 02:42:46,1,100000,0.1535,0.0097,0.000,0.0
2026-03-18 02:42:52,1,100000,0.1529,0.0103,0.000,0.0
2026-03-18 02:42:58,1,100000,0.1534,0.0099,0.000,0.0
2026-03-18 02:43:04,1,100000,0.1554,0.0101,0.000,0.0
2026-03-18 02:43:10,1,100000,0.1456,0.0097,0.000,0.0
2026-03-18 02:43:16,1,100000,0.1508,0.0100,0.000,0.0
2026-03-18 02:43:22,1,100000,0.1487,0.0101,0.000,0.0
2026-03-18 02:43:28,1,100000,0.1417,0.0099,0.000,0.0
2026-03-18 02:43:34,1,100000,0.1484,0.0101,0.000,0.0
2026-03-18 02:43:40,1,100000,0.1487,0.0098,0.000,0.0
2026-03-18 02:43:47,1,100000,0.1422,0.0097,0.000,0.0
2026-03-18 02:43:53,1,100000,0.1426,0.0102,0.000,0.0
2026-03-18 02:43:59,1,100000,0.1548,0.0100,0.000,0.0
2026-03-18 02:44:05,1,100000,0.1477,0.0099,0.000,0.0
2026-03-18 02:44:11,1,100000,0.1439,0.0101,0.000,0.0
2026-03-18 02:44:17,1,100000,0.1352,0.0098,0.000,0.0
2026-03-18 02:44:23,1,100000,0.1483,0.0100,0.000,0.0
2026-03-18 02:44:29,1,100000,0.1372,0.0100,0.000,0.0
2026-03-18 02:44:35,1,100000,0.1490,0.0098,0.000,0.0
2026-03-18 02:44:41,1,100000,0.1457,0.0103,0.000,0.0
2026-03-18 02:44:47,1,100000,0.1422,0.0100,0.000,0.0
2026-03-18 02:44:53,1,100000,0.1412,0.0099,0.000,0.0
2026-03-18 02:44:59,1,100000,0.1381,0.0100,0.000,0.0
2026-03-18 02:45:06,1,100000,0.1452,0.0099,0.000,0.0
2026-03-18 02:45:12,1,100000,0.1291,0.0098,0.000,0.0
2026-03-18 02:45:18,1,100000,0.1356,0.0099,0.000,0.0
2026-03-18 02:45:24,1,100000,0.1303,0.0096,0.000,0.0
2026-03-18 02:45:30,1,100000,0.1418,0.0098,0.000,0.0
2026-03-18 02:46:59,1,100000,0.1390,0.0096,0.340,-40.5
2026-03-18 02:47:06,1,100000,0.1943,0.0104,0.000,0.0
2026-03-18 02:47:13,1,100000,0.1875,0.0108,0.000,0.0
2026-03-18 02:47:18,1,100000,0.1740,0.0106,0.000,0.0
2026-03-18 02:47:24,1,100000,0.1803,0.0105,0.000,0.0
2026-03-18 02:47:30,1,100000,0.1775,0.0104,0.000,0.0
2026-03-18 02:47:36,1,100000,0.1756,0.0101,0.000,0.0
2026-03-18 02:47:42,1,100000,0.1610,0.0100,0.000,0.0
2026-03-18 02:47:49,1,100000,0.1770,0.0106,0.000,0.0
2026-03-18 02:47:55,1,100000,0.1697,0.0106,0.000,0.0
2026-03-18 02:48:01,1,100000,0.1613,0.0100,0.000,0.0
2026-03-18 02:48:07,1,100000,0.1664,0.0103,0.000,0.0
2026-03-18 02:48:13,1,100000,0.1602,0.0100,0.000,0.0
2026-03-18 02:48:20,1,100000,0.1599,0.0099,0.000,0.0
2026-03-18 02:48:25,1,100000,0.1590,0.0099,0.000,0.0
2026-03-18 02:48:32,1,100000,0.1583,0.0101,0.000,0.0
2026-03-18 02:48:38,1,100000,0.1608,0.0101,0.000,0.0
2026-03-18 02:48:44,1,100000,0.1624,0.0100,0.000,0.0
2026-03-18 02:48:50,1,100000,0.1641,0.0102,0.000,0.0
2026-03-18 02:48:56,1,100000,0.1630,0.0101,0.000,0.0
2026-03-18 02:49:01,1,100000,0.1540,0.0098,0.000,0.0
2026-03-18 02:49:07,1,100000,0.1588,0.0098,0.000,0.0
2026-03-18 02:49:13,1,100000,0.1517,0.0100,0.000,0.0
2026-03-18 02:49:20,1,100000,0.1582,0.0100,0.000,0.0
2026-03-18 02:49:26,1,100000,0.1499,0.0096,0.000,0.0
2026-03-18 02:49:32,1,100000,0.1482,0.0097,0.000,0.0
2026-03-18 02:49:38,1,100000,0.1516,0.0099,0.000,0.0
2026-03-18 02:49:44,1,100000,0.1435,0.0098,0.000,0.0
2026-03-18 02:49:50,1,100000,0.1561,0.0098,0.000,0.0
2026-03-18 02:49:56,1,100000,0.1551,0.0099,0.000,0.0
2026-03-18 02:50:02,1,100000,0.1507,0.0094,0.000,0.0
2026-03-18 02:50:08,1,100000,0.1473,0.0098,0.000,0.0
2026-03-18 02:50:14,1,100000,0.1500,0.0098,0.000,0.0
2026-03-18 02:50:20,1,100000,0.1446,0.0097,0.000,0.0
2026-03-18 02:50:26,1,100000,0.1477,0.0099,0.000,0.0
2026-03-18 02:50:32,1,100000,0.1488,0.0098,0.000,0.0
2026-03-18 02:50:38,1,100000,0.1436,0.0097,0.000,0.0
2026-03-18 02:50:44,1,100000,0.1368,0.0098,0.000,0.0
2026-03-18 02:50:50,1,100000,0.1405,0.0099,0.000,0.0
2026-03-18 02:50:56,1,100000,0.1472,0.0098,0.000,0.0
2026-03-18 02:51:02,1,100000,0.1459,0.0099,0.000,0.0
2026-03-18 02:51:08,1,100000,0.1503,0.0100,0.000,0.0
2026-03-18 02:51:14,1,100000,0.1406,0.0100,0.000,0.0
2026-03-18 02:51:20,1,100000,0.1445,0.0098,0.000,0.0
2026-03-18 02:51:26,1,100000,0.1447,0.0098,0.000,0.0
2026-03-18 02:51:32,1,100000,0.1482,0.0097,0.000,0.0
2026-03-18 02:51:38,1,100000,0.1459,0.0096,0.000,0.0
2026-03-18 02:51:44,1,100000,0.1371,0.0098,0.000,0.0
2026-03-18 02:51:50,1,100000,0.1493,0.0099,0.000,0.0
2026-03-18 02:51:56,1,100000,0.1406,0.0098,0.000,0.0
2026-03-18 02:52:02,1,100000,0.1379,0.0099,0.000,0.0
2026-03-18 02:52:08,1,100000,0.1378,0.0099,0.000,0.0
2026-03-18 02:52:14,1,100000,0.1383,0.0099,0.000,0.0
2026-03-18 02:53:58,1,100000,0.1455,0.0098,0.280,-46.6
2026-03-18 02:54:05,1,100000,0.1957,0.0105,0.000,0.0
2026-03-18 02:54:11,1,100000,0.1943,0.0109,0.000,0.0
2026-03-18 02:54:17,1,100000,0.1889,0.0106,0.000,0.0
2026-03-18 02:54:23,1,100000,0.1807,0.0105,0.000,0.0
2026-03-18 02:54:30,1,100000,0.1844,0.0103,0.000,0.0
2026-03-18 02:54:35,1,100000,0.1849,0.0103,0.000,0.0
2026-03-18 02:54:41,1,100000,0.1889,0.0106,0.000,0.0
2026-03-18 02:54:47,1,100000,0.1774,0.0101,0.000,0.0
2026-03-18 02:54:53,1,100000,0.1696,0.0101,0.000,0.0
2026-03-18 02:54:59,1,100000,0.1694,0.0103,0.000,0.0
2026-03-18 02:55:05,1,100000,0.1631,0.0105,0.000,0.0
2026-03-18 02:55:11,1,100000,0.1757,0.0107,0.000,0.0
2026-03-18 02:55:17,1,100000,0.1672,0.0101,0.000,0.0
2026-03-18 02:55:23,1,100000,0.1632,0.0100,0.000,0.0
2026-03-18 02:55:29,1,100000,0.1593,0.0101,0.000,0.0
2026-03-18 02:55:36,1,100000,0.1711,0.0104,0.000,0.0
2026-03-18 02:55:41,1,100000,0.1638,0.0100,0.000,0.0
2026-03-18 02:55:48,1,100000,0.1611,0.0101,0.000,0.0
2026-03-18 02:55:54,1,100000,0.1638,0.0103,0.000,0.0
2026-03-18 02:55:59,1,100000,0.1556,0.0103,0.000,0.0
2026-03-18 02:56:06,1,100000,0.1541,0.0102,0.000,0.0
2026-03-18 02:56:12,1,100000,0.1713,0.0105,0.000,0.0
2026-03-18 02:56:18,1,100000,0.1561,0.0101,0.000,0.0
2026-03-18 02:56:24,1,100000,0.1549,0.0100,0.000,0.0
2026-03-18 02:56:30,1,100000,0.1671,0.0105,0.000,0.0
2026-03-18 02:56:36,1,100000,0.1626,0.0103,0.000,0.0
2026-03-18 02:56:41,1,100000,0.1568,0.0103,0.000,0.0
2026-03-18 02:56:47,1,100000,0.1532,0.0101,0.000,0.0
2026-03-18 02:56:53,1,100000,0.1595,0.0097,0.000,0.0
2026-03-18 02:57:00,1,100000,0.1552,0.0101,0.000,0.0
2026-03-18 02:57:06,1,100000,0.1560,0.0100,0.000,0.0
2026-03-18 02:57:12,1,100000,0.1579,0.0099,0.000,0.0
2026-03-18 02:57:18,1,100000,0.1546,0.0102,0.000,0.0
2026-03-18 02:57:24,1,100000,0.1580,0.0102,0.000,0.0
2026-03-18 02:57:30,1,100000,0.1524,0.0100,0.000,0.0
2026-03-18 02:57:36,1,100000,0.1588,0.0098,0.000,0.0
2026-03-18 02:57:42,1,100000,0.1583,0.0102,0.000,0.0
2026-03-18 02:57:48,1,100000,0.1451,0.0098,0.000,0.0
2026-03-18 02:57:54,1,100000,0.1470,0.0099,0.000,0.0
2026-03-18 02:58:00,1,100000,0.1533,0.0101,0.000,0.0
2026-03-18 02:58:06,1,100000,0.1512,0.0098,0.000,0.0
2026-03-18 02:58:12,1,100000,0.1468,0.0101,0.000,0.0
2026-03-18 02:58:18,1,100000,0.1512,0.0102,0.000,0.0
2026-03-18 02:58:24,1,100000,0.1543,0.0101,0.000,0.0
2026-03-18 02:58:30,1,100000,0.1533,0.0097,0.000,0.0
2026-03-18 02:58:36,1,100000,0.1428,0.0100,0.000,0.0
2026-03-18 02:58:42,1,100000,0.1491,0.0097,0.000,0.0
2026-03-18 02:58:49,1,100000,0.1451,0.0099,0.000,0.0
2026-03-18 02:58:55,1,100000,0.1394,0.0101,0.000,0.0
2026-03-18 02:59:01,1,100000,0.1438,0.0103,0.000,0.0
2026-03-18 02:59:07,1,100000,0.1450,0.0100,0.000,0.0
2026-03-18 02:59:13,1,100000,0.1415,0.0099,0.000,0.0
2026-03-18 03:00:54,1,100000,0.1432,0.0098,0.340,-29.1
2026-03-18 03:01:01,1,100000,0.1968,0.0108,0.000,0.0
2026-03-18 03:01:08,1,100000,0.1982,0.0107,0.000,0.0
2026-03-18 03:01:14,1,100000,0.1790,0.0109,0.000,0.0
2026-03-18 03:01:20,1,100000,0.1743,0.0105,0.000,0.0
2026-03-18 03:01:26,1,100000,0.1645,0.0101,0.000,0.0
2026-03-18 03:01:31,1,100000,0.1697,0.0101,0.000,0.0
2026-03-18 03:01:37,1,100000,0.1795,0.0105,0.000,0.0
2026-03-18 03:01:44,1,100000,0.1746,0.0104,0.000,0.0
2026-03-18 03:01:50,1,100000,0.1718,0.0106,0.000,0.0
2026-03-18 03:01:55,1,100000,0.1705,0.0106,0.000,0.0
2026-03-18 03:02:01,1,100000,0.1630,0.0103,0.000,0.0
2026-03-18 03:02:08,1,100000,0.1669,0.0100,0.000,0.0
2026-03-18 03:02:14,1,100000,0.1606,0.0105,0.000,0.0
2026-03-18 03:02:20,1,100000,0.1652,0.0106,0.000,0.0
2026-03-18 03:02:26,1,100000,0.1577,0.0099,0.000,0.0
2026-03-18 03:02:32,1,100000,0.1670,0.0102,0.000,0.0
2026-03-18 03:02:38,1,100000,0.1556,0.0103,0.000,0.0
2026-03-18 03:02:44,1,100000,0.1629,0.0100,0.000,0.0
2026-03-18 03:02:51,1,100000,0.1542,0.0105,0.000,0.0
2026-03-18 03:02:57,1,100000,0.1519,0.0104,0.000,0.0
2026-03-18 03:03:03,1,100000,0.1452,0.0103,0.000,0.0
2026-03-18 03:03:09,1,100000,0.1574,0.0101,0.000,0.0
2026-03-18 03:03:15,1,100000,0.1532,0.0101,0.000,0.0
2026-03-18 03:03:21,1,100000,0.1524,0.0100,0.000,0.0
2026-03-18 03:03:27,1,100000,0.1586,0.0102,0.000,0.0
2026-03-18 03:03:34,1,100000,0.1569,0.0098,0.000,0.0
2026-03-18 03:03:39,1,100000,0.1690,0.0106,0.000,0.0
2026-03-18 03:03:46,1,100000,0.1519,0.0100,0.000,0.0
2026-03-18 03:03:52,1,100000,0.1440,0.0100,0.000,0.0
2026-03-18 03:03:58,1,100000,0.1529,0.0101,0.000,0.0
2026-03-18 03:04:04,1,100000,0.1503,0.0097,0.000,0.0
2026-03-18 03:04:11,1,100000,0.1421,0.0099,0.000,0.0
2026-03-18 03:04:17,1,100000,0.1526,0.0101,0.000,0.0
2026-03-18 03:04:23,1,100000,0.1517,0.0100,0.000,0.0
2026-03-18 03:04:29,1,100000,0.1659,0.0105,0.000,0.0
2026-03-18 03:04:35,1,100000,0.1477,0.0103,0.000,0.0
2026-03-18 03:04:41,1,100000,0.1482,0.0098,0.000,0.0
2026-03-18 03:04:47,1,100000,0.1550,0.0102,0.000,0.0
2026-03-18 03:04:53,1,100000,0.1483,0.0101,0.000,0.0
2026-03-18 03:04:59,1,100000,0.1477,0.0101,0.000,0.0
2026-03-18 03:05:05,1,100000,0.1494,0.0106,0.000,0.0
2026-03-18 03:05:11,1,100000,0.1440,0.0098,0.000,0.0
2026-03-18 03:05:17,1,100000,0.1564,0.0104,0.000,0.0
2026-03-18 03:05:23,1,100000,0.1476,0.0100,0.000,0.0
2026-03-18 03:05:29,1,100000,0.1433,0.0096,0.000,0.0
2026-03-18 03:05:35,1,100000,0.1434,0.0098,0.000,0.0
2026-03-18 03:05:42,1,100000,0.1409,0.0099,0.000,0.0
2026-03-18 03:05:48,1,100000,0.1494,0.0102,0.000,0.0
2026-03-18 03:05:54,1,100000,0.1472,0.0098,0.000,0.0
2026-03-18 03:06:00,1,100000,0.1414,0.0102,0.000,0.0
2026-03-18 03:06:06,1,100000,0.1353,0.0099,0.000,0.0
2026-03-18 03:07:35,1,100000,0.1437,0.0102,0.520,-2.4
2026-03-18 03:07:42,1,100000,0.1895,0.0104,0.000,0.0
2026-03-18 03:07:48,1,100000,0.1813,0.0106,0.000,0.0
2026-03-18 03:07:55,1,100000,0.1903,0.0106,0.000,0.0
2026-03-18 03:08:01,1,100000,0.1772,0.0107,0.000,0.0
2026-03-18 03:08:07,1,100000,0.1750,0.0100,0.000,0.0
2026-03-18 03:08:13,1,100000,0.1710,0.0099,0.000,0.0
2026-03-18 03:08:19,1,100000,0.1713,0.0103,0.000,0.0
2026-03-18 03:08:25,1,100000,0.1674,0.0101,0.000,0.0
2026-03-18 03:08:31,1,100000,0.1614,0.0102,0.000,0.0
2026-03-18 03:08:37,1,100000,0.1712,0.0102,0.000,0.0
2026-03-18 03:08:43,1,100000,0.1619,0.0104,0.000,0.0
2026-03-18 03:08:49,1,100000,0.1635,0.0101,0.000,0.0
2026-03-18 03:08:55,1,100000,0.1693,0.0103,0.000,0.0
2026-03-18 03:09:01,1,100000,0.1578,0.0102,0.000,0.0
2026-03-18 03:09:08,1,100000,0.1682,0.0101,0.000,0.0
2026-03-18 03:09:14,1,100000,0.1556,0.0102,0.000,0.0
2026-03-18 03:09:20,1,100000,0.1638,0.0101,0.000,0.0
2026-03-18 03:09:26,1,100000,0.1540,0.0101,0.000,0.0
2026-03-18 03:09:32,1,100000,0.1520,0.0101,0.000,0.0
2026-03-18 03:09:38,1,100000,0.1699,0.0104,0.000,0.0
2026-03-18 03:09:45,1,100000,0.1488,0.0104,0.000,0.0
2026-03-18 03:09:51,1,100000,0.1468,0.0100,0.000,0.0
2026-03-18 03:09:57,1,100000,0.1541,0.0102,0.000,0.0
2026-03-18 03:10:04,1,100000,0.1477,0.0098,0.000,0.0
2026-03-18 03:10:10,1,100000,0.1565,0.0100,0.000,0.0
2026-03-18 03:10:17,1,100000,0.1516,0.0098,0.000,0.0
2026-03-18 03:10:23,1,100000,0.1525,0.0100,0.000,0.0
2026-03-18 03:10:29,1,100000,0.1454,0.0099,0.000,0.0
2026-03-18 03:10:36,1,100000,0.1506,0.0101,0.000,0.0
2026-03-18 03:10:42,1,100000,0.1583,0.0097,0.000,0.0
2026-03-18 03:10:50,1,100000,0.1499,0.0098,0.000,0.0
2026-03-18 03:10:58,1,100000,0.1492,0.0098,0.000,0.0
2026-03-18 03:11:04,1,100000,0.1452,0.0101,0.000,0.0
2026-03-18 03:11:11,1,100000,0.1527,0.0100,0.000,0.0
2026-03-18 03:11:18,1,100000,0.1435,0.0096,0.000,0.0
2026-03-18 03:11:26,1,100000,0.1403,0.0096,0.000,0.0
2026-03-18 03:11:32,1,100000,0.1355,0.0101,0.000,0.0
2026-03-18 03:11:41,1,100000,0.1345,0.0098,0.000,0.0
2026-03-18 03:11:47,1,100000,0.1345,0.0097,0.000,0.0
2026-03-18 03:11:56,1,100000,0.1376,0.0100,0.000,0.0
2026-03-18 03:12:03,1,100000,0.1380,0.0095,0.000,0.0
2026-03-18 03:12:16,1,100000,0.1447,0.0101,0.000,0.0
2026-03-18 03:12:24,1,100000,0.1383,0.0098,0.000,0.0
2026-03-18 03:12:32,1,100000,0.1312,0.0097,0.000,0.0
2026-03-18 03:12:39,1,100000,0.1474,0.0098,0.000,0.0
2026-03-18 03:12:48,1,100000,0.1425,0.0100,0.000,0.0
2026-03-18 03:12:55,1,100000,0.1340,0.0094,0.000,0.0
2026-03-18 03:13:01,1,100000,0.1400,0.0097,0.000,0.0
2026-03-18 03:13:09,1,100000,0.1376,0.0095,0.000,0.0
2026-03-18 03:13:15,1,100000,0.1395,0.0098,0.000,0.0
2026-03-18 03:13:21,1,100000,0.1363,0.0097,0.000,0.0
2026-03-18 03:13:28,1,100000,0.1377,0.0097,0.000,0.0
2026-03-18 03:13:34,1,100000,0.1402,0.0102,0.000,0.0
2026-03-18 03:13:40,1,100000,0.1381,0.0099,0.000,0.0
2026-03-18 03:13:46,1,100000,0.1359,0.0097,0.000,0.0
2026-03-18 03:13:52,1,100000,0.1400,0.0094,0.000,0.0
2026-03-18 03:13:58,1,100000,0.1436,0.0099,0.000,0.0
2026-03-18 03:14:04,1,100000,0.1397,0.0098,0.000,0.0
2026-03-18 03:15:43,1,100000,0.1348,0.0095,0.180,-61.2
2026-03-18 03:15:51,1,100000,0.1958,0.0105,0.000,0.0
2026-03-18 03:15:58,1,100000,0.1824,0.0107,0.000,0.0
2026-03-18 03:16:04,1,100000,0.1779,0.0102,0.000,0.0
2026-03-18 03:16:10,1,100000,0.1739,0.0102,0.000,0.0
2026-03-18 03:16:16,1,100000,0.1794,0.0106,0.000,0.0
2026-03-18 03:16:23,1,100000,0.1673,0.0101,0.000,0.0
2026-03-18 03:16:29,1,100000,0.1729,0.0104,0.000,0.0
2026-03-18 03:16:36,1,100000,0.1681,0.0101,0.000,0.0
2026-03-18 03:16:42,1,100000,0.1633,0.0099,0.000,0.0
2026-03-18 03:16:48,1,100000,0.1725,0.0103,0.000,0.0
2026-03-18 03:16:54,1,100000,0.1601,0.0099,0.000,0.0
2026-03-18 03:17:00,1,100000,0.1610,0.0102,0.000,0.0
2026-03-18 03:17:06,1,100000,0.1639,0.0100,0.000,0.0
2026-03-18 03:17:13,1,100000,0.1578,0.0095,0.000,0.0
2026-03-18 03:17:19,1,100000,0.1584,0.0098,0.000,0.0
2026-03-18 03:17:25,1,100000,0.1559,0.0100,0.000,0.0
2026-03-18 03:17:32,1,100000,0.1508,0.0097,0.000,0.0
2026-03-18 03:17:38,1,100000,0.1549,0.0101,0.000,0.0
2026-03-18 03:17:44,1,100000,0.1518,0.0099,0.000,0.0
2026-03-18 03:17:50,1,100000,0.1551,0.0098,0.000,0.0
2026-03-18 03:17:56,1,100000,0.1517,0.0095,0.000,0.0
2026-03-18 03:18:03,1,100000,0.1540,0.0098,0.000,0.0
2026-03-18 03:18:09,1,100000,0.1468,0.0097,0.000,0.0
2026-03-18 03:18:15,1,100000,0.1528,0.0093,0.000,0.0
2026-03-18 03:18:21,1,100000,0.1558,0.0101,0.000,0.0
2026-03-18 03:18:27,1,100000,0.1495,0.0097,0.000,0.0
2026-03-18 03:18:34,1,100000,0.1520,0.0091,0.000,0.0
2026-03-18 03:18:40,1,100000,0.1469,0.0100,0.000,0.0
2026-03-18 03:18:46,1,100000,0.1534,0.0097,0.000,0.0
2026-03-18 03:18:53,1,100000,0.1663,0.0097,0.000,0.0
2026-03-18 03:18:59,1,100000,0.1528,0.0097,0.000,0.0
2026-03-18 03:19:05,1,100000,0.1534,0.0098,0.000,0.0
2026-03-18 03:19:11,1,100000,0.1494,0.0094,0.000,0.0
2026-03-18 03:19:18,1,100000,0.1402,0.0096,0.000,0.0
2026-03-18 03:19:24,1,100000,0.1471,0.0095,0.000,0.0
2026-03-18 03:19:30,1,100000,0.1474,0.0099,0.000,0.0
2026-03-18 03:19:37,1,100000,0.1553,0.0095,0.000,0.0
2026-03-18 03:19:43,1,100000,0.1379,0.0093,0.000,0.0
2026-03-18 03:19:50,1,100000,0.1526,0.0094,0.000,0.0
2026-03-18 03:19:56,1,100000,0.1403,0.0097,0.000,0.0
2026-03-18 03:20:02,1,100000,0.1367,0.0094,0.000,0.0
2026-03-18 03:20:09,1,100000,0.1460,0.0094,0.000,0.0
2026-03-18 03:20:15,1,100000,0.1437,0.0095,0.000,0.0
2026-03-18 03:20:21,1,100000,0.1416,0.0097,0.000,0.0
2026-03-18 03:20:28,1,100000,0.1414,0.0095,0.000,0.0
2026-03-18 03:20:34,1,100000,0.1491,0.0095,0.000,0.0
2026-03-18 03:20:40,1,100000,0.1466,0.0096,0.000,0.0
2026-03-18 03:20:46,1,100000,0.1518,0.0096,0.000,0.0
2026-03-18 03:20:52,1,100000,0.1434,0.0096,0.000,0.0
2026-03-18 03:20:58,1,100000,0.1456,0.0098,0.000,0.0
2026-03-18 03:21:04,1,100000,0.1368,0.0095,0.000,0.0
2026-03-18 03:21:10,1,100000,0.1393,0.0098,0.000,0.0
2026-03-18 03:21:16,1,100000,0.1394,0.0096,0.000,0.0
2026-03-18 03:21:22,1,100000,0.1347,0.0095,0.000,0.0
2026-03-18 03:21:28,1,100000,0.1370,0.0097,0.000,0.0
2026-03-18 03:23:19,1,100000,0.1459,0.0097,0.360,-31.8
2026-03-18 03:23:28,1,100000,0.1834,0.0105,0.000,0.0
2026-03-18 03:23:34,1,100000,0.1795,0.0101,0.000,0.0
2026-03-18 03:23:40,1,100000,0.1798,0.0099,0.000,0.0
2026-03-18 03:23:46,1,100000,0.1828,0.0101,0.000,0.0
2026-03-18 03:23:53,1,100000,0.1802,0.0103,0.000,0.0
2026-03-18 03:23:59,1,100000,0.1839,0.0104,0.000,0.0
2026-03-18 03:24:05,1,100000,0.1707,0.0095,0.000,0.0
2026-03-18 03:24:11,1,100000,0.1724,0.0098,0.000,0.0
2026-03-18 03:24:17,1,100000,0.1667,0.0097,0.000,0.0
2026-03-18 03:24:23,1,100000,0.1728,0.0098,0.000,0.0
2026-03-18 03:24:30,1,100000,0.1828,0.0098,0.000,0.0
2026-03-18 03:24:36,1,100000,0.1637,0.0096,0.000,0.0
2026-03-18 03:24:42,1,100000,0.1688,0.0098,0.000,0.0
2026-03-18 03:24:48,1,100000,0.1672,0.0099,0.000,0.0
2026-03-18 03:24:54,1,100000,0.1633,0.0096,0.000,0.0
2026-03-18 03:25:00,1,100000,0.1658,0.0099,0.000,0.0
2026-03-18 03:25:06,1,100000,0.1725,0.0099,0.000,0.0
2026-03-18 03:25:11,1,100000,0.1687,0.0101,0.000,0.0
2026-03-18 03:25:17,1,100000,0.1633,0.0098,0.000,0.0
2026-03-18 03:25:23,1,100000,0.1646,0.0099,0.000,0.0
2026-03-18 03:25:30,1,100000,0.1690,0.0097,0.000,0.0
2026-03-18 03:25:36,1,100000,0.1703,0.0101,0.000,0.0
2026-03-18 03:25:42,1,100000,0.1576,0.0095,0.000,0.0
2026-03-18 03:25:48,1,100000,0.1623,0.0094,0.000,0.0
2026-03-18 03:25:54,1,100000,0.1515,0.0096,0.000,0.0
2026-03-18 03:26:00,1,100000,0.1569,0.0094,0.000,0.0
2026-03-18 03:26:06,1,100000,0.1577,0.0094,0.000,0.0
2026-03-18 03:26:12,1,100000,0.1630,0.0098,0.000,0.0
2026-03-18 03:26:18,1,100000,0.1617,0.0097,0.000,0.0
2026-03-18 03:26:25,1,100000,0.1689,0.0097,0.000,0.0
2026-03-18 03:26:30,1,100000,0.1509,0.0096,0.000,0.0
2026-03-18 03:26:37,1,100000,0.1567,0.0094,0.000,0.0
2026-03-18 03:26:43,1,100000,0.1503,0.0097,0.000,0.0
2026-03-18 03:26:49,1,100000,0.1619,0.0097,0.000,0.0
2026-03-18 03:26:55,1,100000,0.1582,0.0099,0.000,0.0
2026-03-18 03:27:01,1,100000,0.1456,0.0097,0.000,0.0
2026-03-18 03:27:07,1,100000,0.1643,0.0098,0.000,0.0
2026-03-18 03:27:13,1,100000,0.1548,0.0096,0.000,0.0
2026-03-18 03:27:19,1,100000,0.1508,0.0096,0.000,0.0
2026-03-18 03:27:25,1,100000,0.1641,0.0102,0.000,0.0
2026-03-18 03:27:32,1,100000,0.1526,0.0097,0.000,0.0
2026-03-18 03:27:38,1,100000,0.1510,0.0093,0.000,0.0
2026-03-18 03:27:44,1,100000,0.1561,0.0093,0.000,0.0
2026-03-18 03:27:51,1,100000,0.1486,0.0100,0.000,0.0
2026-03-18 03:27:57,1,100000,0.1488,0.0093,0.000,0.0
2026-03-18 03:28:03,1,100000,0.1535,0.0093,0.000,0.0
2026-03-18 03:28:09,1,100000,0.1536,0.0096,0.000,0.0
2026-03-18 03:28:16,1,100000,0.1483,0.0093,0.000,0.0
2026-03-18 03:28:22,1,100000,0.1568,0.0094,0.000,0.0
2026-03-18 03:28:28,1,100000,0.1517,0.0096,0.000,0.0
2026-03-18 03:28:35,1,100000,0.1522,0.0091,0.000,0.0
2026-03-18 03:28:41,1,100000,0.1502,0.0096,0.000,0.0
2026-03-18 03:28:47,1,100000,0.1433,0.0092,0.000,0.0
2026-03-18 03:30:36,1,100000,0.1462,0.0093,0.280,-32.8
2026-03-18 03:30:43,1,100000,0.2014,0.0099,0.000,0.0
2026-03-18 03:30:49,1,100000,0.1892,0.0102,0.000,0.0
2026-03-18 03:30:56,1,100000,0.1799,0.0099,0.000,0.0
2026-03-18 03:31:02,1,100000,0.1861,0.0097,0.000,0.0
2026-03-18 03:31:08,1,100000,0.1745,0.0098,0.000,0.0
2026-03-18 03:31:14,1,100000,0.1735,0.0094,0.000,0.0
2026-03-18 03:31:20,1,100000,0.1739,0.0095,0.000,0.0
2026-03-18 03:31:26,1,100000,0.1727,0.0100,0.000,0.0
2026-03-18 03:31:32,1,100000,0.1702,0.0098,0.000,0.0
2026-03-18 03:31:38,1,100000,0.1713,0.0097,0.000,0.0
2026-03-18 03:31:45,1,100000,0.1712,0.0098,0.000,0.0
2026-03-18 03:31:51,1,100000,0.1737,0.0098,0.000,0.0
2026-03-18 03:31:57,1,100000,0.1682,0.0097,0.000,0.0
2026-03-18 03:32:03,1,100000,0.1624,0.0094,0.000,0.0
2026-03-18 03:32:09,1,100000,0.1638,0.0094,0.000,0.0
2026-03-18 03:32:15,1,100000,0.1652,0.0095,0.000,0.0
2026-03-18 03:32:21,1,100000,0.1573,0.0097,0.000,0.0
2026-03-18 03:32:27,1,100000,0.1689,0.0095,0.000,0.0
2026-03-18 03:32:34,1,100000,0.1532,0.0095,0.000,0.0
2026-03-18 03:32:40,1,100000,0.1616,0.0097,0.000,0.0
2026-03-18 03:32:46,1,100000,0.1689,0.0094,0.000,0.0
2026-03-18 03:32:52,1,100000,0.1670,0.0096,0.000,0.0
2026-03-18 03:32:59,1,100000,0.1643,0.0093,0.000,0.0
2026-03-18 03:33:05,1,100000,0.1569,0.0093,0.000,0.0
2026-03-18 03:33:11,1,100000,0.1643,0.0096,0.000,0.0
2026-03-18 03:33:17,1,100000,0.1492,0.0093,0.000,0.0
2026-03-18 03:33:23,1,100000,0.1607,0.0096,0.000,0.0
2026-03-18 03:33:30,1,100000,0.1602,0.0095,0.000,0.0
2026-03-18 03:33:36,1,100000,0.1564,0.0095,0.000,0.0
2026-03-18 03:33:42,1,100000,0.1528,0.0096,0.000,0.0
2026-03-18 03:33:48,1,100000,0.1532,0.0097,0.000,0.0
2026-03-18 03:33:54,1,100000,0.1589,0.0097,0.000,0.0
2026-03-18 03:34:00,1,100000,0.1578,0.0093,0.000,0.0
2026-03-18 03:34:07,1,100000,0.1506,0.0096,0.000,0.0
2026-03-18 03:34:13,1,100000,0.1478,0.0095,0.000,0.0
2026-03-18 03:34:19,1,100000,0.1535,0.0095,0.000,0.0
2026-03-18 03:34:25,1,100000,0.1543,0.0098,0.000,0.0
2026-03-18 03:34:31,1,100000,0.1539,0.0096,0.000,0.0
2026-03-18 03:34:37,1,100000,0.1516,0.0091,0.000,0.0
2026-03-18 03:34:44,1,100000,0.1533,0.0098,0.000,0.0
2026-03-18 03:34:50,1,100000,0.1493,0.0095,0.000,0.0
2026-03-18 03:34:56,1,100000,0.1547,0.0095,0.000,0.0
2026-03-18 03:35:02,1,100000,0.1509,0.0090,0.000,0.0
2026-03-18 03:35:08,1,100000,0.1582,0.0093,0.000,0.0
2026-03-18 03:35:14,1,100000,0.1438,0.0093,0.000,0.0
2026-03-18 03:35:20,1,100000,0.1551,0.0096,0.000,0.0
2026-03-18 03:35:26,1,100000,0.1462,0.0090,0.000,0.0
2026-03-18 03:35:32,1,100000,0.1443,0.0092,0.000,0.0
2026-03-18 03:35:38,1,100000,0.1476,0.0093,0.000,0.0
2026-03-18 03:35:45,1,100000,0.1611,0.0095,0.000,0.0
2026-03-18 03:35:51,1,100000,0.1487,0.0093,0.000,0.0
2026-03-18 03:35:57,1,100000,0.1504,0.0095,0.000,0.0
2026-03-18 03:37:32,1,100000,0.1440,0.0090,0.320,-43.3
2026-03-18 03:37:39,1,100000,0.1849,0.0098,0.000,0.0
2026-03-18 03:37:45,1,100000,0.1814,0.0099,0.000,0.0
2026-03-18 03:37:51,1,100000,0.1955,0.0103,0.000,0.0
2026-03-18 03:37:57,1,100000,0.1933,0.0098,0.000,0.0
2026-03-18 03:38:03,1,100000,0.1793,0.0100,0.000,0.0
2026-03-18 03:38:10,1,100000,0.1788,0.0095,0.000,0.0
2026-03-18 03:38:16,1,100000,0.1856,0.0100,0.000,0.0
2026-03-18 03:38:22,1,100000,0.1767,0.0103,0.000,0.0
2026-03-18 03:38:28,1,100000,0.1720,0.0096,0.000,0.0
2026-03-18 03:38:34,1,100000,0.1802,0.0097,0.000,0.0
2026-03-18 03:38:40,1,100000,0.1832,0.0098,0.000,0.0
2026-03-18 03:38:47,1,100000,0.1721,0.0097,0.000,0.0
2026-03-18 03:38:52,1,100000,0.1727,0.0100,0.000,0.0
2026-03-18 03:38:58,1,100000,0.1778,0.0094,0.000,0.0
2026-03-18 03:39:04,1,100000,0.1666,0.0097,0.000,0.0
2026-03-18 03:39:10,1,100000,0.1722,0.0096,0.000,0.0
2026-03-18 03:39:16,1,100000,0.1781,0.0099,0.000,0.0
2026-03-18 03:39:23,1,100000,0.1639,0.0099,0.000,0.0
2026-03-18 03:39:29,1,100000,0.1690,0.0098,0.000,0.0
2026-03-18 03:39:35,1,100000,0.1683,0.0096,0.000,0.0
2026-03-18 03:39:41,1,100000,0.1732,0.0097,0.000,0.0
2026-03-18 03:39:47,1,100000,0.1629,0.0095,0.000,0.0
2026-03-18 03:39:53,1,100000,0.1563,0.0095,0.000,0.0
2026-03-18 03:39:59,1,100000,0.1661,0.0098,0.000,0.0
2026-03-18 03:40:05,1,100000,0.1614,0.0097,0.000,0.0
2026-03-18 03:40:11,1,100000,0.1667,0.0092,0.000,0.0
2026-03-18 03:40:17,1,100000,0.1701,0.0093,0.000,0.0
2026-03-18 03:40:23,1,100000,0.1614,0.0094,0.000,0.0
2026-03-18 03:40:29,1,100000,0.1637,0.0099,0.000,0.0
2026-03-18 03:40:35,1,100000,0.1668,0.0097,0.000,0.0
2026-03-18 03:40:41,1,100000,0.1606,0.0094,0.000,0.0
2026-03-18 03:40:46,1,100000,0.1641,0.0097,0.000,0.0
2026-03-18 03:40:52,1,100000,0.1653,0.0097,0.000,0.0
2026-03-18 03:40:58,1,100000,0.1664,0.0096,0.000,0.0
2026-03-18 03:41:04,1,100000,0.1585,0.0091,0.000,0.0
2026-03-18 03:41:10,1,100000,0.1594,0.0095,0.000,0.0
2026-03-18 03:41:16,1,100000,0.1592,0.0093,0.000,0.0
2026-03-18 03:41:22,1,100000,0.1609,0.0093,0.000,0.0
2026-03-18 03:41:27,1,100000,0.1613,0.0093,0.000,0.0
2026-03-18 03:41:33,1,100000,0.1692,0.0098,0.000,0.0
2026-03-18 03:41:39,1,100000,0.1616,0.0093,0.000,0.0
2026-03-18 03:41:45,1,100000,0.1554,0.0093,0.000,0.0
2026-03-18 03:41:51,1,100000,0.1545,0.0096,0.000,0.0
2026-03-18 03:41:57,1,100000,0.1589,0.0093,0.000,0.0
2026-03-18 03:42:03,1,100000,0.1497,0.0094,0.000,0.0
2026-03-18 03:42:09,1,100000,0.1521,0.0092,0.000,0.0
2026-03-18 03:42:15,1,100000,0.1576,0.0094,0.000,0.0
2026-03-18 03:42:21,1,100000,0.1548,0.0093,0.000,0.0
2026-03-18 03:42:27,1,100000,0.1530,0.0092,0.000,0.0
2026-03-18 03:42:33,1,100000,0.1556,0.0096,0.000,0.0
2026-03-18 03:42:38,1,100000,0.1544,0.0093,0.000,0.0
2026-03-18 03:42:45,1,100000,0.1539,0.0094,0.000,0.0
2026-03-18 03:44:17,1,100000,0.1555,0.0093,0.520,0.0
2026-03-18 03:44:24,1,100000,0.2052,0.0100,0.000,0.0
2026-03-18 03:44:30,1,100000,0.1964,0.0099,0.000,0.0
2026-03-18 03:44:36,1,100000,0.2069,0.0102,0.000,0.0
2026-03-18 03:44:42,1,100000,0.1991,0.0104,0.000,0.0
2026-03-18 03:44:48,1,100000,0.1884,0.0098,0.000,0.0
2026-03-18 03:44:54,1,100000,0.1796,0.0096,0.000,0.0
2026-03-18 03:45:00,1,100000,0.1823,0.0099,0.000,0.0
2026-03-18 03:45:06,1,100000,0.1824,0.0099,0.000,0.0
2026-03-18 03:45:11,1,100000,0.1789,0.0097,0.000,0.0
2026-03-18 03:45:17,1,100000,0.1760,0.0096,0.000,0.0
2026-03-18 03:45:23,1,100000,0.1806,0.0096,0.000,0.0
2026-03-18 03:45:29,1,100000,0.1876,0.0096,0.000,0.0
2026-03-18 03:45:35,1,100000,0.1738,0.0098,0.000,0.0
2026-03-18 03:45:41,1,100000,0.1786,0.0094,0.000,0.0
2026-03-18 03:45:47,1,100000,0.1709,0.0094,0.000,0.0
2026-03-18 03:45:53,1,100000,0.1793,0.0098,0.000,0.0
2026-03-18 03:45:59,1,100000,0.1754,0.0100,0.000,0.0
2026-03-18 03:46:05,1,100000,0.1755,0.0097,0.000,0.0
2026-03-18 03:46:11,1,100000,0.1683,0.0097,0.000,0.0
2026-03-18 03:46:17,1,100000,0.1800,0.0097,0.000,0.0
2026-03-18 03:46:23,1,100000,0.1647,0.0094,0.000,0.0
2026-03-18 03:46:29,1,100000,0.1748,0.0095,0.000,0.0
2026-03-18 03:46:35,1,100000,0.1696,0.0094,0.000,0.0
2026-03-18 03:46:41,1,100000,0.1706,0.0094,0.000,0.0
2026-03-18 03:46:47,1,100000,0.1746,0.0096,0.000,0.0
2026-03-18 03:46:53,1,100000,0.1756,0.0095,0.000,0.0
2026-03-18 03:46:59,1,100000,0.1756,0.0094,0.000,0.0
2026-03-18 03:47:05,1,100000,0.1666,0.0092,0.000,0.0
2026-03-18 03:47:11,1,100000,0.1734,0.0094,0.000,0.0
2026-03-18 03:47:17,1,100000,0.1691,0.0095,0.000,0.0
2026-03-18 03:47:23,1,100000,0.1727,0.0096,0.000,0.0
2026-03-18 03:47:29,1,100000,0.1802,0.0095,0.000,0.0
2026-03-18 03:47:35,1,100000,0.1656,0.0094,0.000,0.0
2026-03-18 03:47:41,1,100000,0.1638,0.0093,0.000,0.0
2026-03-18 03:47:47,1,100000,0.1705,0.0093,0.000,0.0
2026-03-18 03:47:53,1,100000,0.1658,0.0096,0.000,0.0
2026-03-18 03:47:59,1,100000,0.1660,0.0097,0.000,0.0
2026-03-18 03:48:05,1,100000,0.1683,0.0093,0.000,0.0
2026-03-18 03:48:11,1,100000,0.1700,0.0096,0.000,0.0
2026-03-18 03:48:17,1,100000,0.1609,0.0094,0.000,0.0
2026-03-18 03:48:24,1,100000,0.1692,0.0094,0.000,0.0
2026-03-18 03:48:30,1,100000,0.1635,0.0094,0.000,0.0
2026-03-18 03:48:36,1,100000,0.1601,0.0091,0.000,0.0
2026-03-18 03:48:42,1,100000,0.1731,0.0096,0.000,0.0
2026-03-18 03:48:48,1,100000,0.1608,0.0096,0.000,0.0
2026-03-18 03:48:54,1,100000,0.1684,0.0097,0.000,0.0
2026-03-18 03:49:00,1,100000,0.1618,0.0096,0.000,0.0
2026-03-18 03:49:06,1,100000,0.1614,0.0094,0.000,0.0
2026-03-18 03:49:12,1,100000,0.1572,0.0092,0.000,0.0
2026-03-18 03:49:18,1,100000,0.1561,0.0091,0.000,0.0
2026-03-18 03:49:24,1,100000,0.1567,0.0090,0.000,0.0
2026-03-18 03:49:31,1,100000,0.1578,0.0094,0.000,0.0
2026-03-18 03:49:37,1,100000,0.1640,0.0096,0.000,0.0
2026-03-18 03:51:16,1,100000,0.1704,0.0099,0.380,-23.0
2026-03-18 03:51:23,1,100000,0.2027,0.0098,0.000,0.0
2026-03-18 03:51:29,1,100000,0.2066,0.0105,0.000,0.0
2026-03-18 03:51:35,1,100000,0.2164,0.0102,0.000,0.0
2026-03-18 03:51:41,1,100000,0.1933,0.0099,0.000,0.0
2026-03-18 03:51:47,1,100000,0.1961,0.0100,0.000,0.0
2026-03-18 03:51:53,1,100000,0.1932,0.0103,0.000,0.0
2026-03-18 03:51:58,1,100000,0.1966,0.0097,0.000,0.0
2026-03-18 03:52:04,1,100000,0.1913,0.0098,0.000,0.0
2026-03-18 03:52:10,1,100000,0.1839,0.0096,0.000,0.0
2026-03-18 03:52:16,1,100000,0.1853,0.0096,0.000,0.0
2026-03-18 03:52:22,1,100000,0.1818,0.0097,0.000,0.0
2026-03-18 03:52:28,1,100000,0.1864,0.0094,0.000,0.0
2026-03-18 03:52:34,1,100000,0.1778,0.0097,0.000,0.0
2026-03-18 03:52:40,1,100000,0.1838,0.0099,0.000,0.0
2026-03-18 03:52:46,1,100000,0.1736,0.0096,0.000,0.0
2026-03-18 03:52:52,1,100000,0.1730,0.0096,0.000,0.0
2026-03-18 03:52:58,1,100000,0.1883,0.0100,0.000,0.0
2026-03-18 03:53:04,1,100000,0.1712,0.0097,0.000,0.0
2026-03-18 03:53:10,1,100000,0.1852,0.0096,0.000,0.0
2026-03-18 03:53:17,1,100000,0.1702,0.0095,0.000,0.0
2026-03-18 03:53:22,1,100000,0.1773,0.0093,0.000,0.0
2026-03-18 03:53:28,1,100000,0.1813,0.0096,0.000,0.0
2026-03-18 03:53:35,1,100000,0.1651,0.0093,0.000,0.0
2026-03-18 03:53:41,1,100000,0.1701,0.0091,0.000,0.0
2026-03-18 03:53:47,1,100000,0.1756,0.0096,0.000,0.0
2026-03-18 03:53:53,1,100000,0.1690,0.0095,0.000,0.0
2026-03-18 03:53:59,1,100000,0.1724,0.0094,0.000,0.0
2026-03-18 03:54:06,1,100000,0.1651,0.0092,0.000,0.0
2026-03-18 03:54:12,1,100000,0.1732,0.0097,0.000,0.0
2026-03-18 03:54:18,1,100000,0.1718,0.0094,0.000,0.0
2026-03-18 03:54:24,1,100000,0.1671,0.0094,0.000,0.0
2026-03-18 03:54:30,1,100000,0.1738,0.0093,0.000,0.0
2026-03-18 03:54:37,1,100000,0.1701,0.0097,0.000,0.0
2026-03-18 03:54:43,1,100000,0.1568,0.0093,0.000,0.0
2026-03-18 03:54:49,1,100000,0.1641,0.0094,0.000,0.0
2026-03-18 03:54:55,1,100000,0.1596,0.0091,0.000,0.0
2026-03-18 03:55:01,1,100000,0.1650,0.0096,0.000,0.0
2026-03-18 03:55:07,1,100000,0.1593,0.0094,0.000,0.0
2026-03-18 03:55:13,1,100000,0.1683,0.0095,0.000,0.0
2026-03-18 03:55:19,1,100000,0.1683,0.0094,0.000,0.0
2026-03-18 03:55:25,1,100000,0.1716,0.0097,0.000,0.0
2026-03-18 03:55:31,1,100000,0.1623,0.0097,0.000,0.0
2026-03-18 03:55:37,1,100000,0.1654,0.0100,0.000,0.0
2026-03-18 03:55:43,1,100000,0.1600,0.0095,0.000,0.0
2026-03-18 03:55:49,1,100000,0.1711,0.0096,0.000,0.0
2026-03-18 03:55:55,1,100000,0.1640,0.0094,0.000,0.0
2026-03-18 03:56:01,1,100000,0.1624,0.0092,0.000,0.0
2026-03-18 03:56:07,1,100000,0.1662,0.0093,0.000,0.0
2026-03-18 03:56:14,1,100000,0.1624,0.0093,0.000,0.0
2026-03-18 03:56:20,1,100000,0.1656,0.0096,0.000,0.0
2026-03-18 03:56:26,1,100000,0.1581,0.0098,0.000,0.0
2026-03-18 03:56:32,1,100000,0.1614,0.0096,0.000,0.0
2026-03-18 03:58:08,1,100000,0.1549,0.0095,0.260,-53.4
2026-03-18 03:58:16,1,100000,0.2112,0.0104,0.000,0.0
2026-03-18 03:58:22,1,100000,0.2033,0.0104,0.000,0.0
2026-03-18 03:58:28,1,100000,0.1955,0.0100,0.000,0.0
2026-03-18 03:58:34,1,100000,0.1924,0.0101,0.000,0.0
2026-03-18 03:58:40,1,100000,0.1922,0.0101,0.000,0.0
2026-03-18 03:58:46,1,100000,0.1866,0.0104,0.000,0.0
2026-03-18 03:58:52,1,100000,0.1894,0.0102,0.000,0.0
2026-03-18 03:58:58,1,100000,0.1833,0.0096,0.000,0.0
2026-03-18 03:59:04,1,100000,0.1834,0.0099,0.000,0.0
2026-03-18 03:59:10,1,100000,0.1858,0.0098,0.000,0.0
2026-03-18 03:59:17,1,100000,0.1942,0.0099,0.000,0.0
2026-03-18 03:59:23,1,100000,0.1847,0.0101,0.000,0.0
2026-03-18 03:59:29,1,100000,0.1765,0.0101,0.000,0.0
2026-03-18 03:59:34,1,100000,0.1796,0.0098,0.000,0.0
2026-03-18 03:59:40,1,100000,0.1896,0.0102,0.000,0.0
2026-03-18 03:59:46,1,100000,0.1737,0.0098,0.000,0.0
2026-03-18 03:59:52,1,100000,0.1827,0.0099,0.000,0.0
2026-03-18 03:59:59,1,100000,0.1805,0.0096,0.000,0.0
2026-03-18 04:00:05,1,100000,0.1752,0.0099,0.000,0.0
2026-03-18 04:00:11,1,100000,0.1747,0.0099,0.000,0.0
2026-03-18 04:00:17,1,100000,0.1777,0.0095,0.000,0.0
2026-03-18 04:00:23,1,100000,0.1771,0.0100,0.000,0.0
2026-03-18 04:00:29,1,100000,0.1782,0.0094,0.000,0.0
2026-03-18 04:00:35,1,100000,0.1750,0.0101,0.000,0.0
2026-03-18 04:00:41,1,100000,0.1790,0.0098,0.000,0.0
2026-03-18 04:00:47,1,100000,0.1760,0.0099,0.000,0.0
2026-03-18 04:00:54,1,100000,0.1721,0.0099,0.000,0.0
2026-03-18 04:01:00,1,100000,0.1740,0.0097,0.000,0.0
2026-03-18 04:01:06,1,100000,0.1692,0.0096,0.000,0.0
2026-03-18 04:01:13,1,100000,0.1752,0.0096,0.000,0.0
2026-03-18 04:01:20,1,100000,0.1723,0.0096,0.000,0.0
2026-03-18 04:01:26,1,100000,0.1625,0.0097,0.000,0.0
2026-03-18 04:01:32,1,100000,0.1602,0.0096,0.000,0.0
2026-03-18 04:01:38,1,100000,0.1687,0.0097,0.000,0.0
2026-03-18 04:01:44,1,100000,0.1594,0.0095,0.000,0.0
2026-03-18 04:01:50,1,100000,0.1657,0.0094,0.000,0.0
2026-03-18 04:01:56,1,100000,0.1626,0.0095,0.000,0.0
2026-03-18 04:02:02,1,100000,0.1803,0.0100,0.000,0.0
2026-03-18 04:02:08,1,100000,0.1639,0.0095,0.000,0.0
2026-03-18 04:02:14,1,100000,0.1675,0.0096,0.000,0.0
2026-03-18 04:02:20,1,100000,0.1530,0.0099,0.000,0.0
2026-03-18 04:02:26,1,100000,0.1619,0.0096,0.000,0.0
2026-03-18 04:02:32,1,100000,0.1552,0.0095,0.000,0.0
2026-03-18 04:02:38,1,100000,0.1626,0.0095,0.000,0.0
2026-03-18 04:02:45,1,100000,0.1625,0.0099,0.000,0.0
2026-03-18 04:02:51,1,100000,0.1613,0.0095,0.000,0.0
2026-03-18 04:02:57,1,100000,0.1572,0.0098,0.000,0.0
2026-03-18 04:03:04,1,100000,0.1521,0.0096,0.000,0.0
2026-03-18 04:03:09,1,100000,0.1569,0.0097,0.000,0.0
2026-03-18 04:03:16,1,100000,0.1578,0.0095,0.000,0.0
2026-03-18 04:03:22,1,100000,0.1532,0.0096,0.000,0.0
2026-03-18 04:03:28,1,100000,0.1658,0.0097,0.000,0.0
2026-03-18 04:03:34,1,100000,0.1583,0.0100,0.000,0.0
2026-03-18 04:05:13,1,100000,0.1597,0.0099,0.380,-25.2
2026-03-18 04:05:21,1,100000,0.2029,0.0106,0.000,0.0
2026-03-18 04:05:27,1,100000,0.1826,0.0101,0.000,0.0
2026-03-18 04:05:33,1,100000,0.1858,0.0101,0.000,0.0
2026-03-18 04:05:39,1,100000,0.1880,0.0100,0.000,0.0
2026-03-18 04:05:45,1,100000,0.1858,0.0099,0.000,0.0
2026-03-18 04:05:51,1,100000,0.1810,0.0097,0.000,0.0
2026-03-18 04:05:58,1,100000,0.1820,0.0099,0.000,0.0
2026-03-18 04:06:04,1,100000,0.1741,0.0099,0.000,0.0
2026-03-18 04:06:10,1,100000,0.1766,0.0098,0.000,0.0
2026-03-18 04:06:16,1,100000,0.1779,0.0100,0.000,0.0
2026-03-18 04:06:22,1,100000,0.1783,0.0100,0.000,0.0
2026-03-18 04:06:28,1,100000,0.1797,0.0099,0.000,0.0
2026-03-18 04:06:34,1,100000,0.1733,0.0097,0.000,0.0
2026-03-18 04:06:40,1,100000,0.1654,0.0098,0.000,0.0
2026-03-18 04:06:46,1,100000,0.1636,0.0100,0.000,0.0
2026-03-18 04:06:53,1,100000,0.1690,0.0099,0.000,0.0
2026-03-18 04:06:59,1,100000,0.1789,0.0097,0.000,0.0
2026-03-18 04:07:05,1,100000,0.1736,0.0098,0.000,0.0
2026-03-18 04:07:11,1,100000,0.1598,0.0096,0.000,0.0
2026-03-18 04:07:18,1,100000,0.1578,0.0097,0.000,0.0
2026-03-18 04:07:24,1,100000,0.1550,0.0096,0.000,0.0
2026-03-18 04:07:30,1,100000,0.1663,0.0100,0.000,0.0
2026-03-18 04:07:36,1,100000,0.1703,0.0097,0.000,0.0
2026-03-18 04:07:42,1,100000,0.1657,0.0098,0.000,0.0
2026-03-18 04:07:48,1,100000,0.1698,0.0098,0.000,0.0
2026-03-18 04:07:55,1,100000,0.1679,0.0097,0.000,0.0
2026-03-18 04:08:01,1,100000,0.1649,0.0099,0.000,0.0
2026-03-18 04:08:07,1,100000,0.1621,0.0096,0.000,0.0
2026-03-18 04:08:13,1,100000,0.1556,0.0096,0.000,0.0
2026-03-18 04:08:19,1,100000,0.1664,0.0097,0.000,0.0
2026-03-18 04:08:25,1,100000,0.1585,0.0097,0.000,0.0
2026-03-18 04:08:31,1,100000,0.1667,0.0098,0.000,0.0
2026-03-18 04:08:37,1,100000,0.1609,0.0096,0.000,0.0
2026-03-18 04:08:43,1,100000,0.1578,0.0098,0.000,0.0
2026-03-18 04:08:49,1,100000,0.1628,0.0100,0.000,0.0
2026-03-18 04:08:56,1,100000,0.1598,0.0098,0.000,0.0
2026-03-18 04:09:03,1,100000,0.1617,0.0095,0.000,0.0
2026-03-18 04:09:09,1,100000,0.1533,0.0096,0.000,0.0
2026-03-18 04:09:15,1,100000,0.1630,0.0097,0.000,0.0
2026-03-18 04:09:21,1,100000,0.1566,0.0094,0.000,0.0
2026-03-18 04:09:27,1,100000,0.1575,0.0101,0.000,0.0
2026-03-18 04:09:34,1,100000,0.1538,0.0097,0.000,0.0
2026-03-18 04:09:40,1,100000,0.1500,0.0097,0.000,0.0
2026-03-18 04:09:46,1,100000,0.1563,0.0097,0.000,0.0
2026-03-18 04:09:52,1,100000,0.1457,0.0093,0.000,0.0
2026-03-18 04:09:58,1,100000,0.1590,0.0098,0.000,0.0
2026-03-18 04:10:04,1,100000,0.1543,0.0097,0.000,0.0
2026-03-18 04:10:11,1,100000,0.1495,0.0096,0.000,0.0
2026-03-18 04:10:17,1,100000,0.1576,0.0095,0.000,0.0
2026-03-18 04:10:23,1,100000,0.1504,0.0093,0.000,0.0
2026-03-18 04:10:29,1,100000,0.1501,0.0096,0.000,0.0
2026-03-18 04:10:35,1,100000,0.1485,0.0095,0.000,0.0
2026-03-18 04:12:11,1,100000,0.1483,0.0097,0.260,-33.4
2026-03-18 04:12:18,1,100000,0.2035,0.0105,0.000,0.0
2026-03-18 04:12:24,1,100000,0.2052,0.0103,0.000,0.0
2026-03-18 04:12:30,1,100000,0.1785,0.0100,0.000,0.0
2026-03-18 04:12:36,1,100000,0.1843,0.0099,0.000,0.0
2026-03-18 04:12:43,1,100000,0.1747,0.0097,0.000,0.0
2026-03-18 04:12:49,1,100000,0.1806,0.0099,0.000,0.0
2026-03-18 04:12:55,1,100000,0.1756,0.0100,0.000,0.0
2026-03-18 04:13:02,1,100000,0.1842,0.0100,0.000,0.0
2026-03-18 04:13:08,1,100000,0.1751,0.0101,0.000,0.0
2026-03-18 04:13:14,1,100000,0.1737,0.0100,0.000,0.0
2026-03-18 04:13:20,1,100000,0.1741,0.0101,0.000,0.0
2026-03-18 04:13:26,1,100000,0.1741,0.0102,0.000,0.0
2026-03-18 04:13:32,1,100000,0.1737,0.0101,0.000,0.0
2026-03-18 04:13:38,1,100000,0.1590,0.0096,0.000,0.0
2026-03-18 04:13:44,1,100000,0.1716,0.0101,0.000,0.0
2026-03-18 04:13:50,1,100000,0.1864,0.0101,0.000,0.0
2026-03-18 04:13:57,1,100000,0.1666,0.0097,0.000,0.0
2026-03-18 04:14:03,1,100000,0.1613,0.0096,0.000,0.0
2026-03-18 04:14:09,1,100000,0.1595,0.0098,0.000,0.0
2026-03-18 04:14:15,1,100000,0.1561,0.0097,0.000,0.0
2026-03-18 04:14:21,1,100000,0.1695,0.0096,0.000,0.0
2026-03-18 04:14:27,1,100000,0.1625,0.0100,0.000,0.0
2026-03-18 04:14:33,1,100000,0.1519,0.0096,0.000,0.0
2026-03-18 04:14:41,1,100000,0.1492,0.0095,0.000,0.0
2026-03-18 04:14:47,1,100000,0.1553,0.0095,0.000,0.0
2026-03-18 04:14:53,1,100000,0.1540,0.0096,0.000,0.0
2026-03-18 04:14:59,1,100000,0.1567,0.0097,0.000,0.0
2026-03-18 04:15:05,1,100000,0.1533,0.0094,0.000,0.0
2026-03-18 04:15:11,1,100000,0.1494,0.0097,0.000,0.0
2026-03-18 04:15:17,1,100000,0.1519,0.0097,0.000,0.0
2026-03-18 04:15:23,1,100000,0.1507,0.0094,0.000,0.0
2026-03-18 04:15:29,1,100000,0.1508,0.0097,0.000,0.0
2026-03-18 04:15:35,1,100000,0.1548,0.0098,0.000,0.0
2026-03-18 04:15:41,1,100000,0.1587,0.0096,0.000,0.0
2026-03-18 04:15:47,1,100000,0.1439,0.0095,0.000,0.0
2026-03-18 04:15:53,1,100000,0.1494,0.0096,0.000,0.0
2026-03-18 04:15:59,1,100000,0.1510,0.0098,0.000,0.0
2026-03-18 04:16:04,1,100000,0.1407,0.0097,0.000,0.0
2026-03-18 04:16:10,1,100000,0.1460,0.0099,0.000,0.0
2026-03-18 04:16:16,1,100000,0.1501,0.0097,0.000,0.0
2026-03-18 04:16:23,1,100000,0.1470,0.0097,0.000,0.0
2026-03-18 04:16:29,1,100000,0.1450,0.0095,0.000,0.0
2026-03-18 04:16:35,1,100000,0.1469,0.0096,0.000,0.0
2026-03-18 04:16:41,1,100000,0.1467,0.0102,0.000,0.0
2026-03-18 04:16:47,1,100000,0.1503,0.0102,0.000,0.0
2026-03-18 04:16:53,1,100000,0.1395,0.0099,0.000,0.0
2026-03-18 04:16:59,1,100000,0.1511,0.0097,0.000,0.0
2026-03-18 04:17:05,1,100000,0.1469,0.0096,0.000,0.0
2026-03-18 04:17:11,1,100000,0.1439,0.0096,0.000,0.0
2026-03-18 04:17:17,1,100000,0.1434,0.0097,0.000,0.0
2026-03-18 04:17:23,1,100000,0.1503,0.0100,0.000,0.0
2026-03-18 04:17:29,1,100000,0.1455,0.0098,0.000,0.0
2026-03-18 04:17:35,1,100000,0.1512,0.0100,0.000,0.0
2026-03-18 04:19:06,1,100000,0.1386,0.0097,0.320,-40.1
2026-03-18 04:19:13,1,100000,0.2003,0.0104,0.000,0.0
2026-03-18 04:19:19,1,100000,0.1777,0.0103,0.000,0.0
2026-03-18 04:19:25,1,100000,0.1848,0.0103,0.000,0.0
2026-03-18 04:19:31,1,100000,0.1707,0.0099,0.000,0.0
2026-03-18 04:19:37,1,100000,0.1762,0.0099,0.000,0.0
2026-03-18 04:19:43,1,100000,0.1797,0.0103,0.000,0.0
2026-03-18 04:19:49,1,100000,0.1785,0.0100,0.000,0.0
2026-03-18 04:19:55,1,100000,0.1702,0.0097,0.000,0.0
2026-03-18 04:20:02,1,100000,0.1633,0.0101,0.000,0.0
2026-03-18 04:20:08,1,100000,0.1673,0.0099,0.000,0.0
2026-03-18 04:20:14,1,100000,0.1650,0.0096,0.000,0.0
2026-03-18 04:20:20,1,100000,0.1612,0.0099,0.000,0.0
2026-03-18 04:20:26,1,100000,0.1690,0.0102,0.000,0.0
2026-03-18 04:20:31,1,100000,0.1621,0.0099,0.000,0.0
2026-03-18 04:20:37,1,100000,0.1617,0.0099,0.000,0.0
2026-03-18 04:20:43,1,100000,0.1616,0.0102,0.000,0.0
2026-03-18 04:20:49,1,100000,0.1547,0.0101,0.000,0.0
2026-03-18 04:20:55,1,100000,0.1584,0.0098,0.000,0.0
2026-03-18 04:21:01,1,100000,0.1646,0.0100,0.000,0.0
2026-03-18 04:21:07,1,100000,0.1570,0.0099,0.000,0.0
2026-03-18 04:21:13,1,100000,0.1564,0.0101,0.000,0.0
2026-03-18 04:21:20,1,100000,0.1526,0.0099,0.000,0.0
2026-03-18 04:21:26,1,100000,0.1576,0.0100,0.000,0.0
2026-03-18 04:21:31,1,100000,0.1576,0.0100,0.000,0.0
2026-03-18 04:21:38,1,100000,0.1555,0.0099,0.000,0.0
2026-03-18 04:21:44,1,100000,0.1531,0.0103,0.000,0.0
2026-03-18 04:21:50,1,100000,0.1490,0.0099,0.000,0.0
2026-03-18 04:21:56,1,100000,0.1516,0.0099,0.000,0.0
2026-03-18 04:22:02,1,100000,0.1522,0.0100,0.000,0.0
2026-03-18 04:22:08,1,100000,0.1488,0.0098,0.000,0.0
2026-03-18 04:22:14,1,100000,0.1404,0.0098,0.000,0.0
2026-03-18 04:22:20,1,100000,0.1481,0.0097,0.000,0.0
2026-03-18 04:22:26,1,100000,0.1541,0.0103,0.000,0.0
2026-03-18 04:22:32,1,100000,0.1460,0.0097,0.000,0.0
2026-03-18 04:22:38,1,100000,0.1476,0.0100,0.000,0.0
2026-03-18 04:22:44,1,100000,0.1439,0.0097,0.000,0.0
2026-03-18 04:22:50,1,100000,0.1449,0.0099,0.000,0.0
2026-03-18 04:22:56,1,100000,0.1395,0.0097,0.000,0.0
2026-03-18 04:23:02,1,100000,0.1494,0.0100,0.000,0.0
2026-03-18 04:23:07,1,100000,0.1424,0.0104,0.000,0.0
2026-03-18 04:23:14,1,100000,0.1320,0.0096,0.000,0.0
2026-03-18 04:23:20,1,100000,0.1317,0.0098,0.000,0.0
2026-03-18 04:23:26,1,100000,0.1427,0.0097,0.000,0.0
2026-03-18 04:23:32,1,100000,0.1313,0.0097,0.000,0.0
2026-03-18 04:23:38,1,100000,0.1447,0.0100,0.000,0.0
2026-03-18 04:23:44,1,100000,0.1397,0.0100,0.000,0.0
2026-03-18 04:23:50,1,100000,0.1395,0.0098,0.000,0.0
2026-03-18 04:23:55,1,100000,0.1375,0.0098,0.000,0.0
2026-03-18 04:24:01,1,100000,0.1420,0.0101,0.000,0.0
2026-03-18 04:24:07,1,100000,0.1402,0.0100,0.000,0.0
2026-03-18 04:24:13,1,100000,0.1395,0.0102,0.000,0.0
2026-03-18 04:24:19,1,100000,0.1403,0.0104,0.000,0.0
2026-03-18 04:24:25,1,100000,0.1399,0.0101,0.000,0.0
2026-03-18 04:24:31,1,100000,0.1409,0.0101,0.000,0.0
2026-03-18 04:26:08,1,100000,0.1406,0.0103,0.320,-24.6
2026-03-18 04:26:15,1,100000,0.1862,0.0103,0.000,0.0
2026-03-18 04:26:21,1,100000,0.1727,0.0104,0.000,0.0
2026-03-18 04:26:27,1,100000,0.1678,0.0100,0.000,0.0
2026-03-18 04:26:33,1,100000,0.1761,0.0106,0.000,0.0
2026-03-18 04:26:39,1,100000,0.1667,0.0102,0.000,0.0
2026-03-18 04:26:45,1,100000,0.1572,0.0102,0.000,0.0
2026-03-18 04:26:51,1,100000,0.1564,0.0099,0.000,0.0
2026-03-18 04:26:57,1,100000,0.1764,0.0101,0.000,0.0
2026-03-18 04:27:03,1,100000,0.1651,0.0103,0.000,0.0
2026-03-18 04:27:10,1,100000,0.1618,0.0102,0.000,0.0
2026-03-18 04:27:15,1,100000,0.1621,0.0103,0.000,0.0
2026-03-18 04:27:21,1,100000,0.1644,0.0101,0.000,0.0
2026-03-18 04:27:28,1,100000,0.1553,0.0100,0.000,0.0
2026-03-18 04:27:34,1,100000,0.1526,0.0100,0.000,0.0
2026-03-18 04:27:40,1,100000,0.1508,0.0099,0.000,0.0
2026-03-18 04:27:46,1,100000,0.1537,0.0102,0.000,0.0
2026-03-18 04:27:52,1,100000,0.1415,0.0095,0.000,0.0
2026-03-18 04:27:58,1,100000,0.1534,0.0100,0.000,0.0
2026-03-18 04:28:04,1,100000,0.1520,0.0099,0.000,0.0
2026-03-18 04:28:10,1,100000,0.1485,0.0100,0.000,0.0
2026-03-18 04:28:16,1,100000,0.1472,0.0099,0.000,0.0
2026-03-18 04:28:22,1,100000,0.1441,0.0097,0.000,0.0
2026-03-18 04:28:28,1,100000,0.1429,0.0098,0.000,0.0
2026-03-18 04:28:34,1,100000,0.1418,0.0099,0.000,0.0
2026-03-18 04:28:40,1,100000,0.1486,0.0102,0.000,0.0
2026-03-18 04:28:46,1,100000,0.1470,0.0100,0.000,0.0
2026-03-18 04:28:52,1,100000,0.1503,0.0101,0.000,0.0
2026-03-18 04:28:58,1,100000,0.1408,0.0098,0.000,0.0
2026-03-18 04:29:04,1,100000,0.1416,0.0100,0.000,0.0
2026-03-18 04:29:10,1,100000,0.1444,0.0098,0.000,0.0
2026-03-18 04:29:15,1,100000,0.1386,0.0098,0.000,0.0
2026-03-18 04:29:21,1,100000,0.1519,0.0100,0.000,0.0
2026-03-18 04:29:27,1,100000,0.1481,0.0105,0.000,0.0
2026-03-18 04:29:33,1,100000,0.1436,0.0100,0.000,0.0
2026-03-18 04:29:39,1,100000,0.1423,0.0099,0.000,0.0
2026-03-18 04:29:46,1,100000,0.1323,0.0097,0.000,0.0
2026-03-18 04:29:51,1,100000,0.1368,0.0099,0.000,0.0
2026-03-18 04:29:57,1,100000,0.1482,0.0100,0.000,0.0
2026-03-18 04:30:04,1,100000,0.1412,0.0099,0.000,0.0
2026-03-18 04:30:09,1,100000,0.1511,0.0099,0.000,0.0
2026-03-18 04:30:15,1,100000,0.1481,0.0098,0.000,0.0
2026-03-18 04:30:21,1,100000,0.1347,0.0096,0.000,0.0
2026-03-18 04:30:27,1,100000,0.1373,0.0100,0.000,0.0
2026-03-18 04:30:33,1,100000,0.1390,0.0098,0.000,0.0
2026-03-18 04:30:39,1,100000,0.1403,0.0098,0.000,0.0
2026-03-18 04:30:45,1,100000,0.1362,0.0098,0.000,0.0
2026-03-18 04:30:51,1,100000,0.1431,0.0100,0.000,0.0
2026-03-18 04:30:57,1,100000,0.1353,0.0098,0.000,0.0
2026-03-18 04:31:03,1,100000,0.1319,0.0099,0.000,0.0
2026-03-18 04:31:09,1,100000,0.1298,0.0099,0.000,0.0
2026-03-18 04:31:15,1,100000,0.1286,0.0096,0.000,0.0
2026-03-18 04:31:21,1,100000,0.1290,0.0097,0.000,0.0
2026-03-18 04:31:27,1,100000,0.1257,0.0097,0.000,0.0
2026-03-18 04:33:06,1,100000,0.1385,0.0098,0.300,-32.2
2026-03-18 04:33:14,1,100000,0.1911,0.0104,0.000,0.0
2026-03-18 04:33:19,1,100000,0.1694,0.0102,0.000,0.0
2026-03-18 04:33:25,1,100000,0.1774,0.0107,0.000,0.0
2026-03-18 04:33:31,1,100000,0.1783,0.0104,0.000,0.0
2026-03-18 04:33:37,1,100000,0.1645,0.0104,0.000,0.0
2026-03-18 04:33:43,1,100000,0.1601,0.0104,0.000,0.0
2026-03-18 04:33:49,1,100000,0.1578,0.0099,0.000,0.0
2026-03-18 04:33:54,1,100000,0.1610,0.0103,0.000,0.0
2026-03-18 04:34:00,1,100000,0.1612,0.0103,0.000,0.0
2026-03-18 04:34:06,1,100000,0.1608,0.0100,0.000,0.0
2026-03-18 04:34:12,1,100000,0.1538,0.0102,0.000,0.0
2026-03-18 04:34:18,1,100000,0.1524,0.0105,0.000,0.0
2026-03-18 04:34:24,1,100000,0.1509,0.0102,0.000,0.0
2026-03-18 04:34:30,1,100000,0.1479,0.0099,0.000,0.0
2026-03-18 04:34:35,1,100000,0.1516,0.0101,0.000,0.0
2026-03-18 04:34:41,1,100000,0.1513,0.0103,0.000,0.0
2026-03-18 04:34:47,1,100000,0.1499,0.0104,0.000,0.0
2026-03-18 04:34:53,1,100000,0.1563,0.0103,0.000,0.0
2026-03-18 04:34:59,1,100000,0.1451,0.0101,0.000,0.0
2026-03-18 04:35:05,1,100000,0.1400,0.0101,0.000,0.0
2026-03-18 04:35:11,1,100000,0.1526,0.0103,0.000,0.0
2026-03-18 04:35:17,1,100000,0.1450,0.0103,0.000,0.0
2026-03-18 04:35:23,1,100000,0.1494,0.0103,0.000,0.0
2026-03-18 04:35:29,1,100000,0.1530,0.0100,0.000,0.0
2026-03-18 04:35:35,1,100000,0.1473,0.0099,0.000,0.0
2026-03-18 04:35:41,1,100000,0.1508,0.0101,0.000,0.0
2026-03-18 04:35:47,1,100000,0.1396,0.0100,0.000,0.0
2026-03-18 04:35:53,1,100000,0.1342,0.0100,0.000,0.0
2026-03-18 04:35:59,1,100000,0.1321,0.0101,0.000,0.0
2026-03-18 04:36:05,1,100000,0.1389,0.0096,0.000,0.0
2026-03-18 04:36:11,1,100000,0.1393,0.0097,0.000,0.0
2026-03-18 04:36:16,1,100000,0.1543,0.0102,0.000,0.0
2026-03-18 04:36:22,1,100000,0.1499,0.0100,0.000,0.0
2026-03-18 04:36:29,1,100000,0.1401,0.0100,0.000,0.0
2026-03-18 04:36:35,1,100000,0.1394,0.0102,0.000,0.0
2026-03-18 04:36:41,1,100000,0.1460,0.0102,0.000,0.0
2026-03-18 04:36:46,1,100000,0.1457,0.0099,0.000,0.0
2026-03-18 04:36:52,1,100000,0.1444,0.0095,0.000,0.0
2026-03-18 04:36:58,1,100000,0.1354,0.0097,0.000,0.0
2026-03-18 04:37:04,1,100000,0.1490,0.0104,0.000,0.0
2026-03-18 04:37:10,1,100000,0.1395,0.0099,0.000,0.0
2026-03-18 04:37:16,1,100000,0.1416,0.0101,0.000,0.0
2026-03-18 04:37:22,1,100000,0.1439,0.0103,0.000,0.0
2026-03-18 04:37:27,1,100000,0.1367,0.0099,0.000,0.0
2026-03-18 04:37:33,1,100000,0.1365,0.0104,0.000,0.0
2026-03-18 04:37:39,1,100000,0.1442,0.0102,0.000,0.0
2026-03-18 04:37:45,1,100000,0.1393,0.0101,0.000,0.0
2026-03-18 04:37:51,1,100000,0.1388,0.0100,0.000,0.0
2026-03-18 04:37:57,1,100000,0.1281,0.0097,0.000,0.0
2026-03-18 04:38:03,1,100000,0.1388,0.0101,0.000,0.0
2026-03-18 04:38:08,1,100000,0.1395,0.0103,0.000,0.0
2026-03-18 04:39:40,1,100000,0.1352,0.0102,0.360,-21.5
2026-03-18 04:39:47,1,100000,0.1881,0.0101,0.000,0.0
2026-03-18 04:39:53,1,100000,0.1776,0.0106,0.000,0.0
2026-03-18 04:39:59,1,100000,0.1778,0.0105,0.000,0.0
2026-03-18 04:40:05,1,100000,0.1775,0.0101,0.000,0.0
2026-03-18 04:40:11,1,100000,0.1644,0.0106,0.000,0.0
2026-03-18 04:40:17,1,100000,0.1660,0.0101,0.000,0.0
2026-03-18 04:40:23,1,100000,0.1738,0.0106,0.000,0.0
2026-03-18 04:40:29,1,100000,0.1646,0.0100,0.000,0.0
2026-03-18 04:40:35,1,100000,0.1627,0.0100,0.000,0.0
2026-03-18 04:40:41,1,100000,0.1713,0.0102,0.000,0.0
2026-03-18 04:40:47,1,100000,0.1676,0.0103,0.000,0.0
2026-03-18 04:40:53,1,100000,0.1524,0.0098,0.000,0.0
2026-03-18 04:40:58,1,100000,0.1643,0.0104,0.000,0.0
2026-03-18 04:41:04,1,100000,0.1624,0.0102,0.000,0.0
2026-03-18 04:41:10,1,100000,0.1496,0.0102,0.000,0.0
2026-03-18 04:41:16,1,100000,0.1575,0.0101,0.000,0.0
2026-03-18 04:41:22,1,100000,0.1512,0.0101,0.000,0.0
2026-03-18 04:41:28,1,100000,0.1499,0.0102,0.000,0.0
2026-03-18 04:41:34,1,100000,0.1471,0.0099,0.000,0.0
2026-03-18 04:41:40,1,100000,0.1417,0.0100,0.000,0.0
2026-03-18 04:41:45,1,100000,0.1490,0.0100,0.000,0.0
2026-03-18 04:41:51,1,100000,0.1481,0.0098,0.000,0.0
2026-03-18 04:41:57,1,100000,0.1485,0.0104,0.000,0.0
2026-03-18 04:42:03,1,100000,0.1494,0.0098,0.000,0.0
2026-03-18 04:42:09,1,100000,0.1404,0.0098,0.000,0.0
2026-03-18 04:42:15,1,100000,0.1394,0.0099,0.000,0.0
2026-03-18 04:42:21,1,100000,0.1402,0.0100,0.000,0.0
2026-03-18 04:42:27,1,100000,0.1398,0.0097,0.000,0.0
2026-03-18 04:42:32,1,100000,0.1368,0.0097,0.000,0.0
2026-03-18 04:42:38,1,100000,0.1435,0.0101,0.000,0.0
2026-03-18 04:42:44,1,100000,0.1395,0.0099,0.000,0.0
2026-03-18 04:42:49,1,100000,0.1440,0.0101,0.000,0.0
2026-03-18 04:42:55,1,100000,0.1352,0.0097,0.000,0.0
2026-03-18 04:43:01,1,100000,0.1441,0.0099,0.000,0.0
2026-03-18 04:43:07,1,100000,0.1365,0.0100,0.000,0.0
2026-03-18 04:43:12,1,100000,0.1375,0.0099,0.000,0.0
2026-03-18 04:43:18,1,100000,0.1375,0.0101,0.000,0.0
2026-03-18 04:43:24,1,100000,0.1369,0.0099,0.000,0.0
2026-03-18 04:43:30,1,100000,0.1368,0.0098,0.000,0.0
2026-03-18 04:43:35,1,100000,0.1340,0.0100,0.000,0.0
2026-03-18 04:43:41,1,100000,0.1329,0.0097,0.000,0.0
2026-03-18 04:43:47,1,100000,0.1385,0.0098,0.000,0.0
2026-03-18 04:43:53,1,100000,0.1296,0.0101,0.000,0.0
2026-03-18 04:43:58,1,100000,0.1318,0.0099,0.000,0.0
2026-03-18 04:44:04,1,100000,0.1322,0.0099,0.000,0.0
2026-03-18 04:44:10,1,100000,0.1383,0.0100,0.000,0.0
2026-03-18 04:44:16,1,100000,0.1352,0.0098,0.000,0.0
2026-03-18 04:44:21,1,100000,0.1320,0.0098,0.000,0.0
2026-03-18 04:44:27,1,100000,0.1340,0.0099,0.000,0.0
2026-03-18 04:44:33,1,100000,0.1267,0.0096,0.000,0.0
2026-03-18 04:44:39,1,100000,0.1291,0.0099,0.000,0.0
2026-03-18 04:44:45,1,100000,0.1273,0.0096,0.000,0.0
2026-03-18 04:44:50,1,100000,0.1334,0.0098,0.000,0.0
2026-03-18 04:46:18,1,100000,0.1227,0.0098,0.240,-39.8
2026-03-18 04:46:25,1,100000,0.1750,0.0102,0.000,0.0
2026-03-18 04:46:31,1,100000,0.1620,0.0104,0.000,0.0
2026-03-18 04:46:38,1,100000,0.1706,0.0102,0.000,0.0
2026-03-18 04:46:43,1,100000,0.1583,0.0102,0.000,0.0
2026-03-18 04:46:49,1,100000,0.1674,0.0103,0.000,0.0
2026-03-18 04:46:55,1,100000,0.1594,0.0101,0.000,0.0
2026-03-18 04:47:01,1,100000,0.1472,0.0100,0.000,0.0
2026-03-18 04:47:07,1,100000,0.1554,0.0101,0.000,0.0
2026-03-18 04:47:13,1,100000,0.1537,0.0103,0.000,0.0
2026-03-18 04:47:19,1,100000,0.1491,0.0100,0.000,0.0
2026-03-18 04:47:25,1,100000,0.1532,0.0102,0.000,0.0
2026-03-18 04:47:31,1,100000,0.1450,0.0100,0.000,0.0
2026-03-18 04:47:37,1,100000,0.1485,0.0099,0.000,0.0
2026-03-18 04:47:43,1,100000,0.1416,0.0097,0.000,0.0
2026-03-18 04:47:49,1,100000,0.1437,0.0098,0.000,0.0
2026-03-18 04:47:55,1,100000,0.1402,0.0096,0.000,0.0
2026-03-18 04:48:00,1,100000,0.1428,0.0097,0.000,0.0
2026-03-18 04:48:06,1,100000,0.1357,0.0097,0.000,0.0
2026-03-18 04:48:12,1,100000,0.1475,0.0097,0.000,0.0
2026-03-18 04:48:18,1,100000,0.1389,0.0096,0.000,0.0
2026-03-18 04:48:24,1,100000,0.1403,0.0097,0.000,0.0
2026-03-18 04:48:30,1,100000,0.1399,0.0097,0.000,0.0
2026-03-18 04:48:36,1,100000,0.1435,0.0099,0.000,0.0
2026-03-18 04:48:41,1,100000,0.1402,0.0100,0.000,0.0
2026-03-18 04:48:47,1,100000,0.1476,0.0100,0.000,0.0
2026-03-18 04:48:53,1,100000,0.1371,0.0099,0.000,0.0
2026-03-18 04:48:59,1,100000,0.1362,0.0096,0.000,0.0
2026-03-18 04:49:05,1,100000,0.1394,0.0096,0.000,0.0
2026-03-18 04:49:10,1,100000,0.1416,0.0097,0.000,0.0
2026-03-18 04:49:16,1,100000,0.1324,0.0096,0.000,0.0
2026-03-18 04:49:22,1,100000,0.1327,0.0100,0.000,0.0
2026-03-18 04:49:28,1,100000,0.1374,0.0099,0.000,0.0
2026-03-18 04:49:34,1,100000,0.1318,0.0097,0.000,0.0
2026-03-18 04:49:39,1,100000,0.1426,0.0098,0.000,0.0
2026-03-18 04:49:45,1,100000,0.1395,0.0098,0.000,0.0
2026-03-18 04:49:51,1,100000,0.1286,0.0101,0.000,0.0
2026-03-18 04:49:57,1,100000,0.1378,0.0098,0.000,0.0
2026-03-18 04:50:03,1,100000,0.1334,0.0098,0.000,0.0
2026-03-18 04:50:09,1,100000,0.1387,0.0098,0.000,0.0
2026-03-18 04:50:15,1,100000,0.1342,0.0099,0.000,0.0
2026-03-18 04:50:20,1,100000,0.1259,0.0100,0.000,0.0
2026-03-18 04:50:26,1,100000,0.1291,0.0098,0.000,0.0
2026-03-18 04:50:32,1,100000,0.1400,0.0098,0.000,0.0
2026-03-18 04:50:37,1,100000,0.1317,0.0097,0.000,0.0
2026-03-18 04:50:43,1,100000,0.1312,0.0101,0.000,0.0
2026-03-18 04:50:49,1,100000,0.1229,0.0097,0.000,0.0
2026-03-18 04:50:55,1,100000,0.1326,0.0097,0.000,0.0
2026-03-18 04:51:00,1,100000,0.1297,0.0098,0.000,0.0
2026-03-18 04:51:06,1,100000,0.1243,0.0100,0.000,0.0
2026-03-18 04:51:12,1,100000,0.1216,0.0101,0.000,0.0
2026-03-18 04:51:18,1,100000,0.1266,0.0097,0.000,0.0
2026-03-18 04:51:24,1,100000,0.1329,0.0098,0.000,0.0
2026-03-18 04:51:30,1,100000,0.1246,0.0097,0.000,0.0
2026-03-18 04:51:35,1,100000,0.1303,0.0097,0.000,0.0
2026-03-18 04:53:09,1,100000,0.1271,0.0099,0.380,-7.5
2026-03-18 04:53:16,1,100000,0.1832,0.0100,0.000,0.0
2026-03-18 04:53:22,1,100000,0.1718,0.0107,0.000,0.0
2026-03-18 04:53:28,1,100000,0.1621,0.0104,0.000,0.0
2026-03-18 04:53:33,1,100000,0.1603,0.0101,0.000,0.0
2026-03-18 04:53:39,1,100000,0.1585,0.0101,0.000,0.0
2026-03-18 04:53:45,1,100000,0.1550,0.0097,0.000,0.0
2026-03-18 04:53:51,1,100000,0.1499,0.0100,0.000,0.0
2026-03-18 04:53:57,1,100000,0.1452,0.0097,0.000,0.0
2026-03-18 04:54:02,1,100000,0.1471,0.0096,0.000,0.0
2026-03-18 04:54:08,1,100000,0.1431,0.0098,0.000,0.0
2026-03-18 04:54:14,1,100000,0.1491,0.0100,0.000,0.0
2026-03-18 04:54:19,1,100000,0.1521,0.0102,0.000,0.0
2026-03-18 04:54:25,1,100000,0.1423,0.0100,0.000,0.0
2026-03-18 04:54:31,1,100000,0.1408,0.0096,0.000,0.0
2026-03-18 04:54:37,1,100000,0.1379,0.0100,0.000,0.0
2026-03-18 04:54:43,1,100000,0.1401,0.0099,0.000,0.0
2026-03-18 04:54:49,1,100000,0.1386,0.0099,0.000,0.0
2026-03-18 04:54:55,1,100000,0.1373,0.0097,0.000,0.0
2026-03-18 04:55:02,1,100000,0.1325,0.0102,0.000,0.0
2026-03-18 04:55:07,1,100000,0.1392,0.0096,0.000,0.0
2026-03-18 04:55:13,1,100000,0.1406,0.0102,0.000,0.0
2026-03-18 04:55:19,1,100000,0.1336,0.0100,0.000,0.0
2026-03-18 04:55:25,1,100000,0.1337,0.0101,0.000,0.0
2026-03-18 04:55:30,1,100000,0.1328,0.0099,0.000,0.0
2026-03-18 04:55:36,1,100000,0.1349,0.0098,0.000,0.0
2026-03-18 04:55:42,1,100000,0.1293,0.0103,0.000,0.0
2026-03-18 04:55:48,1,100000,0.1331,0.0098,0.000,0.0
2026-03-18 04:55:54,1,100000,0.1383,0.0098,0.000,0.0
2026-03-18 04:56:00,1,100000,0.1378,0.0099,0.000,0.0
2026-03-18 04:56:05,1,100000,0.1395,0.0102,0.000,0.0
2026-03-18 04:56:11,1,100000,0.1322,0.0096,0.000,0.0
2026-03-18 04:56:17,1,100000,0.1248,0.0099,0.000,0.0
2026-03-18 04:56:22,1,100000,0.1284,0.0092,0.000,0.0
2026-03-18 04:56:28,1,100000,0.1261,0.0099,0.000,0.0
2026-03-18 04:56:34,1,100000,0.1257,0.0098,0.000,0.0
2026-03-18 04:56:39,1,100000,0.1378,0.0099,0.000,0.0
2026-03-18 04:56:45,1,100000,0.1315,0.0097,0.000,0.0
2026-03-18 04:56:51,1,100000,0.1310,0.0096,0.000,0.0
2026-03-18 04:56:57,1,100000,0.1273,0.0095,0.000,0.0
2026-03-18 04:57:03,1,100000,0.1383,0.0098,0.000,0.0
2026-03-18 04:57:09,1,100000,0.1302,0.0096,0.000,0.0
2026-03-18 04:57:14,1,100000,0.1279,0.0098,0.000,0.0
2026-03-18 04:57:20,1,100000,0.1348,0.0097,0.000,0.0
2026-03-18 04:57:26,1,100000,0.1330,0.0096,0.000,0.0
2026-03-18 04:57:32,1,100000,0.1274,0.0095,0.000,0.0
2026-03-18 04:57:38,1,100000,0.1242,0.0096,0.000,0.0
2026-03-18 04:57:44,1,100000,0.1255,0.0097,0.000,0.0
2026-03-18 04:57:49,1,100000,0.1274,0.0097,0.000,0.0
2026-03-18 04:57:55,1,100000,0.1260,0.0098,0.000,0.0
2026-03-18 04:58:01,1,100000,0.1301,0.0096,0.000,0.0
2026-03-18 04:58:07,1,100000,0.1317,0.0094,0.000,0.0
2026-03-18 04:58:13,1,100000,0.1203,0.0093,0.000,0.0
2026-03-18 04:58:19,1,100000,0.1369,0.0098,0.000,0.0
2026-03-18 04:59:47,1,100000,0.1270,0.0098,0.380,-31.0
2026-03-18 04:59:54,1,100000,0.1696,0.0102,0.000,0.0
2026-03-18 05:00:00,1,100000,0.1729,0.0104,0.000,0.0
2026-03-18 05:00:06,1,100000,0.1620,0.0104,0.000,0.0
2026-03-18 05:00:11,1,100000,0.1703,0.0103,0.000,0.0
2026-03-18 05:00:17,1,100000,0.1513,0.0099,0.000,0.0
2026-03-18 05:00:23,1,100000,0.1598,0.0098,0.000,0.0
2026-03-18 05:00:29,1,100000,0.1552,0.0098,0.000,0.0
2026-03-18 05:00:36,1,100000,0.1551,0.0097,0.000,0.0
2026-03-18 05:00:41,1,100000,0.1532,0.0097,0.000,0.0
2026-03-18 05:00:47,1,100000,0.1567,0.0100,0.000,0.0
2026-03-18 05:00:53,1,100000,0.1630,0.0100,0.000,0.0
2026-03-18 05:00:59,1,100000,0.1537,0.0099,0.000,0.0
2026-03-18 05:01:04,1,100000,0.1522,0.0099,0.000,0.0
2026-03-18 05:01:10,1,100000,0.1550,0.0099,0.000,0.0
2026-03-18 05:01:16,1,100000,0.1472,0.0100,0.000,0.0
2026-03-18 05:01:22,1,100000,0.1408,0.0097,0.000,0.0
2026-03-18 05:01:27,1,100000,0.1401,0.0097,0.000,0.0
2026-03-18 05:01:33,1,100000,0.1383,0.0100,0.000,0.0
2026-03-18 05:01:39,1,100000,0.1444,0.0102,0.000,0.0
2026-03-18 05:01:45,1,100000,0.1474,0.0103,0.000,0.0
2026-03-18 05:01:50,1,100000,0.1397,0.0100,0.000,0.0
2026-03-18 05:01:56,1,100000,0.1387,0.0099,0.000,0.0
2026-03-18 05:02:02,1,100000,0.1387,0.0102,0.000,0.0
2026-03-18 05:02:07,1,100000,0.1284,0.0097,0.000,0.0
2026-03-18 05:02:13,1,100000,0.1467,0.0100,0.000,0.0
2026-03-18 05:02:19,1,100000,0.1388,0.0095,0.000,0.0
2026-03-18 05:02:25,1,100000,0.1429,0.0097,0.000,0.0
2026-03-18 05:02:31,1,100000,0.1414,0.0100,0.000,0.0
2026-03-18 05:02:37,1,100000,0.1406,0.0095,0.000,0.0
2026-03-18 05:02:42,1,100000,0.1456,0.0095,0.000,0.0
2026-03-18 05:02:48,1,100000,0.1462,0.0098,0.000,0.0
2026-03-18 05:02:54,1,100000,0.1472,0.0094,0.000,0.0
2026-03-18 05:03:00,1,100000,0.1388,0.0099,0.000,0.0
2026-03-18 05:03:06,1,100000,0.1341,0.0099,0.000,0.0
2026-03-18 05:03:11,1,100000,0.1445,0.0100,0.000,0.0
2026-03-18 05:03:18,1,100000,0.1414,0.0097,0.000,0.0
2026-03-18 05:03:23,1,100000,0.1367,0.0098,0.000,0.0
2026-03-18 05:03:29,1,100000,0.1423,0.0099,0.000,0.0
2026-03-18 05:03:35,1,100000,0.1418,0.0094,0.000,0.0
2026-03-18 05:03:41,1,100000,0.1381,0.0098,0.000,0.0
2026-03-18 05:03:46,1,100000,0.1454,0.0098,0.000,0.0
2026-03-18 05:03:52,1,100000,0.1447,0.0100,0.000,0.0
2026-03-18 05:03:58,1,100000,0.1446,0.0099,0.000,0.0
2026-03-18 05:04:04,1,100000,0.1376,0.0095,0.000,0.0
2026-03-18 05:04:10,1,100000,0.1416,0.0097,0.000,0.0
2026-03-18 05:04:15,1,100000,0.1411,0.0097,0.000,0.0
2026-03-18 05:04:21,1,100000,0.1347,0.0100,0.000,0.0
2026-03-18 05:04:26,1,100000,0.1322,0.0096,0.000,0.0
2026-03-18 05:04:32,1,100000,0.1403,0.0095,0.000,0.0
2026-03-18 05:04:38,1,100000,0.1307,0.0098,0.000,0.0
2026-03-18 05:04:44,1,100000,0.1333,0.0099,0.000,0.0
2026-03-18 05:04:49,1,100000,0.1451,0.0097,0.000,0.0
2026-03-18 05:04:55,1,100000,0.1425,0.0097,0.000,0.0
2026-03-18 05:06:20,1,100000,0.1343,0.0095,0.300,-27.8
2026-03-18 05:06:27,1,100000,0.1857,0.0105,0.000,0.0
2026-03-18 05:06:33,1,100000,0.1810,0.0104,0.000,0.0
2026-03-18 05:06:38,1,100000,0.1729,0.0103,0.000,0.0
2026-03-18 05:06:44,1,100000,0.1670,0.0103,0.000,0.0
2026-03-18 05:06:50,1,100000,0.1660,0.0104,0.000,0.0
2026-03-18 05:06:56,1,100000,0.1698,0.0099,0.000,0.0
2026-03-18 05:07:02,1,100000,0.1652,0.0102,0.000,0.0
2026-03-18 05:07:08,1,100000,0.1615,0.0101,0.000,0.0
2026-03-18 05:07:13,1,100000,0.1672,0.0103,0.000,0.0
2026-03-18 05:07:19,1,100000,0.1533,0.0105,0.000,0.0
2026-03-18 05:07:25,1,100000,0.1528,0.0102,0.000,0.0
2026-03-18 05:07:30,1,100000,0.1514,0.0102,0.000,0.0
2026-03-18 05:07:36,1,100000,0.1505,0.0102,0.000,0.0
2026-03-18 05:07:42,1,100000,0.1477,0.0102,0.000,0.0
2026-03-18 05:07:48,1,100000,0.1433,0.0097,0.000,0.0
2026-03-18 05:07:54,1,100000,0.1467,0.0099,0.000,0.0
2026-03-18 05:07:59,1,100000,0.1467,0.0099,0.000,0.0
2026-03-18 05:08:05,1,100000,0.1433,0.0099,0.000,0.0
2026-03-18 05:08:11,1,100000,0.1435,0.0101,0.000,0.0
2026-03-18 05:08:17,1,100000,0.1496,0.0099,0.000,0.0
2026-03-18 05:08:22,1,100000,0.1399,0.0100,0.000,0.0
2026-03-18 05:08:28,1,100000,0.1475,0.0099,0.000,0.0
2026-03-18 05:08:34,1,100000,0.1449,0.0099,0.000,0.0
2026-03-18 05:08:40,1,100000,0.1376,0.0099,0.000,0.0
2026-03-18 05:08:46,1,100000,0.1375,0.0097,0.000,0.0
2026-03-18 05:08:52,1,100000,0.1414,0.0097,0.000,0.0
2026-03-18 05:08:58,1,100000,0.1440,0.0100,0.000,0.0
2026-03-18 05:09:04,1,100000,0.1428,0.0099,0.000,0.0
2026-03-18 05:09:11,1,100000,0.1408,0.0102,0.000,0.0
2026-03-18 05:09:16,1,100000,0.1433,0.0098,0.000,0.0
2026-03-18 05:09:22,1,100000,0.1349,0.0100,0.000,0.0
2026-03-18 05:09:28,1,100000,0.1390,0.0095,0.000,0.0
2026-03-18 05:09:34,1,100000,0.1382,0.0099,0.000,0.0
2026-03-18 05:09:40,1,100000,0.1405,0.0099,0.000,0.0
2026-03-18 05:09:46,1,100000,0.1328,0.0097,0.000,0.0
2026-03-18 05:09:51,1,100000,0.1392,0.0100,0.000,0.0
2026-03-18 05:09:57,1,100000,0.1375,0.0099,0.000,0.0
2026-03-18 05:10:03,1,100000,0.1410,0.0101,0.000,0.0
2026-03-18 05:10:09,1,100000,0.1484,0.0099,0.000,0.0
2026-03-18 05:10:15,1,100000,0.1399,0.0097,0.000,0.0
2026-03-18 05:10:20,1,100000,0.1406,0.0100,0.000,0.0
2026-03-18 05:10:26,1,100000,0.1391,0.0101,0.000,0.0
2026-03-18 05:10:32,1,100000,0.1358,0.0097,0.000,0.0
2026-03-18 05:10:38,1,100000,0.1330,0.0099,0.000,0.0
2026-03-18 05:10:44,1,100000,0.1345,0.0099,0.000,0.0
2026-03-18 05:10:50,1,100000,0.1401,0.0099,0.000,0.0
2026-03-18 05:10:56,1,100000,0.1332,0.0101,0.000,0.0
2026-03-18 05:11:02,1,100000,0.1369,0.0101,0.000,0.0
2026-03-18 05:11:08,1,100000,0.1362,0.0097,0.000,0.0
2026-03-18 05:11:13,1,100000,0.1378,0.0097,0.000,0.0
2026-03-18 05:11:19,1,100000,0.1404,0.0098,0.000,0.0
2026-03-18 05:11:25,1,100000,0.1259,0.0094,0.000,0.0
2026-03-18 05:11:31,1,100000,0.1392,0.0097,0.000,0.0
2026-03-18 05:11:37,1,100000,0.1296,0.0099,0.000,0.0
2026-03-18 05:13:12,1,100000,0.1379,0.0096,0.380,-24.5
2026-03-18 05:13:19,1,100000,0.1799,0.0104,0.000,0.0
2026-03-18 05:13:25,1,100000,0.1720,0.0104,0.000,0.0
2026-03-18 05:13:31,1,100000,0.1690,0.0104,0.000,0.0
2026-03-18 05:13:37,1,100000,0.1660,0.0100,0.000,0.0
2026-03-18 05:13:43,1,100000,0.1679,0.0102,0.000,0.0
2026-03-18 05:13:49,1,100000,0.1714,0.0100,0.000,0.0
2026-03-18 05:13:55,1,100000,0.1764,0.0104,0.000,0.0
2026-03-18 05:14:01,1,100000,0.1637,0.0105,0.000,0.0
2026-03-18 05:14:07,1,100000,0.1667,0.0101,0.000,0.0
2026-03-18 05:14:12,1,100000,0.1541,0.0098,0.000,0.0
2026-03-18 05:14:18,1,100000,0.1566,0.0100,0.000,0.0
2026-03-18 05:14:24,1,100000,0.1624,0.0100,0.000,0.0
2026-03-18 05:14:30,1,100000,0.1613,0.0103,0.000,0.0
2026-03-18 05:14:36,1,100000,0.1582,0.0100,0.000,0.0
2026-03-18 05:14:42,1,100000,0.1518,0.0099,0.000,0.0
2026-03-18 05:14:47,1,100000,0.1574,0.0101,0.000,0.0
2026-03-18 05:14:53,1,100000,0.1510,0.0100,0.000,0.0
2026-03-18 05:14:59,1,100000,0.1516,0.0100,0.000,0.0
2026-03-18 05:15:05,1,100000,0.1575,0.0101,0.000,0.0
2026-03-18 05:15:11,1,100000,0.1632,0.0102,0.000,0.0
2026-03-18 05:15:17,1,100000,0.1408,0.0099,0.000,0.0
2026-03-18 05:15:22,1,100000,0.1476,0.0101,0.000,0.0
2026-03-18 05:15:28,1,100000,0.1549,0.0099,0.000,0.0
2026-03-18 05:15:34,1,100000,0.1478,0.0101,0.000,0.0
2026-03-18 05:15:40,1,100000,0.1477,0.0098,0.000,0.0
2026-03-18 05:15:46,1,100000,0.1525,0.0099,0.000,0.0
2026-03-18 05:15:51,1,100000,0.1437,0.0099,0.000,0.0
2026-03-18 05:15:57,1,100000,0.1526,0.0102,0.000,0.0
2026-03-18 05:16:03,1,100000,0.1485,0.0100,0.000,0.0
2026-03-18 05:16:08,1,100000,0.1478,0.0100,0.000,0.0
2026-03-18 05:16:14,1,100000,0.1453,0.0098,0.000,0.0
2026-03-18 05:16:20,1,100000,0.1472,0.0101,0.000,0.0
2026-03-18 05:16:26,1,100000,0.1408,0.0098,0.000,0.0
2026-03-18 05:16:32,1,100000,0.1531,0.0101,0.000,0.0
2026-03-18 05:16:38,1,100000,0.1469,0.0099,0.000,0.0
2026-03-18 05:16:44,1,100000,0.1498,0.0100,0.000,0.0
2026-03-18 05:16:50,1,100000,0.1360,0.0095,0.000,0.0
2026-03-18 05:16:56,1,100000,0.1402,0.0099,0.000,0.0
2026-03-18 05:17:02,1,100000,0.1516,0.0098,0.000,0.0
2026-03-18 05:17:08,1,100000,0.1374,0.0098,0.000,0.0
2026-03-18 05:17:13,1,100000,0.1422,0.0103,0.000,0.0
2026-03-18 05:17:19,1,100000,0.1369,0.0097,0.000,0.0
2026-03-18 05:17:25,1,100000,0.1493,0.0100,0.000,0.0
2026-03-18 05:17:31,1,100000,0.1394,0.0099,0.000,0.0
2026-03-18 05:17:37,1,100000,0.1429,0.0098,0.000,0.0
2026-03-18 05:17:42,1,100000,0.1424,0.0094,0.000,0.0
2026-03-18 05:17:48,1,100000,0.1426,0.0099,0.000,0.0
2026-03-18 05:17:54,1,100000,0.1590,0.0104,0.000,0.0
2026-03-18 05:18:00,1,100000,0.1418,0.0097,0.000,0.0
2026-03-18 05:18:06,1,100000,0.1431,0.0098,0.000,0.0
2026-03-18 05:18:12,1,100000,0.1484,0.0100,0.000,0.0
2026-03-18 05:18:17,1,100000,0.1415,0.0099,0.000,0.0
2026-03-18 05:18:23,1,100000,0.1428,0.0098,0.000,0.0
2026-03-18 05:18:29,1,100000,0.1458,0.0094,0.000,0.0
2026-03-18 05:20:05,1,100000,0.1321,0.0096,0.260,-55.5
2026-03-18 05:20:12,1,100000,0.1986,0.0106,0.000,0.0
2026-03-18 05:20:18,1,100000,0.1780,0.0104,0.000,0.0
2026-03-18 05:20:24,1,100000,0.1785,0.0104,0.000,0.0
2026-03-18 05:20:29,1,100000,0.1674,0.0098,0.000,0.0
2026-03-18 05:20:35,1,100000,0.1728,0.0102,0.000,0.0
2026-03-18 05:20:41,1,100000,0.1679,0.0101,0.000,0.0
2026-03-18 05:20:47,1,100000,0.1642,0.0100,0.000,0.0
2026-03-18 05:20:53,1,100000,0.1698,0.0105,0.000,0.0
2026-03-18 05:20:59,1,100000,0.1694,0.0102,0.000,0.0
2026-03-18 05:21:04,1,100000,0.1691,0.0102,0.000,0.0
2026-03-18 05:21:10,1,100000,0.1654,0.0100,0.000,0.0
2026-03-18 05:21:16,1,100000,0.1597,0.0098,0.000,0.0
2026-03-18 05:21:22,1,100000,0.1677,0.0101,0.000,0.0
2026-03-18 05:21:27,1,100000,0.1588,0.0099,0.000,0.0
2026-03-18 05:21:33,1,100000,0.1599,0.0102,0.000,0.0
2026-03-18 05:21:39,1,100000,0.1561,0.0101,0.000,0.0
2026-03-18 05:21:45,1,100000,0.1603,0.0100,0.000,0.0
2026-03-18 05:21:51,1,100000,0.1622,0.0099,0.000,0.0
2026-03-18 05:21:57,1,100000,0.1541,0.0100,0.000,0.0
2026-03-18 05:22:03,1,100000,0.1554,0.0100,0.000,0.0
2026-03-18 05:22:09,1,100000,0.1460,0.0097,0.000,0.0
2026-03-18 05:22:14,1,100000,0.1610,0.0102,0.000,0.0
2026-03-18 05:22:20,1,100000,0.1479,0.0099,0.000,0.0
2026-03-18 05:22:26,1,100000,0.1559,0.0099,0.000,0.0
2026-03-18 05:22:32,1,100000,0.1568,0.0094,0.000,0.0
2026-03-18 05:22:38,1,100000,0.1483,0.0098,0.000,0.0
2026-03-18 05:22:44,1,100000,0.1543,0.0099,0.000,0.0
2026-03-18 05:22:49,1,100000,0.1555,0.0099,0.000,0.0
2026-03-18 05:22:55,1,100000,0.1539,0.0098,0.000,0.0
2026-03-18 05:23:01,1,100000,0.1506,0.0097,0.000,0.0
2026-03-18 05:23:07,1,100000,0.1685,0.0100,0.000,0.0
2026-03-18 05:23:13,1,100000,0.1454,0.0101,0.000,0.0
2026-03-18 05:23:19,1,100000,0.1481,0.0099,0.000,0.0
2026-03-18 05:23:24,1,100000,0.1496,0.0098,0.000,0.0
2026-03-18 05:23:30,1,100000,0.1489,0.0096,0.000,0.0
2026-03-18 05:23:36,1,100000,0.1429,0.0097,0.000,0.0
2026-03-18 05:23:42,1,100000,0.1593,0.0102,0.000,0.0
2026-03-18 05:23:48,1,100000,0.1616,0.0103,0.000,0.0
2026-03-18 05:23:54,1,100000,0.1502,0.0100,0.000,0.0
2026-03-18 05:24:00,1,100000,0.1451,0.0101,0.000,0.0
2026-03-18 05:24:06,1,100000,0.1516,0.0101,0.000,0.0
2026-03-18 05:24:12,1,100000,0.1538,0.0100,0.000,0.0
2026-03-18 05:24:17,1,100000,0.1446,0.0098,0.000,0.0
2026-03-18 05:24:23,1,100000,0.1464,0.0098,0.000,0.0
2026-03-18 05:24:29,1,100000,0.1530,0.0099,0.000,0.0
2026-03-18 05:24:35,1,100000,0.1469,0.0098,0.000,0.0
2026-03-18 05:24:41,1,100000,0.1468,0.0097,0.000,0.0
2026-03-18 05:24:47,1,100000,0.1381,0.0096,0.000,0.0
2026-03-18 05:24:53,1,100000,0.1477,0.0095,0.000,0.0
2026-03-18 05:24:58,1,100000,0.1470,0.0099,0.000,0.0
2026-03-18 05:25:04,1,100000,0.1537,0.0099,0.000,0.0
2026-03-18 05:25:10,1,100000,0.1437,0.0095,0.000,0.0
2026-03-18 05:25:16,1,100000,0.1373,0.0096,0.000,0.0
2026-03-18 05:26:47,1,100000,0.1406,0.0097,0.480,-12.7
2026-03-18 05:26:53,1,100000,0.1846,0.0104,0.000,0.0
2026-03-18 05:26:59,1,100000,0.1871,0.0108,0.000,0.0
2026-03-18 05:27:05,1,100000,0.1859,0.0107,0.000,0.0
2026-03-18 05:27:10,1,100000,0.1703,0.0103,0.000,0.0
2026-03-18 05:27:16,1,100000,0.1781,0.0104,0.000,0.0
2026-03-18 05:27:22,1,100000,0.1685,0.0103,0.000,0.0
2026-03-18 05:27:27,1,100000,0.1643,0.0102,0.000,0.0
2026-03-18 05:27:33,1,100000,0.1742,0.0101,0.000,0.0
2026-03-18 05:27:39,1,100000,0.1746,0.0105,0.000,0.0
2026-03-18 05:27:45,1,100000,0.1629,0.0100,0.000,0.0
2026-03-18 05:27:50,1,100000,0.1622,0.0098,0.000,0.0
2026-03-18 05:27:56,1,100000,0.1682,0.0100,0.000,0.0
2026-03-18 05:28:01,1,100000,0.1507,0.0102,0.000,0.0
2026-03-18 05:28:07,1,100000,0.1652,0.0100,0.000,0.0
2026-03-18 05:28:13,1,100000,0.1634,0.0102,0.000,0.0
2026-03-18 05:28:18,1,100000,0.1544,0.0100,0.000,0.0
2026-03-18 05:28:24,1,100000,0.1654,0.0099,0.000,0.0
2026-03-18 05:28:30,1,100000,0.1551,0.0102,0.000,0.0
2026-03-18 05:28:36,1,100000,0.1624,0.0101,0.000,0.0
2026-03-18 05:28:41,1,100000,0.1594,0.0100,0.000,0.0
2026-03-18 05:28:47,1,100000,0.1564,0.0102,0.000,0.0
2026-03-18 05:28:53,1,100000,0.1552,0.0100,0.000,0.0
2026-03-18 05:28:58,1,100000,0.1552,0.0099,0.000,0.0
2026-03-18 05:29:04,1,100000,0.1539,0.0096,0.000,0.0
2026-03-18 05:29:10,1,100000,0.1623,0.0101,0.000,0.0
2026-03-18 05:29:16,1,100000,0.1484,0.0099,0.000,0.0
2026-03-18 05:29:21,1,100000,0.1513,0.0098,0.000,0.0
2026-03-18 05:29:27,1,100000,0.1519,0.0097,0.000,0.0
2026-03-18 05:29:33,1,100000,0.1536,0.0098,0.000,0.0
2026-03-18 05:29:39,1,100000,0.1534,0.0100,0.000,0.0
2026-03-18 05:29:44,1,100000,0.1487,0.0102,0.000,0.0
2026-03-18 05:29:50,1,100000,0.1562,0.0099,0.000,0.0
2026-03-18 05:29:56,1,100000,0.1532,0.0098,0.000,0.0
2026-03-18 05:30:01,1,100000,0.1480,0.0099,0.000,0.0
2026-03-18 05:30:07,1,100000,0.1538,0.0100,0.000,0.0
2026-03-18 05:30:13,1,100000,0.1584,0.0101,0.000,0.0
2026-03-18 05:30:19,1,100000,0.1497,0.0098,0.000,0.0
2026-03-18 05:30:24,1,100000,0.1490,0.0101,0.000,0.0
2026-03-18 05:30:30,1,100000,0.1434,0.0097,0.000,0.0
2026-03-18 05:30:36,1,100000,0.1468,0.0097,0.000,0.0
2026-03-18 05:30:41,1,100000,0.1485,0.0098,0.000,0.0
2026-03-18 05:30:47,1,100000,0.1405,0.0100,0.000,0.0
2026-03-18 05:30:53,1,100000,0.1480,0.0102,0.000,0.0
2026-03-18 05:30:59,1,100000,0.1493,0.0098,0.000,0.0
2026-03-18 05:31:05,1,100000,0.1485,0.0099,0.000,0.0
2026-03-18 05:31:11,1,100000,0.1482,0.0097,0.000,0.0
2026-03-18 05:31:16,1,100000,0.1445,0.0098,0.000,0.0
2026-03-18 05:31:22,1,100000,0.1426,0.0097,0.000,0.0
2026-03-18 05:31:28,1,100000,0.1404,0.0098,0.000,0.0
2026-03-18 05:31:34,1,100000,0.1447,0.0096,0.000,0.0
2026-03-18 05:31:40,1,100000,0.1392,0.0097,0.000,0.0
2026-03-18 05:31:46,1,100000,0.1458,0.0098,0.000,0.0
2026-03-18 05:31:51,1,100000,0.1424,0.0098,0.000,0.0
2026-03-18 05:31:57,1,100000,0.1382,0.0101,0.000,0.0
2026-03-18 05:33:29,1,100000,0.1384,0.0096,0.420,-26.2
2026-03-18 05:33:36,1,100000,0.1865,0.0102,0.000,0.0
2026-03-18 05:33:42,1,100000,0.1817,0.0103,0.000,0.0
2026-03-18 05:33:47,1,100000,0.1786,0.0104,0.000,0.0
2026-03-18 05:33:53,1,100000,0.1839,0.0102,0.000,0.0
2026-03-18 05:33:59,1,100000,0.1832,0.0102,0.000,0.0
2026-03-18 05:34:05,1,100000,0.1773,0.0102,0.000,0.0
2026-03-18 05:34:11,1,100000,0.1657,0.0102,0.000,0.0
2026-03-18 05:34:17,1,100000,0.1662,0.0098,0.000,0.0
2026-03-18 05:34:22,1,100000,0.1773,0.0103,0.000,0.0
2026-03-18 05:34:28,1,100000,0.1594,0.0099,0.000,0.0
2026-03-18 05:34:34,1,100000,0.1574,0.0101,0.000,0.0
2026-03-18 05:34:40,1,100000,0.1619,0.0101,0.000,0.0
2026-03-18 05:34:46,1,100000,0.1596,0.0101,0.000,0.0
2026-03-18 05:34:51,1,100000,0.1609,0.0101,0.000,0.0
2026-03-18 05:34:57,1,100000,0.1591,0.0098,0.000,0.0
2026-03-18 05:35:03,1,100000,0.1658,0.0102,0.000,0.0
2026-03-18 05:35:09,1,100000,0.1597,0.0099,0.000,0.0
2026-03-18 05:35:14,1,100000,0.1547,0.0100,0.000,0.0
2026-03-18 05:35:20,1,100000,0.1599,0.0099,0.000,0.0
2026-03-18 05:35:26,1,100000,0.1639,0.0100,0.000,0.0
2026-03-18 05:35:32,1,100000,0.1547,0.0097,0.000,0.0
2026-03-18 05:35:38,1,100000,0.1505,0.0097,0.000,0.0
2026-03-18 05:35:44,1,100000,0.1519,0.0100,0.000,0.0
2026-03-18 05:35:50,1,100000,0.1487,0.0097,0.000,0.0
2026-03-18 05:35:55,1,100000,0.1461,0.0094,0.000,0.0
2026-03-18 05:36:01,1,100000,0.1480,0.0098,0.000,0.0
2026-03-18 05:36:07,1,100000,0.1638,0.0100,0.000,0.0
2026-03-18 05:36:13,1,100000,0.1479,0.0100,0.000,0.0
2026-03-18 05:36:19,1,100000,0.1480,0.0098,0.000,0.0
2026-03-18 05:36:25,1,100000,0.1495,0.0103,0.000,0.0
2026-03-18 05:36:31,1,100000,0.1508,0.0097,0.000,0.0
2026-03-18 05:36:36,1,100000,0.1470,0.0099,0.000,0.0
2026-03-18 05:36:42,1,100000,0.1512,0.0102,0.000,0.0
2026-03-18 05:36:48,1,100000,0.1522,0.0100,0.000,0.0
2026-03-18 05:36:54,1,100000,0.1517,0.0100,0.000,0.0
2026-03-18 05:37:00,1,100000,0.1442,0.0099,0.000,0.0
2026-03-18 05:37:05,1,100000,0.1451,0.0100,0.000,0.0
2026-03-18 05:37:11,1,100000,0.1572,0.0102,0.000,0.0
2026-03-18 05:37:17,1,100000,0.1522,0.0100,0.000,0.0
2026-03-18 05:37:23,1,100000,0.1435,0.0097,0.000,0.0
2026-03-18 05:37:29,1,100000,0.1462,0.0102,0.000,0.0
2026-03-18 05:37:35,1,100000,0.1491,0.0099,0.000,0.0
2026-03-18 05:37:40,1,100000,0.1437,0.0100,0.000,0.0
2026-03-18 05:37:46,1,100000,0.1479,0.0100,0.000,0.0
2026-03-18 05:37:52,1,100000,0.1515,0.0094,0.000,0.0
2026-03-18 05:37:58,1,100000,0.1368,0.0098,0.000,0.0
2026-03-18 05:38:04,1,100000,0.1406,0.0098,0.000,0.0
2026-03-18 05:38:10,1,100000,0.1502,0.0100,0.000,0.0
2026-03-18 05:38:16,1,100000,0.1469,0.0099,0.000,0.0
2026-03-18 05:38:21,1,100000,0.1421,0.0099,0.000,0.0
2026-03-18 05:38:27,1,100000,0.1442,0.0099,0.000,0.0
2026-03-18 05:38:33,1,100000,0.1401,0.0101,0.000,0.0
2026-03-18 05:40:05,1,100000,0.1354,0.0098,0.340,-36.4
2026-03-18 05:40:12,1,100000,0.1984,0.0106,0.000,0.0
2026-03-18 05:40:18,1,100000,0.1845,0.0109,0.000,0.0
2026-03-18 05:40:23,1,100000,0.1916,0.0106,0.000,0.0
2026-03-18 05:40:29,1,100000,0.1839,0.0103,0.000,0.0
2026-03-18 05:40:35,1,100000,0.1780,0.0102,0.000,0.0
2026-03-18 05:40:40,1,100000,0.1762,0.0105,0.000,0.0
2026-03-18 05:40:46,1,100000,0.1798,0.0106,0.000,0.0
2026-03-18 05:40:52,1,100000,0.1781,0.0103,0.000,0.0
2026-03-18 05:40:57,1,100000,0.1761,0.0103,0.000,0.0
2026-03-18 05:41:03,1,100000,0.1680,0.0103,0.000,0.0
2026-03-18 05:41:09,1,100000,0.1651,0.0101,0.000,0.0
2026-03-18 05:41:15,1,100000,0.1703,0.0102,0.000,0.0
2026-03-18 05:41:21,1,100000,0.1679,0.0101,0.000,0.0
2026-03-18 05:41:27,1,100000,0.1621,0.0105,0.000,0.0
2026-03-18 05:41:32,1,100000,0.1645,0.0104,0.000,0.0
2026-03-18 05:41:38,1,100000,0.1653,0.0104,0.000,0.0
2026-03-18 05:41:43,1,100000,0.1655,0.0103,0.000,0.0
2026-03-18 05:41:49,1,100000,0.1594,0.0100,0.000,0.0
2026-03-18 05:41:55,1,100000,0.1524,0.0102,0.000,0.0
2026-03-18 05:42:01,1,100000,0.1560,0.0103,0.000,0.0
2026-03-18 05:42:07,1,100000,0.1555,0.0103,0.000,0.0
2026-03-18 05:42:12,1,100000,0.1600,0.0100,0.000,0.0
2026-03-18 05:42:18,1,100000,0.1482,0.0101,0.000,0.0
2026-03-18 05:42:24,1,100000,0.1544,0.0102,0.000,0.0
2026-03-18 05:42:30,1,100000,0.1575,0.0102,0.000,0.0
2026-03-18 05:42:36,1,100000,0.1578,0.0099,0.000,0.0
2026-03-18 05:42:42,1,100000,0.1662,0.0104,0.000,0.0
2026-03-18 05:42:48,1,100000,0.1515,0.0099,0.000,0.0
2026-03-18 05:42:53,1,100000,0.1674,0.0103,0.000,0.0
2026-03-18 05:42:59,1,100000,0.1585,0.0101,0.000,0.0
2026-03-18 05:43:05,1,100000,0.1520,0.0101,0.000,0.0
2026-03-18 05:43:11,1,100000,0.1580,0.0100,0.000,0.0
2026-03-18 05:43:17,1,100000,0.1503,0.0099,0.000,0.0
2026-03-18 05:43:23,1,100000,0.1543,0.0098,0.000,0.0
2026-03-18 05:43:29,1,100000,0.1541,0.0100,0.000,0.0
2026-03-18 05:43:35,1,100000,0.1459,0.0098,0.000,0.0
2026-03-18 05:43:41,1,100000,0.1541,0.0100,0.000,0.0
2026-03-18 05:43:47,1,100000,0.1572,0.0098,0.000,0.0
2026-03-18 05:43:52,1,100000,0.1535,0.0098,0.000,0.0
2026-03-18 05:43:58,1,100000,0.1538,0.0100,0.000,0.0
2026-03-18 05:44:04,1,100000,0.1457,0.0098,0.000,0.0
2026-03-18 05:44:10,1,100000,0.1479,0.0100,0.000,0.0
2026-03-18 05:44:15,1,100000,0.1475,0.0098,0.000,0.0
2026-03-18 05:44:21,1,100000,0.1438,0.0099,0.000,0.0
2026-03-18 05:44:27,1,100000,0.1511,0.0099,0.000,0.0
2026-03-18 05:44:32,1,100000,0.1529,0.0104,0.000,0.0
2026-03-18 05:44:38,1,100000,0.1505,0.0099,0.000,0.0
2026-03-18 05:44:44,1,100000,0.1459,0.0100,0.000,0.0
2026-03-18 05:44:50,1,100000,0.1460,0.0097,0.000,0.0
2026-03-18 05:44:56,1,100000,0.1480,0.0098,0.000,0.0
2026-03-18 05:45:01,1,100000,0.1468,0.0103,0.000,0.0
2026-03-18 05:45:07,1,100000,0.1553,0.0104,0.000,0.0
2026-03-18 05:45:13,1,100000,0.1471,0.0098,0.000,0.0
2026-03-18 05:46:46,1,100000,0.1501,0.0101,0.380,-18.1
2026-03-18 05:46:53,1,100000,0.1993,0.0104,0.000,0.0
2026-03-18 05:46:58,1,100000,0.1925,0.0110,0.000,0.0
2026-03-18 05:47:04,1,100000,0.1773,0.0102,0.000,0.0
2026-03-18 05:47:10,1,100000,0.1832,0.0106,0.000,0.0
2026-03-18 05:47:16,1,100000,0.1784,0.0101,0.000,0.0
2026-03-18 05:47:21,1,100000,0.1686,0.0104,0.000,0.0
2026-03-18 05:47:27,1,100000,0.1781,0.0099,0.000,0.0
2026-03-18 05:47:33,1,100000,0.1732,0.0098,0.000,0.0
2026-03-18 05:47:39,1,100000,0.1666,0.0101,0.000,0.0
2026-03-18 05:47:44,1,100000,0.1695,0.0100,0.000,0.0
2026-03-18 05:47:50,1,100000,0.1805,0.0099,0.000,0.0
2026-03-18 05:47:56,1,100000,0.1655,0.0099,0.000,0.0
2026-03-18 05:48:01,1,100000,0.1564,0.0102,0.000,0.0
2026-03-18 05:48:07,1,100000,0.1585,0.0099,0.000,0.0
2026-03-18 05:48:13,1,100000,0.1637,0.0102,0.000,0.0
2026-03-18 05:48:19,1,100000,0.1656,0.0100,0.000,0.0
2026-03-18 05:48:25,1,100000,0.1588,0.0095,0.000,0.0
2026-03-18 05:48:31,1,100000,0.1541,0.0101,0.000,0.0
2026-03-18 05:48:36,1,100000,0.1560,0.0098,0.000,0.0
2026-03-18 05:48:42,1,100000,0.1551,0.0100,0.000,0.0
2026-03-18 05:48:48,1,100000,0.1594,0.0100,0.000,0.0
2026-03-18 05:48:54,1,100000,0.1559,0.0099,0.000,0.0
2026-03-18 05:49:00,1,100000,0.1606,0.0100,0.000,0.0
2026-03-18 05:49:05,1,100000,0.1502,0.0100,0.000,0.0
2026-03-18 05:49:11,1,100000,0.1522,0.0101,0.000,0.0
2026-03-18 05:49:17,1,100000,0.1566,0.0101,0.000,0.0
2026-03-18 05:49:23,1,100000,0.1589,0.0098,0.000,0.0
2026-03-18 05:49:29,1,100000,0.1556,0.0103,0.000,0.0
2026-03-18 05:49:35,1,100000,0.1559,0.0097,0.000,0.0
2026-03-18 05:49:40,1,100000,0.1506,0.0097,0.000,0.0
2026-03-18 05:49:46,1,100000,0.1641,0.0099,0.000,0.0
2026-03-18 05:49:52,1,100000,0.1524,0.0096,0.000,0.0
2026-03-18 05:49:57,1,100000,0.1598,0.0098,0.000,0.0
2026-03-18 05:50:03,1,100000,0.1492,0.0098,0.000,0.0
2026-03-18 05:50:09,1,100000,0.1536,0.0098,0.000,0.0
2026-03-18 05:50:15,1,100000,0.1526,0.0103,0.000,0.0
2026-03-18 05:50:21,1,100000,0.1652,0.0106,0.000,0.0
2026-03-18 05:50:26,1,100000,0.1506,0.0100,0.000,0.0
2026-03-18 05:50:32,1,100000,0.1566,0.0103,0.000,0.0
2026-03-18 05:50:38,1,100000,0.1562,0.0098,0.000,0.0
2026-03-18 05:50:44,1,100000,0.1586,0.0099,0.000,0.0
2026-03-18 05:50:50,1,100000,0.1486,0.0104,0.000,0.0
2026-03-18 05:50:56,1,100000,0.1541,0.0099,0.000,0.0
2026-03-18 05:51:02,1,100000,0.1575,0.0100,0.000,0.0
2026-03-18 05:51:07,1,100000,0.1537,0.0101,0.000,0.0
2026-03-18 05:51:13,1,100000,0.1456,0.0097,0.000,0.0
2026-03-18 05:51:19,1,100000,0.1466,0.0101,0.000,0.0
2026-03-18 05:51:24,1,100000,0.1586,0.0102,0.000,0.0
2026-03-18 05:51:30,1,100000,0.1547,0.0098,0.000,0.0
2026-03-18 05:51:36,1,100000,0.1498,0.0096,0.000,0.0
2026-03-18 05:51:42,1,100000,0.1466,0.0098,0.000,0.0
2026-03-18 05:51:48,1,100000,0.1531,0.0105,0.000,0.0
2026-03-18 05:51:54,1,100000,0.1426,0.0099,0.000,0.0
2026-03-18 05:53:24,1,100000,0.1487,0.0099,0.280,-46.0
2026-03-18 05:53:31,1,100000,0.1951,0.0104,0.000,0.0
2026-03-18 05:53:37,1,100000,0.1876,0.0103,0.000,0.0
2026-03-18 05:53:42,1,100000,0.1912,0.0105,0.000,0.0
2026-03-18 05:53:48,1,100000,0.1706,0.0099,0.000,0.0
2026-03-18 05:53:53,1,100000,0.1864,0.0104,0.000,0.0
2026-03-18 05:53:59,1,100000,0.1759,0.0103,0.000,0.0
2026-03-18 05:54:05,1,100000,0.1839,0.0103,0.000,0.0
2026-03-18 05:54:11,1,100000,0.1730,0.0099,0.000,0.0
2026-03-18 05:54:17,1,100000,0.1696,0.0102,0.000,0.0
2026-03-18 05:54:22,1,100000,0.1707,0.0101,0.000,0.0
2026-03-18 05:54:28,1,100000,0.1737,0.0104,0.000,0.0
2026-03-18 05:54:34,1,100000,0.1727,0.0104,0.000,0.0
2026-03-18 05:54:39,1,100000,0.1637,0.0101,0.000,0.0
2026-03-18 05:54:45,1,100000,0.1712,0.0101,0.000,0.0
2026-03-18 05:54:51,1,100000,0.1755,0.0104,0.000,0.0
2026-03-18 05:54:57,1,100000,0.1599,0.0100,0.000,0.0
2026-03-18 05:55:03,1,100000,0.1621,0.0101,0.000,0.0
2026-03-18 05:55:09,1,100000,0.1739,0.0103,0.000,0.0
2026-03-18 05:55:14,1,100000,0.1652,0.0099,0.000,0.0
2026-03-18 05:55:20,1,100000,0.1611,0.0103,0.000,0.0
2026-03-18 05:55:26,1,100000,0.1590,0.0096,0.000,0.0
2026-03-18 05:55:32,1,100000,0.1542,0.0098,0.000,0.0
2026-03-18 05:55:38,1,100000,0.1757,0.0101,0.000,0.0
2026-03-18 05:55:44,1,100000,0.1560,0.0099,0.000,0.0
2026-03-18 05:55:49,1,100000,0.1520,0.0101,0.000,0.0
2026-03-18 05:55:55,1,100000,0.1574,0.0100,0.000,0.0
2026-03-18 05:56:01,1,100000,0.1567,0.0099,0.000,0.0
2026-03-18 05:56:07,1,100000,0.1553,0.0100,0.000,0.0
2026-03-18 05:56:13,1,100000,0.1611,0.0100,0.000,0.0
2026-03-18 05:56:18,1,100000,0.1586,0.0099,0.000,0.0
2026-03-18 05:56:24,1,100000,0.1400,0.0101,0.000,0.0
2026-03-18 05:56:30,1,100000,0.1547,0.0102,0.000,0.0
2026-03-18 05:56:36,1,100000,0.1428,0.0099,0.000,0.0
2026-03-18 05:56:41,1,100000,0.1531,0.0100,0.000,0.0
2026-03-18 05:56:47,1,100000,0.1630,0.0102,0.000,0.0
2026-03-18 05:56:53,1,100000,0.1492,0.0097,0.000,0.0
2026-03-18 05:56:58,1,100000,0.1483,0.0097,0.000,0.0
2026-03-18 05:57:04,1,100000,0.1541,0.0098,0.000,0.0
2026-03-18 05:57:10,1,100000,0.1511,0.0100,0.000,0.0
2026-03-18 05:57:16,1,100000,0.1492,0.0100,0.000,0.0
2026-03-18 05:57:21,1,100000,0.1520,0.0099,0.000,0.0
2026-03-18 05:57:27,1,100000,0.1505,0.0098,0.000,0.0
2026-03-18 05:57:33,1,100000,0.1531,0.0097,0.000,0.0
2026-03-18 05:57:39,1,100000,0.1450,0.0099,0.000,0.0
2026-03-18 05:57:45,1,100000,0.1428,0.0096,0.000,0.0
2026-03-18 05:57:51,1,100000,0.1475,0.0101,0.000,0.0
2026-03-18 05:57:56,1,100000,0.1544,0.0096,0.000,0.0
2026-03-18 05:58:02,1,100000,0.1486,0.0100,0.000,0.0
2026-03-18 05:58:08,1,100000,0.1381,0.0097,0.000,0.0
2026-03-18 05:58:14,1,100000,0.1463,0.0100,0.000,0.0
2026-03-18 05:58:19,1,100000,0.1448,0.0100,0.000,0.0
2026-03-18 05:58:25,1,100000,0.1501,0.0099,0.000,0.0
2026-03-18 05:58:31,1,100000,0.1508,0.0101,0.000,0.0
2026-03-18 06:00:09,1,100000,0.1499,0.0098,0.400,-30.5
2026-03-18 06:00:16,1,100000,0.1867,0.0101,0.000,0.0
2026-03-18 06:00:22,1,100000,0.1837,0.0101,0.000,0.0
2026-03-18 06:00:28,1,100000,0.1976,0.0105,0.000,0.0
2026-03-18 06:00:33,1,100000,0.1845,0.0106,0.000,0.0
2026-03-18 06:00:39,1,100000,0.1737,0.0100,0.000,0.0
2026-03-18 06:00:45,1,100000,0.1836,0.0102,0.000,0.0
2026-03-18 06:00:51,1,100000,0.1701,0.0105,0.000,0.0
2026-03-18 06:00:56,1,100000,0.1697,0.0102,0.000,0.0
2026-03-18 06:01:02,1,100000,0.1757,0.0103,0.000,0.0
2026-03-18 06:01:08,1,100000,0.1646,0.0098,0.000,0.0
2026-03-18 06:01:14,1,100000,0.1716,0.0099,0.000,0.0
2026-03-18 06:01:20,1,100000,0.1680,0.0098,0.000,0.0
2026-03-18 06:01:25,1,100000,0.1700,0.0097,0.000,0.0
2026-03-18 06:01:31,1,100000,0.1664,0.0101,0.000,0.0
2026-03-18 06:01:37,1,100000,0.1741,0.0100,0.000,0.0
2026-03-18 06:01:43,1,100000,0.1649,0.0098,0.000,0.0
2026-03-18 06:01:48,1,100000,0.1657,0.0101,0.000,0.0
2026-03-18 06:01:54,1,100000,0.1640,0.0099,0.000,0.0
2026-03-18 06:02:00,1,100000,0.1694,0.0102,0.000,0.0
2026-03-18 06:02:06,1,100000,0.1667,0.0100,0.000,0.0
2026-03-18 06:02:11,1,100000,0.1616,0.0101,0.000,0.0
2026-03-18 06:02:17,1,100000,0.1658,0.0101,0.000,0.0
2026-03-18 06:02:23,1,100000,0.1677,0.0102,0.000,0.0
2026-03-18 06:02:29,1,100000,0.1626,0.0102,0.000,0.0
2026-03-18 06:02:35,1,100000,0.1652,0.0101,0.000,0.0
2026-03-18 06:02:40,1,100000,0.1583,0.0098,0.000,0.0
2026-03-18 06:02:46,1,100000,0.1549,0.0097,0.000,0.0
2026-03-18 06:02:52,1,100000,0.1547,0.0097,0.000,0.0
2026-03-18 06:02:58,1,100000,0.1595,0.0100,0.000,0.0
2026-03-18 06:03:03,1,100000,0.1649,0.0099,0.000,0.0
2026-03-18 06:03:09,1,100000,0.1649,0.0100,0.000,0.0
2026-03-18 06:03:15,1,100000,0.1637,0.0101,0.000,0.0
2026-03-18 06:03:21,1,100000,0.1524,0.0098,0.000,0.0
2026-03-18 06:03:27,1,100000,0.1514,0.0098,0.000,0.0
2026-03-18 06:03:32,1,100000,0.1496,0.0099,0.000,0.0
2026-03-18 06:03:38,1,100000,0.1566,0.0098,0.000,0.0
2026-03-18 06:03:44,1,100000,0.1541,0.0100,0.000,0.0
2026-03-18 06:03:49,1,100000,0.1528,0.0100,0.000,0.0
2026-03-18 06:03:55,1,100000,0.1531,0.0102,0.000,0.0
2026-03-18 06:04:01,1,100000,0.1495,0.0100,0.000,0.0
2026-03-18 06:04:07,1,100000,0.1556,0.0098,0.000,0.0
2026-03-18 06:04:13,1,100000,0.1566,0.0098,0.000,0.0
2026-03-18 06:04:19,1,100000,0.1556,0.0100,0.000,0.0
2026-03-18 06:04:26,1,100000,0.1527,0.0098,0.000,0.0
2026-03-18 06:04:31,1,100000,0.1524,0.0098,0.000,0.0
2026-03-18 06:04:37,1,100000,0.1482,0.0099,0.000,0.0
2026-03-18 06:04:43,1,100000,0.1531,0.0100,0.000,0.0
2026-03-18 06:04:49,1,100000,0.1534,0.0094,0.000,0.0
2026-03-18 06:04:54,1,100000,0.1478,0.0097,0.000,0.0
2026-03-18 06:05:00,1,100000,0.1514,0.0099,0.000,0.0
2026-03-18 06:05:06,1,100000,0.1525,0.0100,0.000,0.0
2026-03-18 06:05:11,1,100000,0.1564,0.0101,0.000,0.0
2026-03-18 06:06:41,1,100000,0.1515,0.0096,0.340,-22.0
2026-03-18 06:06:48,1,100000,0.1949,0.0102,0.000,0.0
2026-03-18 06:06:54,1,100000,0.1841,0.0105,0.000,0.0
2026-03-18 06:07:00,1,100000,0.1827,0.0107,0.000,0.0
2026-03-18 06:07:06,1,100000,0.1720,0.0104,0.000,0.0
2026-03-18 06:07:12,1,100000,0.1768,0.0101,0.000,0.0
2026-03-18 06:07:18,1,100000,0.1846,0.0103,0.000,0.0
2026-03-18 06:07:23,1,100000,0.1695,0.0102,0.000,0.0
2026-03-18 06:07:29,1,100000,0.1722,0.0104,0.000,0.0
2026-03-18 06:07:34,1,100000,0.1761,0.0103,0.000,0.0
2026-03-18 06:07:40,1,100000,0.1745,0.0103,0.000,0.0
2026-03-18 06:07:46,1,100000,0.1736,0.0103,0.000,0.0
2026-03-18 06:07:52,1,100000,0.1750,0.0103,0.000,0.0
2026-03-18 06:07:57,1,100000,0.1606,0.0100,0.000,0.0
2026-03-18 06:08:03,1,100000,0.1672,0.0102,0.000,0.0
2026-03-18 06:08:09,1,100000,0.1690,0.0103,0.000,0.0
2026-03-18 06:08:15,1,100000,0.1615,0.0099,0.000,0.0
2026-03-18 06:08:20,1,100000,0.1588,0.0099,0.000,0.0
2026-03-18 06:08:26,1,100000,0.1577,0.0101,0.000,0.0
2026-03-18 06:08:32,1,100000,0.1617,0.0102,0.000,0.0
2026-03-18 06:08:38,1,100000,0.1603,0.0102,0.000,0.0
2026-03-18 06:08:44,1,100000,0.1595,0.0101,0.000,0.0
2026-03-18 06:08:50,1,100000,0.1580,0.0101,0.000,0.0
2026-03-18 06:08:55,1,100000,0.1712,0.0102,0.000,0.0
2026-03-18 06:09:01,1,100000,0.1554,0.0097,0.000,0.0
2026-03-18 06:09:07,1,100000,0.1572,0.0100,0.000,0.0
2026-03-18 06:09:14,1,100000,0.1533,0.0100,0.000,0.0
2026-03-18 06:09:19,1,100000,0.1588,0.0101,0.000,0.0
2026-03-18 06:09:25,1,100000,0.1514,0.0097,0.000,0.0
2026-03-18 06:09:31,1,100000,0.1556,0.0099,0.000,0.0
2026-03-18 06:09:36,1,100000,0.1506,0.0100,0.000,0.0
2026-03-18 06:09:42,1,100000,0.1513,0.0097,0.000,0.0
2026-03-18 06:09:48,1,100000,0.1541,0.0100,0.000,0.0
2026-03-18 06:09:53,1,100000,0.1522,0.0098,0.000,0.0
2026-03-18 06:09:59,1,100000,0.1588,0.0104,0.000,0.0
2026-03-18 06:10:05,1,100000,0.1589,0.0100,0.000,0.0
2026-03-18 06:10:11,1,100000,0.1665,0.0105,0.000,0.0
2026-03-18 06:10:17,1,100000,0.1513,0.0098,0.000,0.0
2026-03-18 06:10:22,1,100000,0.1506,0.0099,0.000,0.0
2026-03-18 06:10:28,1,100000,0.1642,0.0100,0.000,0.0
2026-03-18 06:10:34,1,100000,0.1582,0.0097,0.000,0.0
2026-03-18 06:10:40,1,100000,0.1544,0.0100,0.000,0.0
2026-03-18 06:10:45,1,100000,0.1538,0.0097,0.000,0.0
2026-03-18 06:10:51,1,100000,0.1525,0.0096,0.000,0.0
2026-03-18 06:10:57,1,100000,0.1465,0.0097,0.000,0.0
2026-03-18 06:11:03,1,100000,0.1483,0.0100,0.000,0.0
2026-03-18 06:11:09,1,100000,0.1576,0.0101,0.000,0.0
2026-03-18 06:11:14,1,100000,0.1509,0.0097,0.000,0.0
2026-03-18 06:11:20,1,100000,0.1468,0.0096,0.000,0.0
2026-03-18 06:11:26,1,100000,0.1486,0.0099,0.000,0.0
2026-03-18 06:11:32,1,100000,0.1522,0.0101,0.000,0.0
2026-03-18 06:11:38,1,100000,0.1464,0.0099,0.000,0.0
2026-03-18 06:11:43,1,100000,0.1453,0.0100,0.000,0.0
2026-03-18 06:11:49,1,100000,0.1553,0.0100,0.000,0.0
2026-03-18 06:13:20,1,100000,0.1411,0.0099,0.340,-36.5
2026-03-18 06:13:27,1,100000,0.1916,0.0106,0.000,0.0
2026-03-18 06:13:33,1,100000,0.1897,0.0104,0.000,0.0
2026-03-18 06:13:38,1,100000,0.1695,0.0103,0.000,0.0
2026-03-18 06:13:44,1,100000,0.1774,0.0102,0.000,0.0
2026-03-18 06:13:50,1,100000,0.1768,0.0104,0.000,0.0
2026-03-18 06:13:55,1,100000,0.1753,0.0105,0.000,0.0
2026-03-18 06:14:01,1,100000,0.1721,0.0103,0.000,0.0
2026-03-18 06:14:06,1,100000,0.1728,0.0102,0.000,0.0
2026-03-18 06:14:12,1,100000,0.1649,0.0104,0.000,0.0
2026-03-18 06:14:18,1,100000,0.1660,0.0101,0.000,0.0
2026-03-18 06:14:24,1,100000,0.1722,0.0101,0.000,0.0
2026-03-18 06:14:29,1,100000,0.1647,0.0101,0.000,0.0
2026-03-18 06:14:35,1,100000,0.1668,0.0100,0.000,0.0
2026-03-18 06:14:41,1,100000,0.1712,0.0105,0.000,0.0
2026-03-18 06:14:47,1,100000,0.1581,0.0101,0.000,0.0
2026-03-18 06:14:52,1,100000,0.1658,0.0102,0.000,0.0
2026-03-18 06:14:58,1,100000,0.1548,0.0099,0.000,0.0
2026-03-18 06:15:04,1,100000,0.1572,0.0100,0.000,0.0
2026-03-18 06:15:10,1,100000,0.1619,0.0103,0.000,0.0
2026-03-18 06:15:16,1,100000,0.1564,0.0102,0.000,0.0
2026-03-18 06:15:21,1,100000,0.1613,0.0101,0.000,0.0
2026-03-18 06:15:27,1,100000,0.1614,0.0105,0.000,0.0
2026-03-18 06:15:33,1,100000,0.1541,0.0102,0.000,0.0
2026-03-18 06:15:39,1,100000,0.1622,0.0102,0.000,0.0
2026-03-18 06:15:45,1,100000,0.1540,0.0099,0.000,0.0
2026-03-18 06:15:51,1,100000,0.1520,0.0100,0.000,0.0
2026-03-18 06:15:56,1,100000,0.1596,0.0106,0.000,0.0
2026-03-18 06:16:02,1,100000,0.1510,0.0102,0.000,0.0
2026-03-18 06:16:08,1,100000,0.1570,0.0103,0.000,0.0
2026-03-18 06:16:13,1,100000,0.1544,0.0105,0.000,0.0
2026-03-18 06:16:19,1,100000,0.1548,0.0100,0.000,0.0
2026-03-18 06:16:25,1,100000,0.1532,0.0103,0.000,0.0
2026-03-18 06:16:30,1,100000,0.1450,0.0101,0.000,0.0
2026-03-18 06:16:36,1,100000,0.1570,0.0103,0.000,0.0
2026-03-18 06:16:42,1,100000,0.1489,0.0100,0.000,0.0
2026-03-18 06:16:48,1,100000,0.1525,0.0100,0.000,0.0
2026-03-18 06:16:54,1,100000,0.1566,0.0100,0.000,0.0
2026-03-18 06:17:00,1,100000,0.1529,0.0103,0.000,0.0
2026-03-18 06:17:05,1,100000,0.1517,0.0103,0.000,0.0
2026-03-18 06:17:11,1,100000,0.1523,0.0102,0.000,0.0
2026-03-18 06:17:17,1,100000,0.1474,0.0103,0.000,0.0
2026-03-18 06:17:23,1,100000,0.1423,0.0101,0.000,0.0
2026-03-18 06:17:28,1,100000,0.1468,0.0100,0.000,0.0
2026-03-18 06:17:34,1,100000,0.1526,0.0105,0.000,0.0
2026-03-18 06:17:40,1,100000,0.1515,0.0102,0.000,0.0
2026-03-18 06:17:45,1,100000,0.1496,0.0101,0.000,0.0
2026-03-18 06:17:51,1,100000,0.1410,0.0099,0.000,0.0
2026-03-18 06:17:56,1,100000,0.1509,0.0101,0.000,0.0
2026-03-18 06:18:02,1,100000,0.1467,0.0102,0.000,0.0
2026-03-18 06:18:08,1,100000,0.1485,0.0101,0.000,0.0
2026-03-18 06:18:14,1,100000,0.1390,0.0100,0.000,0.0
2026-03-18 06:18:19,1,100000,0.1518,0.0100,0.000,0.0
2026-03-18 06:18:25,1,100000,0.1503,0.0103,0.000,0.0
2026-03-18 06:19:58,1,100000,0.1523,0.0104,0.340,-39.9
2026-03-18 06:20:04,1,100000,0.1923,0.0108,0.000,0.0
2026-03-18 06:20:10,1,100000,0.1920,0.0109,0.000,0.0
2026-03-18 06:20:16,1,100000,0.1738,0.0108,0.000,0.0
2026-03-18 06:20:22,1,100000,0.1766,0.0109,0.000,0.0
2026-03-18 06:20:28,1,100000,0.1693,0.0105,0.000,0.0
2026-03-18 06:20:34,1,100000,0.1736,0.0108,0.000,0.0
2026-03-18 06:20:39,1,100000,0.1606,0.0108,0.000,0.0
2026-03-18 06:20:45,1,100000,0.1608,0.0106,0.000,0.0
2026-03-18 06:20:51,1,100000,0.1636,0.0106,0.000,0.0
2026-03-18 06:20:57,1,100000,0.1590,0.0104,0.000,0.0
2026-03-18 06:21:02,1,100000,0.1671,0.0106,0.000,0.0
2026-03-18 06:21:08,1,100000,0.1597,0.0104,0.000,0.0
2026-03-18 06:21:14,1,100000,0.1614,0.0105,0.000,0.0
2026-03-18 06:21:20,1,100000,0.1586,0.0103,0.000,0.0
2026-03-18 06:21:26,1,100000,0.1679,0.0104,0.000,0.0
2026-03-18 06:21:31,1,100000,0.1666,0.0106,0.000,0.0
2026-03-18 06:21:37,1,100000,0.1601,0.0106,0.000,0.0
2026-03-18 06:21:43,1,100000,0.1574,0.0105,0.000,0.0
2026-03-18 06:21:49,1,100000,0.1579,0.0106,0.000,0.0
2026-03-18 06:21:54,1,100000,0.1579,0.0107,0.000,0.0
2026-03-18 06:22:00,1,100000,0.1520,0.0105,0.000,0.0
2026-03-18 06:22:06,1,100000,0.1533,0.0104,0.000,0.0
2026-03-18 06:22:12,1,100000,0.1521,0.0105,0.000,0.0
2026-03-18 06:22:18,1,100000,0.1508,0.0105,0.000,0.0
2026-03-18 06:22:24,1,100000,0.1531,0.0101,0.000,0.0
2026-03-18 06:22:30,1,100000,0.1549,0.0104,0.000,0.0
2026-03-18 06:22:35,1,100000,0.1437,0.0103,0.000,0.0
2026-03-18 06:22:41,1,100000,0.1538,0.0102,0.000,0.0
2026-03-18 06:22:47,1,100000,0.1575,0.0106,0.000,0.0
2026-03-18 06:22:53,1,100000,0.1510,0.0105,0.000,0.0
2026-03-18 06:22:59,1,100000,0.1496,0.0103,0.000,0.0
2026-03-18 06:23:05,1,100000,0.1580,0.0104,0.000,0.0
2026-03-18 06:23:11,1,100000,0.1484,0.0103,0.000,0.0
2026-03-18 06:23:17,1,100000,0.1533,0.0105,0.000,0.0
2026-03-18 06:23:22,1,100000,0.1443,0.0101,0.000,0.0
2026-03-18 06:23:28,1,100000,0.1547,0.0105,0.000,0.0
2026-03-18 06:23:34,1,100000,0.1517,0.0100,0.000,0.0
2026-03-18 06:23:40,1,100000,0.1458,0.0104,0.000,0.0
2026-03-18 06:23:46,1,100000,0.1438,0.0102,0.000,0.0
2026-03-18 06:23:51,1,100000,0.1438,0.0102,0.000,0.0
2026-03-18 06:23:58,1,100000,0.1434,0.0101,0.000,0.0
2026-03-18 06:24:03,1,100000,0.1546,0.0104,0.000,0.0
2026-03-18 06:24:09,1,100000,0.1459,0.0101,0.000,0.0
2026-03-18 06:24:15,1,100000,0.1520,0.0102,0.000,0.0
2026-03-18 06:24:21,1,100000,0.1486,0.0101,0.000,0.0
2026-03-18 06:24:27,1,100000,0.1474,0.0103,0.000,0.0
2026-03-18 06:24:33,1,100000,0.1477,0.0104,0.000,0.0
2026-03-18 06:24:38,1,100000,0.1497,0.0106,0.000,0.0
2026-03-18 06:24:44,1,100000,0.1484,0.0100,0.000,0.0
2026-03-18 06:24:50,1,100000,0.1462,0.0099,0.000,0.0
2026-03-18 06:24:55,1,100000,0.1485,0.0104,0.000,0.0
2026-03-18 06:25:01,1,100000,0.1465,0.0102,0.000,0.0
2026-03-18 06:26:29,1,100000,0.1433,0.0100,0.300,-34.4
2026-03-18 06:26:36,1,100000,0.1881,0.0105,0.000,0.0
2026-03-18 06:26:42,1,100000,0.1819,0.0106,0.000,0.0
2026-03-18 06:26:48,1,100000,0.1888,0.0107,0.000,0.0
2026-03-18 06:26:54,1,100000,0.1839,0.0107,0.000,0.0
2026-03-18 06:26:59,1,100000,0.1685,0.0102,0.000,0.0
2026-03-18 06:27:05,1,100000,0.1617,0.0104,0.000,0.0
2026-03-18 06:27:11,1,100000,0.1686,0.0103,0.000,0.0
2026-03-18 06:27:17,1,100000,0.1687,0.0100,0.000,0.0
2026-03-18 06:27:22,1,100000,0.1610,0.0105,0.000,0.0
2026-03-18 06:27:28,1,100000,0.1747,0.0108,0.000,0.0
2026-03-18 06:27:34,1,100000,0.1649,0.0104,0.000,0.0
2026-03-18 06:27:39,1,100000,0.1627,0.0102,0.000,0.0
2026-03-18 06:27:45,1,100000,0.1618,0.0105,0.000,0.0
2026-03-18 06:27:51,1,100000,0.1673,0.0103,0.000,0.0
2026-03-18 06:27:56,1,100000,0.1585,0.0104,0.000,0.0
2026-03-18 06:28:02,1,100000,0.1519,0.0102,0.000,0.0
2026-03-18 06:28:08,1,100000,0.1566,0.0102,0.000,0.0
2026-03-18 06:28:14,1,100000,0.1568,0.0104,0.000,0.0
2026-03-18 06:28:19,1,100000,0.1629,0.0106,0.000,0.0
2026-03-18 06:28:25,1,100000,0.1592,0.0101,0.000,0.0
2026-03-18 06:28:31,1,100000,0.1558,0.0100,0.000,0.0
2026-03-18 06:28:37,1,100000,0.1556,0.0100,0.000,0.0
2026-03-18 06:28:42,1,100000,0.1570,0.0103,0.000,0.0
2026-03-18 06:28:48,1,100000,0.1520,0.0100,0.000,0.0
2026-03-18 06:28:54,1,100000,0.1579,0.0101,0.000,0.0
2026-03-18 06:29:00,1,100000,0.1519,0.0102,0.000,0.0
2026-03-18 06:29:05,1,100000,0.1543,0.0101,0.000,0.0
2026-03-18 06:29:11,1,100000,0.1477,0.0101,0.000,0.0
2026-03-18 06:29:17,1,100000,0.1540,0.0099,0.000,0.0
2026-03-18 06:29:22,1,100000,0.1551,0.0101,0.000,0.0
2026-03-18 06:29:28,1,100000,0.1429,0.0099,0.000,0.0
2026-03-18 06:29:34,1,100000,0.1466,0.0099,0.000,0.0
2026-03-18 06:29:40,1,100000,0.1637,0.0105,0.000,0.0
2026-03-18 06:29:46,1,100000,0.1433,0.0099,0.000,0.0
2026-03-18 06:29:51,1,100000,0.1472,0.0103,0.000,0.0
2026-03-18 06:29:57,1,100000,0.1464,0.0102,0.000,0.0
2026-03-18 06:30:03,1,100000,0.1540,0.0100,0.000,0.0
2026-03-18 06:30:09,1,100000,0.1467,0.0101,0.000,0.0
2026-03-18 06:30:14,1,100000,0.1501,0.0101,0.000,0.0
2026-03-18 06:30:20,1,100000,0.1509,0.0099,0.000,0.0
2026-03-18 06:30:26,1,100000,0.1459,0.0100,0.000,0.0
2026-03-18 06:30:32,1,100000,0.1489,0.0099,0.000,0.0
2026-03-18 06:30:38,1,100000,0.1412,0.0098,0.000,0.0
2026-03-18 06:30:44,1,100000,0.1474,0.0098,0.000,0.0
2026-03-18 06:30:49,1,100000,0.1494,0.0103,0.000,0.0
2026-03-18 06:30:55,1,100000,0.1431,0.0099,0.000,0.0
2026-03-18 06:31:01,1,100000,0.1465,0.0099,0.000,0.0
2026-03-18 06:31:07,1,100000,0.1497,0.0097,0.000,0.0
2026-03-18 06:31:13,1,100000,0.1452,0.0100,0.000,0.0
2026-03-18 06:31:19,1,100000,0.1501,0.0098,0.000,0.0
2026-03-18 06:31:25,1,100000,0.1444,0.0099,0.000,0.0
2026-03-18 06:31:31,1,100000,0.1387,0.0098,0.000,0.0
2026-03-18 06:33:01,1,100000,0.1497,0.0101,0.420,-31.2
2026-03-18 06:33:08,1,100000,0.1978,0.0107,0.000,0.0
2026-03-18 06:33:14,1,100000,0.1836,0.0106,0.000,0.0
2026-03-18 06:33:20,1,100000,0.1790,0.0103,0.000,0.0
2026-03-18 06:33:25,1,100000,0.1857,0.0105,0.000,0.0
2026-03-18 06:33:31,1,100000,0.1859,0.0104,0.000,0.0
2026-03-18 06:33:36,1,100000,0.1725,0.0103,0.000,0.0
2026-03-18 06:33:42,1,100000,0.1708,0.0101,0.000,0.0
2026-03-18 06:33:48,1,100000,0.1786,0.0105,0.000,0.0
2026-03-18 06:33:54,1,100000,0.1715,0.0102,0.000,0.0
2026-03-18 06:33:59,1,100000,0.1626,0.0103,0.000,0.0
2026-03-18 06:34:05,1,100000,0.1738,0.0104,0.000,0.0
2026-03-18 06:34:11,1,100000,0.1658,0.0101,0.000,0.0
2026-03-18 06:34:17,1,100000,0.1694,0.0104,0.000,0.0
2026-03-18 06:34:22,1,100000,0.1664,0.0104,0.000,0.0
2026-03-18 06:34:28,1,100000,0.1686,0.0100,0.000,0.0
2026-03-18 06:34:34,1,100000,0.1566,0.0098,0.000,0.0
2026-03-18 06:34:40,1,100000,0.1590,0.0101,0.000,0.0
2026-03-18 06:34:45,1,100000,0.1622,0.0102,0.000,0.0
2026-03-18 06:34:51,1,100000,0.1614,0.0100,0.000,0.0
2026-03-18 06:34:57,1,100000,0.1591,0.0099,0.000,0.0
2026-03-18 06:35:03,1,100000,0.1580,0.0102,0.000,0.0
2026-03-18 06:35:08,1,100000,0.1607,0.0099,0.000,0.0
2026-03-18 06:35:14,1,100000,0.1565,0.0099,0.000,0.0
2026-03-18 06:35:20,1,100000,0.1634,0.0104,0.000,0.0
2026-03-18 06:35:26,1,100000,0.1560,0.0101,0.000,0.0
2026-03-18 06:35:31,1,100000,0.1555,0.0101,0.000,0.0
2026-03-18 06:35:37,1,100000,0.1561,0.0102,0.000,0.0
2026-03-18 06:35:43,1,100000,0.1492,0.0099,0.000,0.0
2026-03-18 06:35:49,1,100000,0.1528,0.0100,0.000,0.0
2026-03-18 06:35:54,1,100000,0.1557,0.0101,0.000,0.0
2026-03-18 06:36:00,1,100000,0.1565,0.0103,0.000,0.0
2026-03-18 06:36:06,1,100000,0.1576,0.0102,0.000,0.0
2026-03-18 06:36:11,1,100000,0.1561,0.0100,0.000,0.0
2026-03-18 06:36:17,1,100000,0.1460,0.0100,0.000,0.0
2026-03-18 06:36:23,1,100000,0.1558,0.0100,0.000,0.0
2026-03-18 06:36:29,1,100000,0.1497,0.0104,0.000,0.0
2026-03-18 06:36:34,1,100000,0.1578,0.0099,0.000,0.0
2026-03-18 06:36:40,1,100000,0.1479,0.0096,0.000,0.0
2026-03-18 06:36:45,1,100000,0.1586,0.0101,0.000,0.0
2026-03-18 06:36:51,1,100000,0.1508,0.0098,0.000,0.0
2026-03-18 06:36:57,1,100000,0.1474,0.0098,0.000,0.0
2026-03-18 06:37:03,1,100000,0.1433,0.0098,0.000,0.0
2026-03-18 06:37:08,1,100000,0.1525,0.0099,0.000,0.0
2026-03-18 06:37:14,1,100000,0.1463,0.0099,0.000,0.0
2026-03-18 06:37:20,1,100000,0.1594,0.0100,0.000,0.0
2026-03-18 06:37:25,1,100000,0.1445,0.0096,0.000,0.0
2026-03-18 06:37:31,1,100000,0.1478,0.0099,0.000,0.0
2026-03-18 06:37:37,1,100000,0.1405,0.0099,0.000,0.0
2026-03-18 06:37:43,1,100000,0.1441,0.0096,0.000,0.0
2026-03-18 06:37:48,1,100000,0.1502,0.0102,0.000,0.0
2026-03-18 06:37:54,1,100000,0.1612,0.0100,0.000,0.0
2026-03-18 06:38:00,1,100000,0.1515,0.0099,0.000,0.0
2026-03-18 06:38:05,1,100000,0.1406,0.0099,0.000,0.0
2026-03-18 06:39:36,1,100000,0.1407,0.0096,0.400,-17.5
2026-03-18 06:39:43,1,100000,0.1963,0.0102,0.000,0.0
2026-03-18 06:39:49,1,100000,0.2029,0.0103,0.000,0.0
2026-03-18 06:39:55,1,100000,0.1891,0.0100,0.000,0.0
2026-03-18 06:40:00,1,100000,0.1941,0.0098,0.000,0.0
2026-03-18 06:40:07,1,100000,0.1848,0.0104,0.000,0.0
2026-03-18 06:40:12,1,100000,0.1763,0.0100,0.000,0.0
2026-03-18 06:40:18,1,100000,0.1874,0.0101,0.000,0.0
2026-03-18 06:40:24,1,100000,0.1764,0.0099,0.000,0.0
2026-03-18 06:40:30,1,100000,0.1721,0.0103,0.000,0.0
2026-03-18 06:40:35,1,100000,0.1657,0.0100,0.000,0.0
2026-03-18 06:40:41,1,100000,0.1703,0.0100,0.000,0.0
2026-03-18 06:40:47,1,100000,0.1738,0.0102,0.000,0.0
2026-03-18 06:40:53,1,100000,0.1655,0.0098,0.000,0.0
2026-03-18 06:40:58,1,100000,0.1841,0.0100,0.000,0.0
2026-03-18 06:41:04,1,100000,0.1772,0.0101,0.000,0.0
2026-03-18 06:41:10,1,100000,0.1659,0.0099,0.000,0.0
2026-03-18 06:41:15,1,100000,0.1696,0.0100,0.000,0.0
2026-03-18 06:41:21,1,100000,0.1766,0.0101,0.000,0.0
2026-03-18 06:41:27,1,100000,0.1566,0.0098,0.000,0.0
2026-03-18 06:41:32,1,100000,0.1785,0.0101,0.000,0.0
2026-03-18 06:41:38,1,100000,0.1670,0.0098,0.000,0.0
2026-03-18 06:41:44,1,100000,0.1624,0.0095,0.000,0.0
2026-03-18 06:41:50,1,100000,0.1650,0.0099,0.000,0.0
2026-03-18 06:41:55,1,100000,0.1628,0.0098,0.000,0.0
2026-03-18 06:42:01,1,100000,0.1599,0.0097,0.000,0.0
2026-03-18 06:42:07,1,100000,0.1624,0.0094,0.000,0.0
2026-03-18 06:42:13,1,100000,0.1578,0.0098,0.000,0.0
2026-03-18 06:42:18,1,100000,0.1636,0.0098,0.000,0.0
2026-03-18 06:42:24,1,100000,0.1563,0.0098,0.000,0.0
2026-03-18 06:42:30,1,100000,0.1586,0.0099,0.000,0.0
2026-03-18 06:42:36,1,100000,0.1459,0.0097,0.000,0.0
2026-03-18 06:42:41,1,100000,0.1562,0.0097,0.000,0.0
2026-03-18 06:42:47,1,100000,0.1549,0.0094,0.000,0.0
2026-03-18 06:42:53,1,100000,0.1575,0.0101,0.000,0.0
2026-03-18 06:42:58,1,100000,0.1544,0.0098,0.000,0.0
2026-03-18 06:43:04,1,100000,0.1556,0.0097,0.000,0.0
2026-03-18 06:43:10,1,100000,0.1527,0.0095,0.000,0.0
2026-03-18 06:43:15,1,100000,0.1568,0.0095,0.000,0.0
2026-03-18 06:43:21,1,100000,0.1484,0.0095,0.000,0.0
2026-03-18 06:43:27,1,100000,0.1478,0.0098,0.000,0.0
2026-03-18 06:43:33,1,100000,0.1503,0.0096,0.000,0.0
2026-03-18 06:43:39,1,100000,0.1523,0.0098,0.000,0.0
2026-03-18 06:43:44,1,100000,0.1497,0.0097,0.000,0.0
2026-03-18 06:43:50,1,100000,0.1446,0.0092,0.000,0.0
2026-03-18 06:43:56,1,100000,0.1467,0.0096,0.000,0.0
2026-03-18 06:44:01,1,100000,0.1528,0.0097,0.000,0.0
2026-03-18 06:44:07,1,100000,0.1486,0.0097,0.000,0.0
2026-03-18 06:44:13,1,100000,0.1548,0.0096,0.000,0.0
2026-03-18 06:44:18,1,100000,0.1529,0.0099,0.000,0.0
2026-03-18 06:44:24,1,100000,0.1434,0.0098,0.000,0.0
2026-03-18 06:44:30,1,100000,0.1393,0.0098,0.000,0.0
2026-03-18 06:44:35,1,100000,0.1506,0.0099,0.000,0.0
2026-03-18 06:44:41,1,100000,0.1393,0.0094,0.000,0.0
2026-03-18 06:44:46,1,100000,0.1424,0.0096,0.000,0.0
2026-03-18 06:46:20,1,100000,0.1486,0.0097,0.400,-16.5
2026-03-18 06:46:27,1,100000,0.1889,0.0098,0.000,0.0
2026-03-18 06:46:33,1,100000,0.1737,0.0101,0.000,0.0
2026-03-18 06:46:38,1,100000,0.1748,0.0096,0.000,0.0
2026-03-18 06:46:44,1,100000,0.1818,0.0100,0.000,0.0
2026-03-18 06:46:50,1,100000,0.1750,0.0098,0.000,0.0
2026-03-18 06:46:55,1,100000,0.1755,0.0100,0.000,0.0
2026-03-18 06:47:01,1,100000,0.1806,0.0101,0.000,0.0
2026-03-18 06:47:07,1,100000,0.1701,0.0098,0.000,0.0
2026-03-18 06:47:13,1,100000,0.1657,0.0097,0.000,0.0
2026-03-18 06:47:18,1,100000,0.1660,0.0098,0.000,0.0
2026-03-18 06:47:24,1,100000,0.1655,0.0098,0.000,0.0
2026-03-18 06:47:30,1,100000,0.1707,0.0099,0.000,0.0
2026-03-18 06:47:35,1,100000,0.1720,0.0096,0.000,0.0
2026-03-18 06:47:41,1,100000,0.1807,0.0101,0.000,0.0
2026-03-18 06:47:47,1,100000,0.1716,0.0102,0.000,0.0
2026-03-18 06:47:53,1,100000,0.1663,0.0100,0.000,0.0
2026-03-18 06:47:58,1,100000,0.1660,0.0098,0.000,0.0
2026-03-18 06:48:04,1,100000,0.1652,0.0097,0.000,0.0
2026-03-18 06:48:10,1,100000,0.1633,0.0096,0.000,0.0
2026-03-18 06:48:16,1,100000,0.1532,0.0096,0.000,0.0
2026-03-18 06:48:21,1,100000,0.1546,0.0097,0.000,0.0
2026-03-18 06:48:27,1,100000,0.1533,0.0097,0.000,0.0
2026-03-18 06:48:33,1,100000,0.1632,0.0097,0.000,0.0
2026-03-18 06:48:39,1,100000,0.1580,0.0099,0.000,0.0
2026-03-18 06:48:45,1,100000,0.1510,0.0096,0.000,0.0
2026-03-18 06:48:51,1,100000,0.1590,0.0097,0.000,0.0
2026-03-18 06:48:56,1,100000,0.1515,0.0097,0.000,0.0
2026-03-18 06:49:02,1,100000,0.1541,0.0098,0.000,0.0
2026-03-18 06:49:08,1,100000,0.1555,0.0098,0.000,0.0
2026-03-18 06:49:13,1,100000,0.1568,0.0097,0.000,0.0
2026-03-18 06:49:20,1,100000,0.1573,0.0099,0.000,0.0
2026-03-18 06:49:25,1,100000,0.1601,0.0097,0.000,0.0
2026-03-18 06:49:31,1,100000,0.1475,0.0097,0.000,0.0
2026-03-18 06:49:37,1,100000,0.1454,0.0094,0.000,0.0
2026-03-18 06:49:43,1,100000,0.1511,0.0097,0.000,0.0
2026-03-18 06:49:48,1,100000,0.1534,0.0099,0.000,0.0
2026-03-18 06:49:54,1,100000,0.1507,0.0098,0.000,0.0
2026-03-18 06:50:00,1,100000,0.1456,0.0097,0.000,0.0
2026-03-18 06:50:06,1,100000,0.1536,0.0096,0.000,0.0
2026-03-18 06:50:11,1,100000,0.1400,0.0097,0.000,0.0
2026-03-18 06:50:17,1,100000,0.1467,0.0095,0.000,0.0
2026-03-18 06:50:23,1,100000,0.1453,0.0094,0.000,0.0
2026-03-18 06:50:29,1,100000,0.1450,0.0098,0.000,0.0
2026-03-18 06:50:34,1,100000,0.1426,0.0095,0.000,0.0
2026-03-18 06:50:40,1,100000,0.1452,0.0093,0.000,0.0
2026-03-18 06:50:46,1,100000,0.1531,0.0098,0.000,0.0
2026-03-18 06:50:52,1,100000,0.1493,0.0096,0.000,0.0
2026-03-18 06:50:57,1,100000,0.1428,0.0097,0.000,0.0
2026-03-18 06:51:03,1,100000,0.1458,0.0099,0.000,0.0
2026-03-18 06:51:09,1,100000,0.1514,0.0097,0.000,0.0
2026-03-18 06:51:15,1,100000,0.1448,0.0100,0.000,0.0
2026-03-18 06:51:21,1,100000,0.1492,0.0100,0.000,0.0
2026-03-18 06:52:55,1,100000,0.1409,0.0099,0.440,-20.9
2026-03-18 06:53:03,1,100000,0.2009,0.0103,0.000,0.0
2026-03-18 06:53:08,1,100000,0.1944,0.0103,0.000,0.0
2026-03-18 06:53:14,1,100000,0.1916,0.0102,0.000,0.0
2026-03-18 06:53:20,1,100000,0.1820,0.0100,0.000,0.0
2026-03-18 06:53:26,1,100000,0.1913,0.0102,0.000,0.0
2026-03-18 06:53:31,1,100000,0.1711,0.0103,0.000,0.0
2026-03-18 06:53:37,1,100000,0.1852,0.0102,0.000,0.0
2026-03-18 06:53:43,1,100000,0.1828,0.0101,0.000,0.0
2026-03-18 06:53:49,1,100000,0.1774,0.0097,0.000,0.0
2026-03-18 06:53:55,1,100000,0.1840,0.0100,0.000,0.0
2026-03-18 06:54:00,1,100000,0.1771,0.0100,0.000,0.0
2026-03-18 06:54:06,1,100000,0.1746,0.0098,0.000,0.0
2026-03-18 06:54:12,1,100000,0.1733,0.0104,0.000,0.0
2026-03-18 06:54:18,1,100000,0.1697,0.0098,0.000,0.0
2026-03-18 06:54:24,1,100000,0.1703,0.0100,0.000,0.0
2026-03-18 06:54:30,1,100000,0.1630,0.0100,0.000,0.0
2026-03-18 06:54:35,1,100000,0.1687,0.0098,0.000,0.0
2026-03-18 06:54:41,1,100000,0.1728,0.0101,0.000,0.0
2026-03-18 06:54:47,1,100000,0.1591,0.0097,0.000,0.0
2026-03-18 06:54:53,1,100000,0.1655,0.0100,0.000,0.0
2026-03-18 06:54:58,1,100000,0.1599,0.0098,0.000,0.0
2026-03-18 06:55:04,1,100000,0.1587,0.0101,0.000,0.0
2026-03-18 06:55:10,1,100000,0.1559,0.0099,0.000,0.0
2026-03-18 06:55:16,1,100000,0.1611,0.0102,0.000,0.0
2026-03-18 06:55:21,1,100000,0.1581,0.0100,0.000,0.0
2026-03-18 06:55:27,1,100000,0.1557,0.0098,0.000,0.0
2026-03-18 06:55:32,1,100000,0.1625,0.0099,0.000,0.0
2026-03-18 06:55:38,1,100000,0.1656,0.0099,0.000,0.0
2026-03-18 06:55:44,1,100000,0.1610,0.0100,0.000,0.0
2026-03-18 06:55:50,1,100000,0.1679,0.0102,0.000,0.0
2026-03-18 06:55:56,1,100000,0.1601,0.0097,0.000,0.0
2026-03-18 06:56:02,1,100000,0.1582,0.0097,0.000,0.0
2026-03-18 06:56:07,1,100000,0.1587,0.0096,0.000,0.0
2026-03-18 06:56:13,1,100000,0.1581,0.0100,0.000,0.0
2026-03-18 06:56:19,1,100000,0.1607,0.0101,0.000,0.0
2026-03-18 06:56:25,1,100000,0.1669,0.0100,0.000,0.0
2026-03-18 06:56:30,1,100000,0.1545,0.0101,0.000,0.0
2026-03-18 06:56:36,1,100000,0.1569,0.0098,0.000,0.0
2026-03-18 06:56:42,1,100000,0.1535,0.0097,0.000,0.0
2026-03-18 06:56:48,1,100000,0.1652,0.0100,0.000,0.0
2026-03-18 06:56:53,1,100000,0.1519,0.0098,0.000,0.0
2026-03-18 06:56:59,1,100000,0.1524,0.0095,0.000,0.0
2026-03-18 06:57:05,1,100000,0.1560,0.0096,0.000,0.0
2026-03-18 06:57:10,1,100000,0.1478,0.0095,0.000,0.0
2026-03-18 06:57:16,1,100000,0.1478,0.0095,0.000,0.0
2026-03-18 06:57:22,1,100000,0.1571,0.0098,0.000,0.0
2026-03-18 06:57:28,1,100000,0.1530,0.0094,0.000,0.0
2026-03-18 06:57:33,1,100000,0.1555,0.0098,0.000,0.0
2026-03-18 06:57:39,1,100000,0.1523,0.0098,0.000,0.0
2026-03-18 06:57:45,1,100000,0.1472,0.0097,0.000,0.0
2026-03-18 06:57:50,1,100000,0.1517,0.0098,0.000,0.0
2026-03-18 06:59:21,1,100000,0.1474,0.0094,0.480,-0.5
2026-03-18 06:59:28,1,100000,0.2016,0.0102,0.000,0.0
2026-03-18 06:59:34,1,100000,0.1977,0.0103,0.000,0.0
2026-03-18 06:59:40,1,100000,0.1811,0.0100,0.000,0.0
2026-03-18 06:59:46,1,100000,0.1785,0.0099,0.000,0.0
2026-03-18 06:59:51,1,100000,0.1740,0.0098,0.000,0.0
2026-03-18 06:59:57,1,100000,0.1809,0.0100,0.000,0.0
2026-03-18 07:00:03,1,100000,0.1810,0.0104,0.000,0.0
2026-03-18 07:00:09,1,100000,0.1732,0.0101,0.000,0.0
2026-03-18 07:00:15,1,100000,0.1723,0.0100,0.000,0.0
2026-03-18 07:00:21,1,100000,0.1823,0.0103,0.000,0.0
2026-03-18 07:00:26,1,100000,0.1736,0.0099,0.000,0.0
2026-03-18 07:00:32,1,100000,0.1723,0.0101,0.000,0.0
2026-03-18 07:00:38,1,100000,0.1717,0.0101,0.000,0.0
2026-03-18 07:00:44,1,100000,0.1679,0.0102,0.000,0.0
2026-03-18 07:00:50,1,100000,0.1678,0.0099,0.000,0.0
2026-03-18 07:00:56,1,100000,0.1779,0.0102,0.000,0.0
2026-03-18 07:01:01,1,100000,0.1665,0.0098,0.000,0.0
2026-03-18 07:01:07,1,100000,0.1678,0.0100,0.000,0.0
2026-03-18 07:01:13,1,100000,0.1681,0.0097,0.000,0.0
2026-03-18 07:01:19,1,100000,0.1717,0.0099,0.000,0.0
2026-03-18 07:01:24,1,100000,0.1637,0.0097,0.000,0.0
2026-03-18 07:01:30,1,100000,0.1581,0.0097,0.000,0.0
2026-03-18 07:01:36,1,100000,0.1595,0.0097,0.000,0.0
2026-03-18 07:01:42,1,100000,0.1636,0.0097,0.000,0.0
2026-03-18 07:01:48,1,100000,0.1570,0.0098,0.000,0.0
2026-03-18 07:01:54,1,100000,0.1585,0.0100,0.000,0.0
2026-03-18 07:01:59,1,100000,0.1584,0.0099,0.000,0.0
2026-03-18 07:02:05,1,100000,0.1553,0.0094,0.000,0.0
2026-03-18 07:02:11,1,100000,0.1559,0.0100,0.000,0.0
2026-03-18 07:02:17,1,100000,0.1645,0.0101,0.000,0.0
2026-03-18 07:02:22,1,100000,0.1553,0.0096,0.000,0.0
2026-03-18 07:02:28,1,100000,0.1682,0.0096,0.000,0.0
2026-03-18 07:02:34,1,100000,0.1541,0.0097,0.000,0.0
2026-03-18 07:02:40,1,100000,0.1562,0.0097,0.000,0.0
2026-03-18 07:02:45,1,100000,0.1644,0.0099,0.000,0.0
2026-03-18 07:02:51,1,100000,0.1562,0.0094,0.000,0.0
2026-03-18 07:02:57,1,100000,0.1576,0.0099,0.000,0.0
2026-03-18 07:03:02,1,100000,0.1578,0.0098,0.000,0.0
2026-03-18 07:03:08,1,100000,0.1529,0.0098,0.000,0.0
2026-03-18 07:03:14,1,100000,0.1568,0.0102,0.000,0.0
2026-03-18 07:03:20,1,100000,0.1543,0.0094,0.000,0.0
2026-03-18 07:03:25,1,100000,0.1588,0.0098,0.000,0.0
2026-03-18 07:03:31,1,100000,0.1604,0.0097,0.000,0.0
2026-03-18 07:03:37,1,100000,0.1560,0.0097,0.000,0.0
2026-03-18 07:03:42,1,100000,0.1572,0.0096,0.000,0.0
2026-03-18 07:03:48,1,100000,0.1531,0.0097,0.000,0.0
2026-03-18 07:03:54,1,100000,0.1522,0.0098,0.000,0.0
2026-03-18 07:04:00,1,100000,0.1448,0.0095,0.000,0.0
2026-03-18 07:04:05,1,100000,0.1480,0.0095,0.000,0.0
2026-03-18 07:04:11,1,100000,0.1507,0.0098,0.000,0.0
2026-03-18 07:04:17,1,100000,0.1535,0.0095,0.000,0.0
2026-03-18 07:05:46,1,100000,0.1532,0.0098,0.300,-34.9
2026-03-18 07:05:53,1,100000,0.2038,0.0099,0.000,0.0
2026-03-18 07:05:59,1,100000,0.1966,0.0105,0.000,0.0
2026-03-18 07:06:05,1,100000,0.1874,0.0101,0.000,0.0
2026-03-18 07:06:11,1,100000,0.1851,0.0100,0.000,0.0
2026-03-18 07:06:16,1,100000,0.1849,0.0097,0.000,0.0
2026-03-18 07:06:22,1,100000,0.1899,0.0098,0.000,0.0
2026-03-18 07:06:28,1,100000,0.1894,0.0101,0.000,0.0
2026-03-18 07:06:33,1,100000,0.1773,0.0101,0.000,0.0
2026-03-18 07:06:39,1,100000,0.1777,0.0098,0.000,0.0
2026-03-18 07:06:45,1,100000,0.1731,0.0095,0.000,0.0
2026-03-18 07:06:51,1,100000,0.1805,0.0097,0.000,0.0
2026-03-18 07:06:57,1,100000,0.1718,0.0097,0.000,0.0
2026-03-18 07:07:02,1,100000,0.1722,0.0095,0.000,0.0
2026-03-18 07:07:08,1,100000,0.1697,0.0094,0.000,0.0
2026-03-18 07:07:14,1,100000,0.1737,0.0097,0.000,0.0
2026-03-18 07:07:19,1,100000,0.1688,0.0100,0.000,0.0
2026-03-18 07:07:25,1,100000,0.1659,0.0098,0.000,0.0
2026-03-18 07:07:31,1,100000,0.1646,0.0096,0.000,0.0
2026-03-18 07:07:36,1,100000,0.1649,0.0097,0.000,0.0
2026-03-18 07:07:42,1,100000,0.1639,0.0098,0.000,0.0
2026-03-18 07:07:48,1,100000,0.1635,0.0099,0.000,0.0
2026-03-18 07:07:54,1,100000,0.1634,0.0098,0.000,0.0
2026-03-18 07:07:59,1,100000,0.1634,0.0093,0.000,0.0
2026-03-18 07:08:05,1,100000,0.1612,0.0098,0.000,0.0
2026-03-18 07:08:11,1,100000,0.1661,0.0098,0.000,0.0
2026-03-18 07:08:17,1,100000,0.1573,0.0100,0.000,0.0
2026-03-18 07:08:23,1,100000,0.1567,0.0096,0.000,0.0
2026-03-18 07:08:28,1,100000,0.1584,0.0096,0.000,0.0
2026-03-18 07:08:34,1,100000,0.1607,0.0096,0.000,0.0
2026-03-18 07:08:40,1,100000,0.1610,0.0100,0.000,0.0
2026-03-18 07:08:46,1,100000,0.1614,0.0093,0.000,0.0
2026-03-18 07:08:52,1,100000,0.1504,0.0092,0.000,0.0
2026-03-18 07:08:57,1,100000,0.1540,0.0095,0.000,0.0
2026-03-18 07:09:03,1,100000,0.1669,0.0095,0.000,0.0
2026-03-18 07:09:09,1,100000,0.1512,0.0093,0.000,0.0
2026-03-18 07:09:15,1,100000,0.1530,0.0094,0.000,0.0
2026-03-18 07:09:21,1,100000,0.1656,0.0097,0.000,0.0
2026-03-18 07:09:27,1,100000,0.1585,0.0095,0.000,0.0
2026-03-18 07:09:33,1,100000,0.1526,0.0094,0.000,0.0
2026-03-18 07:09:39,1,100000,0.1595,0.0095,0.000,0.0
2026-03-18 07:09:45,1,100000,0.1509,0.0096,0.000,0.0
2026-03-18 07:09:51,1,100000,0.1523,0.0099,0.000,0.0
2026-03-18 07:09:56,1,100000,0.1510,0.0095,0.000,0.0
2026-03-18 07:10:02,1,100000,0.1465,0.0098,0.000,0.0
2026-03-18 07:10:08,1,100000,0.1513,0.0094,0.000,0.0
2026-03-18 07:10:14,1,100000,0.1582,0.0100,0.000,0.0
2026-03-18 07:10:20,1,100000,0.1504,0.0097,0.000,0.0
2026-03-18 07:10:26,1,100000,0.1523,0.0096,0.000,0.0
2026-03-18 07:10:32,1,100000,0.1501,0.0094,0.000,0.0
2026-03-18 07:10:38,1,100000,0.1554,0.0095,0.000,0.0
2026-03-18 07:10:44,1,100000,0.1495,0.0096,0.000,0.0
2026-03-18 07:10:49,1,100000,0.1450,0.0093,0.000,0.0
2026-03-18 07:12:21,1,100000,0.1580,0.0095,0.400,-25.8
2026-03-18 07:12:28,1,100000,0.2006,0.0101,0.000,0.0
2026-03-18 07:12:34,1,100000,0.1927,0.0101,0.000,0.0
2026-03-18 07:12:40,1,100000,0.1919,0.0101,0.000,0.0
2026-03-18 07:12:46,1,100000,0.1886,0.0101,0.000,0.0
2026-03-18 07:12:52,1,100000,0.1848,0.0098,0.000,0.0
2026-03-18 07:12:57,1,100000,0.1805,0.0100,0.000,0.0
2026-03-18 07:13:03,1,100000,0.1925,0.0101,0.000,0.0
2026-03-18 07:13:09,1,100000,0.1806,0.0099,0.000,0.0
2026-03-18 07:13:15,1,100000,0.1863,0.0102,0.000,0.0
2026-03-18 07:13:20,1,100000,0.1847,0.0100,0.000,0.0
2026-03-18 07:13:26,1,100000,0.1837,0.0100,0.000,0.0
2026-03-18 07:13:32,1,100000,0.1714,0.0098,0.000,0.0
2026-03-18 07:13:38,1,100000,0.1775,0.0096,0.000,0.0
2026-03-18 07:13:43,1,100000,0.1870,0.0099,0.000,0.0
2026-03-18 07:13:49,1,100000,0.1792,0.0097,0.000,0.0
2026-03-18 07:13:55,1,100000,0.1802,0.0098,0.000,0.0
2026-03-18 07:14:01,1,100000,0.1771,0.0094,0.000,0.0
2026-03-18 07:14:06,1,100000,0.1743,0.0098,0.000,0.0
2026-03-18 07:14:12,1,100000,0.1675,0.0097,0.000,0.0
2026-03-18 07:14:18,1,100000,0.1668,0.0094,0.000,0.0
2026-03-18 07:14:24,1,100000,0.1723,0.0098,0.000,0.0
2026-03-18 07:14:29,1,100000,0.1692,0.0095,0.000,0.0
2026-03-18 07:14:35,1,100000,0.1663,0.0097,0.000,0.0
2026-03-18 07:14:41,1,100000,0.1683,0.0097,0.000,0.0
2026-03-18 07:14:47,1,100000,0.1687,0.0096,0.000,0.0
2026-03-18 07:14:52,1,100000,0.1618,0.0098,0.000,0.0
2026-03-18 07:14:58,1,100000,0.1600,0.0098,0.000,0.0
2026-03-18 07:15:04,1,100000,0.1687,0.0099,0.000,0.0
2026-03-18 07:15:10,1,100000,0.1636,0.0096,0.000,0.0
2026-03-18 07:15:15,1,100000,0.1664,0.0100,0.000,0.0
2026-03-18 07:15:21,1,100000,0.1564,0.0095,0.000,0.0
2026-03-18 07:15:27,1,100000,0.1674,0.0098,0.000,0.0
2026-03-18 07:15:33,1,100000,0.1662,0.0097,0.000,0.0
2026-03-18 07:15:39,1,100000,0.1715,0.0099,0.000,0.0
2026-03-18 07:15:45,1,100000,0.1638,0.0097,0.000,0.0
2026-03-18 07:15:51,1,100000,0.1671,0.0098,0.000,0.0
2026-03-18 07:15:56,1,100000,0.1630,0.0099,0.000,0.0
2026-03-18 07:16:02,1,100000,0.1599,0.0097,0.000,0.0
2026-03-18 07:16:08,1,100000,0.1560,0.0096,0.000,0.0
2026-03-18 07:16:14,1,100000,0.1603,0.0098,0.000,0.0
2026-03-18 07:16:20,1,100000,0.1645,0.0099,0.000,0.0
2026-03-18 07:16:25,1,100000,0.1577,0.0095,0.000,0.0
2026-03-18 07:16:31,1,100000,0.1593,0.0096,0.000,0.0
2026-03-18 07:16:37,1,100000,0.1595,0.0097,0.000,0.0
2026-03-18 07:16:43,1,100000,0.1636,0.0098,0.000,0.0
2026-03-18 07:16:48,1,100000,0.1690,0.0097,0.000,0.0
2026-03-18 07:16:54,1,100000,0.1586,0.0097,0.000,0.0
2026-03-18 07:17:00,1,100000,0.1576,0.0092,0.000,0.0
2026-03-18 07:17:06,1,100000,0.1649,0.0096,0.000,0.0
2026-03-18 07:17:11,1,100000,0.1679,0.0101,0.000,0.0
2026-03-18 07:17:17,1,100000,0.1559,0.0096,0.000,0.0
2026-03-18 07:17:23,1,100000,0.1595,0.0096,0.000,0.0
2026-03-18 07:18:52,1,100000,0.1602,0.0096,0.280,-40.6
2026-03-18 07:18:59,1,100000,0.1996,0.0098,0.000,0.0
2026-03-18 07:19:04,1,100000,0.1899,0.0098,0.000,0.0
2026-03-18 07:19:10,1,100000,0.1949,0.0102,0.000,0.0
2026-03-18 07:19:16,1,100000,0.1916,0.0099,0.000,0.0
2026-03-18 07:19:22,1,100000,0.1941,0.0100,0.000,0.0
2026-03-18 07:19:27,1,100000,0.1889,0.0100,0.000,0.0
2026-03-18 07:19:33,1,100000,0.1863,0.0095,0.000,0.0
2026-03-18 07:19:39,1,100000,0.1842,0.0102,0.000,0.0
2026-03-18 07:19:45,1,100000,0.1879,0.0102,0.000,0.0
2026-03-18 07:19:50,1,100000,0.1778,0.0096,0.000,0.0
2026-03-18 07:19:56,1,100000,0.1798,0.0097,0.000,0.0
2026-03-18 07:20:02,1,100000,0.1746,0.0097,0.000,0.0
2026-03-18 07:20:08,1,100000,0.1741,0.0094,0.000,0.0
2026-03-18 07:20:13,1,100000,0.1710,0.0097,0.000,0.0
2026-03-18 07:20:19,1,100000,0.1757,0.0102,0.000,0.0
2026-03-18 07:20:25,1,100000,0.1717,0.0103,0.000,0.0
2026-03-18 07:20:31,1,100000,0.1737,0.0100,0.000,0.0
2026-03-18 07:20:36,1,100000,0.1653,0.0098,0.000,0.0
2026-03-18 07:20:42,1,100000,0.1720,0.0096,0.000,0.0
2026-03-18 07:20:48,1,100000,0.1725,0.0101,0.000,0.0
2026-03-18 07:20:54,1,100000,0.1723,0.0098,0.000,0.0
2026-03-18 07:20:59,1,100000,0.1660,0.0099,0.000,0.0
2026-03-18 07:21:05,1,100000,0.1643,0.0095,0.000,0.0
2026-03-18 07:21:11,1,100000,0.1684,0.0100,0.000,0.0
2026-03-18 07:21:17,1,100000,0.1606,0.0098,0.000,0.0
2026-03-18 07:21:22,1,100000,0.1655,0.0098,0.000,0.0
2026-03-18 07:21:28,1,100000,0.1594,0.0098,0.000,0.0
2026-03-18 07:21:34,1,100000,0.1520,0.0095,0.000,0.0
2026-03-18 07:21:40,1,100000,0.1527,0.0094,0.000,0.0
2026-03-18 07:21:46,1,100000,0.1648,0.0095,0.000,0.0
2026-03-18 07:21:51,1,100000,0.1702,0.0097,0.000,0.0
2026-03-18 07:21:57,1,100000,0.1614,0.0097,0.000,0.0
2026-03-18 07:22:03,1,100000,0.1566,0.0095,0.000,0.0
2026-03-18 07:22:09,1,100000,0.1686,0.0098,0.000,0.0
2026-03-18 07:22:15,1,100000,0.1602,0.0099,0.000,0.0
2026-03-18 07:22:20,1,100000,0.1538,0.0098,0.000,0.0
2026-03-18 07:22:26,1,100000,0.1647,0.0097,0.000,0.0
2026-03-18 07:22:32,1,100000,0.1524,0.0098,0.000,0.0
2026-03-18 07:22:38,1,100000,0.1638,0.0101,0.000,0.0
2026-03-18 07:22:44,1,100000,0.1560,0.0094,0.000,0.0
2026-03-18 07:22:49,1,100000,0.1591,0.0097,0.000,0.0
2026-03-18 07:22:55,1,100000,0.1557,0.0092,0.000,0.0
2026-03-18 07:23:01,1,100000,0.1576,0.0096,0.000,0.0
2026-03-18 07:23:07,1,100000,0.1584,0.0094,0.000,0.0
2026-03-18 07:23:12,1,100000,0.1604,0.0094,0.000,0.0
2026-03-18 07:23:19,1,100000,0.1603,0.0098,0.000,0.0
2026-03-18 07:23:24,1,100000,0.1572,0.0097,0.000,0.0
2026-03-18 07:23:30,1,100000,0.1552,0.0096,0.000,0.0
2026-03-18 07:23:36,1,100000,0.1567,0.0095,0.000,0.0
2026-03-18 07:23:41,1,100000,0.1637,0.0097,0.000,0.0
2026-03-18 07:23:47,1,100000,0.1591,0.0096,0.000,0.0
2026-03-18 07:23:53,1,100000,0.1507,0.0095,0.000,0.0
2026-03-18 07:25:29,1,100000,0.1567,0.0097,0.420,-9.1
2026-03-18 07:25:36,1,100000,0.1935,0.0100,0.000,0.0
2026-03-18 07:25:42,1,100000,0.1927,0.0100,0.000,0.0
2026-03-18 07:25:48,1,100000,0.1918,0.0102,0.000,0.0
2026-03-18 07:25:54,1,100000,0.1829,0.0097,0.000,0.0
2026-03-18 07:25:59,1,100000,0.1824,0.0101,0.000,0.0
2026-03-18 07:26:05,1,100000,0.1778,0.0098,0.000,0.0
2026-03-18 07:26:11,1,100000,0.1761,0.0099,0.000,0.0
2026-03-18 07:26:17,1,100000,0.1704,0.0096,0.000,0.0
2026-03-18 07:26:22,1,100000,0.1745,0.0098,0.000,0.0
2026-03-18 07:26:28,1,100000,0.1777,0.0100,0.000,0.0
2026-03-18 07:26:34,1,100000,0.1794,0.0100,0.000,0.0
2026-03-18 07:26:39,1,100000,0.1765,0.0099,0.000,0.0
2026-03-18 07:26:45,1,100000,0.1762,0.0097,0.000,0.0
2026-03-18 07:26:51,1,100000,0.1688,0.0098,0.000,0.0
2026-03-18 07:26:57,1,100000,0.1700,0.0100,0.000,0.0
2026-03-18 07:27:03,1,100000,0.1665,0.0099,0.000,0.0
2026-03-18 07:27:09,1,100000,0.1720,0.0097,0.000,0.0
2026-03-18 07:27:14,1,100000,0.1640,0.0098,0.000,0.0
2026-03-18 07:27:20,1,100000,0.1752,0.0096,0.000,0.0
2026-03-18 07:27:26,1,100000,0.1692,0.0097,0.000,0.0
2026-03-18 07:27:32,1,100000,0.1652,0.0099,0.000,0.0
2026-03-18 07:27:37,1,100000,0.1744,0.0102,0.000,0.0
2026-03-18 07:27:43,1,100000,0.1662,0.0098,0.000,0.0
2026-03-18 07:27:49,1,100000,0.1698,0.0101,0.000,0.0
2026-03-18 07:27:55,1,100000,0.1685,0.0102,0.000,0.0
2026-03-18 07:28:01,1,100000,0.1548,0.0097,0.000,0.0
2026-03-18 07:28:06,1,100000,0.1671,0.0103,0.000,0.0
2026-03-18 07:28:12,1,100000,0.1619,0.0098,0.000,0.0
2026-03-18 07:28:18,1,100000,0.1777,0.0103,0.000,0.0
2026-03-18 07:28:24,1,100000,0.1662,0.0101,0.000,0.0
2026-03-18 07:28:30,1,100000,0.1709,0.0099,0.000,0.0
2026-03-18 07:28:36,1,100000,0.1588,0.0098,0.000,0.0
2026-03-18 07:28:42,1,100000,0.1540,0.0098,0.000,0.0
2026-03-18 07:28:48,1,100000,0.1646,0.0099,0.000,0.0
2026-03-18 07:28:53,1,100000,0.1631,0.0095,0.000,0.0
2026-03-18 07:28:59,1,100000,0.1641,0.0096,0.000,0.0
2026-03-18 07:29:05,1,100000,0.1653,0.0101,0.000,0.0
2026-03-18 07:29:11,1,100000,0.1663,0.0096,0.000,0.0
2026-03-18 07:29:17,1,100000,0.1584,0.0097,0.000,0.0
2026-03-18 07:29:23,1,100000,0.1644,0.0103,0.000,0.0
2026-03-18 07:29:29,1,100000,0.1545,0.0098,0.000,0.0
2026-03-18 07:29:35,1,100000,0.1642,0.0099,0.000,0.0
2026-03-18 07:29:41,1,100000,0.1588,0.0099,0.000,0.0
2026-03-18 07:29:47,1,100000,0.1617,0.0101,0.000,0.0
2026-03-18 07:29:53,1,100000,0.1551,0.0097,0.000,0.0
2026-03-18 07:29:59,1,100000,0.1561,0.0095,0.000,0.0
2026-03-18 07:30:05,1,100000,0.1521,0.0097,0.000,0.0
2026-03-18 07:30:11,1,100000,0.1517,0.0093,0.000,0.0
2026-03-18 07:30:17,1,100000,0.1595,0.0099,0.000,0.0
2026-03-18 07:30:23,1,100000,0.1570,0.0100,0.000,0.0
2026-03-18 07:30:28,1,100000,0.1567,0.0099,0.000,0.0
2026-03-18 07:30:34,1,100000,0.1497,0.0097,0.000,0.0
2026-03-18 07:32:06,1,100000,0.1579,0.0098,0.340,-36.2
2026-03-18 07:32:13,1,100000,0.1993,0.0102,0.000,0.0
2026-03-18 07:32:18,1,100000,0.1907,0.0101,0.000,0.0
2026-03-18 07:32:24,1,100000,0.1856,0.0102,0.000,0.0
2026-03-18 07:32:30,1,100000,0.1882,0.0101,0.000,0.0
2026-03-18 07:32:36,1,100000,0.1881,0.0103,0.000,0.0
2026-03-18 07:32:42,1,100000,0.1855,0.0102,0.000,0.0
2026-03-18 07:32:48,1,100000,0.1834,0.0105,0.000,0.0
2026-03-18 07:32:54,1,100000,0.1766,0.0099,0.000,0.0
2026-03-18 07:33:00,1,100000,0.1825,0.0102,0.000,0.0
2026-03-18 07:33:06,1,100000,0.1748,0.0102,0.000,0.0
2026-03-18 07:33:11,1,100000,0.1710,0.0102,0.000,0.0
2026-03-18 07:33:17,1,100000,0.1736,0.0099,0.000,0.0
2026-03-18 07:33:23,1,100000,0.1736,0.0099,0.000,0.0
2026-03-18 07:33:29,1,100000,0.1666,0.0102,0.000,0.0
2026-03-18 07:33:35,1,100000,0.1753,0.0100,0.000,0.0
2026-03-18 07:33:40,1,100000,0.1782,0.0103,0.000,0.0
2026-03-18 07:33:46,1,100000,0.1703,0.0096,0.000,0.0
2026-03-18 07:33:52,1,100000,0.1761,0.0099,0.000,0.0
2026-03-18 07:33:57,1,100000,0.1649,0.0096,0.000,0.0
2026-03-18 07:34:03,1,100000,0.1765,0.0101,0.000,0.0
2026-03-18 07:34:09,1,100000,0.1812,0.0101,0.000,0.0
2026-03-18 07:34:15,1,100000,0.1707,0.0101,0.000,0.0
2026-03-18 07:34:20,1,100000,0.1719,0.0097,0.000,0.0
2026-03-18 07:34:26,1,100000,0.1541,0.0099,0.000,0.0
2026-03-18 07:34:32,1,100000,0.1672,0.0095,0.000,0.0
2026-03-18 07:34:38,1,100000,0.1720,0.0102,0.000,0.0
2026-03-18 07:34:43,1,100000,0.1687,0.0100,0.000,0.0
2026-03-18 07:34:49,1,100000,0.1683,0.0100,0.000,0.0
2026-03-18 07:34:55,1,100000,0.1678,0.0099,0.000,0.0
2026-03-18 07:35:01,1,100000,0.1714,0.0101,0.000,0.0
2026-03-18 07:35:06,1,100000,0.1655,0.0097,0.000,0.0
2026-03-18 07:35:12,1,100000,0.1652,0.0096,0.000,0.0
2026-03-18 07:35:18,1,100000,0.1614,0.0100,0.000,0.0
2026-03-18 07:35:24,1,100000,0.1604,0.0097,0.000,0.0
2026-03-18 07:35:29,1,100000,0.1681,0.0097,0.000,0.0
2026-03-18 07:35:35,1,100000,0.1672,0.0096,0.000,0.0
2026-03-18 07:35:41,1,100000,0.1560,0.0097,0.000,0.0
2026-03-18 07:35:47,1,100000,0.1701,0.0100,0.000,0.0
2026-03-18 07:35:52,1,100000,0.1595,0.0096,0.000,0.0
2026-03-18 07:35:58,1,100000,0.1727,0.0099,0.000,0.0
2026-03-18 07:36:04,1,100000,0.1681,0.0100,0.000,0.0
2026-03-18 07:36:10,1,100000,0.1671,0.0100,0.000,0.0
2026-03-18 07:36:16,1,100000,0.1669,0.0098,0.000,0.0
2026-03-18 07:36:22,1,100000,0.1598,0.0097,0.000,0.0
2026-03-18 07:36:27,1,100000,0.1568,0.0097,0.000,0.0
2026-03-18 07:36:33,1,100000,0.1535,0.0100,0.000,0.0
2026-03-18 07:36:39,1,100000,0.1566,0.0101,0.000,0.0
2026-03-18 07:36:45,1,100000,0.1629,0.0099,0.000,0.0
2026-03-18 07:36:51,1,100000,0.1562,0.0100,0.000,0.0
2026-03-18 07:36:56,1,100000,0.1574,0.0101,0.000,0.0
2026-03-18 07:37:02,1,100000,0.1581,0.0098,0.000,0.0
2026-03-18 07:37:08,1,100000,0.1555,0.0102,0.000,0.0
2026-03-18 07:38:37,1,100000,0.1602,0.0101,0.420,-31.4
2026-03-18 07:38:44,1,100000,0.1985,0.0101,0.000,0.0
2026-03-18 07:38:50,1,100000,0.1928,0.0106,0.000,0.0
2026-03-18 07:38:56,1,100000,0.1897,0.0105,0.000,0.0
2026-03-18 07:39:02,1,100000,0.1830,0.0102,0.000,0.0
2026-03-18 07:39:08,1,100000,0.1872,0.0103,0.000,0.0
2026-03-18 07:39:14,1,100000,0.1769,0.0103,0.000,0.0
2026-03-18 07:39:20,1,100000,0.1986,0.0109,0.000,0.0
2026-03-18 07:39:26,1,100000,0.1796,0.0105,0.000,0.0
2026-03-18 07:39:31,1,100000,0.1782,0.0103,0.000,0.0
2026-03-18 07:39:37,1,100000,0.1779,0.0102,0.000,0.0
2026-03-18 07:39:43,1,100000,0.1813,0.0104,0.000,0.0
2026-03-18 07:39:49,1,100000,0.1780,0.0107,0.000,0.0
2026-03-18 07:39:55,1,100000,0.1761,0.0103,0.000,0.0
2026-03-18 07:40:01,1,100000,0.1743,0.0101,0.000,0.0
2026-03-18 07:40:07,1,100000,0.1695,0.0100,0.000,0.0
2026-03-18 07:40:12,1,100000,0.1765,0.0099,0.000,0.0
2026-03-18 07:40:18,1,100000,0.1696,0.0101,0.000,0.0
2026-03-18 07:40:24,1,100000,0.1676,0.0102,0.000,0.0
2026-03-18 07:40:30,1,100000,0.1675,0.0100,0.000,0.0
2026-03-18 07:40:36,1,100000,0.1710,0.0102,0.000,0.0
2026-03-18 07:40:42,1,100000,0.1693,0.0102,0.000,0.0
2026-03-18 07:40:48,1,100000,0.1601,0.0104,0.000,0.0
2026-03-18 07:40:54,1,100000,0.1721,0.0101,0.000,0.0
2026-03-18 07:40:59,1,100000,0.1660,0.0102,0.000,0.0
2026-03-18 07:41:05,1,100000,0.1682,0.0100,0.000,0.0
2026-03-18 07:41:11,1,100000,0.1663,0.0098,0.000,0.0
2026-03-18 07:41:17,1,100000,0.1752,0.0103,0.000,0.0
2026-03-18 07:41:22,1,100000,0.1638,0.0101,0.000,0.0
2026-03-18 07:41:28,1,100000,0.1615,0.0099,0.000,0.0
2026-03-18 07:41:35,1,100000,0.1722,0.0104,0.000,0.0
2026-03-18 07:41:41,1,100000,0.1667,0.0103,0.000,0.0
2026-03-18 07:41:47,1,100000,0.1612,0.0099,0.000,0.0
2026-03-18 07:41:53,1,100000,0.1639,0.0100,0.000,0.0
2026-03-18 07:41:59,1,100000,0.1659,0.0100,0.000,0.0
2026-03-18 07:42:05,1,100000,0.1716,0.0100,0.000,0.0
2026-03-18 07:42:10,1,100000,0.1704,0.0098,0.000,0.0
2026-03-18 07:42:16,1,100000,0.1654,0.0102,0.000,0.0
2026-03-18 07:42:22,1,100000,0.1718,0.0097,0.000,0.0
2026-03-18 07:42:28,1,100000,0.1697,0.0100,0.000,0.0
2026-03-18 07:42:33,1,100000,0.1592,0.0095,0.000,0.0
2026-03-18 07:42:39,1,100000,0.1709,0.0099,0.000,0.0
2026-03-18 07:42:45,1,100000,0.1676,0.0100,0.000,0.0
2026-03-18 07:42:51,1,100000,0.1590,0.0102,0.000,0.0
2026-03-18 07:42:57,1,100000,0.1603,0.0099,0.000,0.0
2026-03-18 07:43:02,1,100000,0.1545,0.0097,0.000,0.0
2026-03-18 07:43:08,1,100000,0.1565,0.0097,0.000,0.0
2026-03-18 07:43:14,1,100000,0.1531,0.0099,0.000,0.0
2026-03-18 07:43:20,1,100000,0.1542,0.0097,0.000,0.0
2026-03-18 07:43:26,1,100000,0.1622,0.0100,0.000,0.0
2026-03-18 07:43:31,1,100000,0.1551,0.0101,0.000,0.0
2026-03-18 07:43:37,1,100000,0.1642,0.0102,0.000,0.0
2026-03-18 07:45:05,1,100000,0.1571,0.0097,0.380,-18.4
2026-03-18 07:45:12,1,100000,0.2079,0.0106,0.000,0.0
2026-03-18 07:45:18,1,100000,0.1900,0.0102,0.000,0.0
2026-03-18 07:45:24,1,100000,0.1881,0.0101,0.000,0.0
2026-03-18 07:45:30,1,100000,0.1908,0.0103,0.000,0.0
2026-03-18 07:45:36,1,100000,0.1990,0.0105,0.000,0.0
2026-03-18 07:45:42,1,100000,0.1938,0.0104,0.000,0.0
2026-03-18 07:45:48,1,100000,0.1877,0.0101,0.000,0.0
2026-03-18 07:45:54,1,100000,0.1874,0.0101,0.000,0.0
2026-03-18 07:45:59,1,100000,0.1906,0.0106,0.000,0.0
2026-03-18 07:46:05,1,100000,0.1909,0.0104,0.000,0.0
2026-03-18 07:46:11,1,100000,0.1856,0.0105,0.000,0.0
2026-03-18 07:46:17,1,100000,0.1691,0.0101,0.000,0.0
2026-03-18 07:46:23,1,100000,0.1743,0.0099,0.000,0.0
2026-03-18 07:46:29,1,100000,0.1706,0.0102,0.000,0.0
2026-03-18 07:46:35,1,100000,0.1755,0.0101,0.000,0.0
2026-03-18 07:46:41,1,100000,0.1777,0.0102,0.000,0.0
2026-03-18 07:46:47,1,100000,0.1717,0.0101,0.000,0.0
2026-03-18 07:46:53,1,100000,0.1741,0.0104,0.000,0.0
2026-03-18 07:46:59,1,100000,0.1728,0.0101,0.000,0.0
2026-03-18 07:47:05,1,100000,0.1681,0.0102,0.000,0.0
2026-03-18 07:47:11,1,100000,0.1729,0.0103,0.000,0.0
2026-03-18 07:47:17,1,100000,0.1684,0.0102,0.000,0.0
2026-03-18 07:47:22,1,100000,0.1675,0.0105,0.000,0.0
2026-03-18 07:47:28,1,100000,0.1704,0.0101,0.000,0.0
2026-03-18 07:47:34,1,100000,0.1725,0.0099,0.000,0.0
2026-03-18 07:47:41,1,100000,0.1680,0.0104,0.000,0.0
2026-03-18 07:47:47,1,100000,0.1717,0.0103,0.000,0.0
2026-03-18 07:47:53,1,100000,0.1680,0.0103,0.000,0.0
2026-03-18 07:47:59,1,100000,0.1689,0.0100,0.000,0.0
2026-03-18 07:48:04,1,100000,0.1683,0.0103,0.000,0.0
2026-03-18 07:48:11,1,100000,0.1682,0.0100,0.000,0.0
2026-03-18 07:48:16,1,100000,0.1592,0.0097,0.000,0.0
2026-03-18 07:48:22,1,100000,0.1627,0.0097,0.000,0.0
2026-03-18 07:48:28,1,100000,0.1634,0.0103,0.000,0.0
2026-03-18 07:48:34,1,100000,0.1672,0.0102,0.000,0.0
2026-03-18 07:48:40,1,100000,0.1678,0.0106,0.000,0.0
2026-03-18 07:48:46,1,100000,0.1709,0.0104,0.000,0.0
2026-03-18 07:48:52,1,100000,0.1765,0.0105,0.000,0.0
2026-03-18 07:48:58,1,100000,0.1633,0.0101,0.000,0.0
2026-03-18 07:49:03,1,100000,0.1565,0.0101,0.000,0.0
2026-03-18 07:49:09,1,100000,0.1644,0.0100,0.000,0.0
2026-03-18 07:49:16,1,100000,0.1645,0.0099,0.000,0.0
2026-03-18 07:49:21,1,100000,0.1686,0.0100,0.000,0.0
2026-03-18 07:49:27,1,100000,0.1722,0.0101,0.000,0.0
2026-03-18 07:49:33,1,100000,0.1703,0.0099,0.000,0.0
2026-03-18 07:49:39,1,100000,0.1658,0.0100,0.000,0.0
2026-03-18 07:49:45,1,100000,0.1577,0.0095,0.000,0.0
2026-03-18 07:49:52,1,100000,0.1592,0.0104,0.000,0.0
2026-03-18 07:49:57,1,100000,0.1606,0.0100,0.000,0.0
2026-03-18 07:50:03,1,100000,0.1665,0.0099,0.000,0.0
2026-03-18 07:50:09,1,100000,0.1701,0.0101,0.000,0.0
2026-03-18 07:51:43,1,100000,0.1611,0.0100,0.420,-17.0
2026-03-18 07:51:50,1,100000,0.2176,0.0107,0.000,0.0
2026-03-18 07:51:56,1,100000,0.2056,0.0107,0.000,0.0
2026-03-18 07:52:02,1,100000,0.2002,0.0104,0.000,0.0
2026-03-18 07:52:08,1,100000,0.2042,0.0108,0.000,0.0
2026-03-18 07:52:14,1,100000,0.1966,0.0104,0.000,0.0
2026-03-18 07:52:20,1,100000,0.1918,0.0100,0.000,0.0
2026-03-18 07:52:26,1,100000,0.1880,0.0101,0.000,0.0
2026-03-18 07:52:32,1,100000,0.1862,0.0099,0.000,0.0
2026-03-18 07:52:37,1,100000,0.1884,0.0101,0.000,0.0
2026-03-18 07:52:43,1,100000,0.1881,0.0104,0.000,0.0
2026-03-18 07:52:49,1,100000,0.1852,0.0105,0.000,0.0
2026-03-18 07:52:55,1,100000,0.1791,0.0103,0.000,0.0
2026-03-18 07:53:01,1,100000,0.1879,0.0105,0.000,0.0
2026-03-18 07:53:07,1,100000,0.1753,0.0103,0.000,0.0
2026-03-18 07:53:13,1,100000,0.1818,0.0099,0.000,0.0
2026-03-18 07:53:18,1,100000,0.1749,0.0102,0.000,0.0
2026-03-18 07:53:24,1,100000,0.1639,0.0102,0.000,0.0
2026-03-18 07:53:30,1,100000,0.1717,0.0102,0.000,0.0
2026-03-18 07:53:36,1,100000,0.1820,0.0103,0.000,0.0
2026-03-18 07:53:42,1,100000,0.1731,0.0106,0.000,0.0
2026-03-18 07:53:48,1,100000,0.1838,0.0104,0.000,0.0
2026-03-18 07:53:54,1,100000,0.1717,0.0099,0.000,0.0
2026-03-18 07:54:00,1,100000,0.1755,0.0100,0.000,0.0
2026-03-18 07:54:06,1,100000,0.1676,0.0099,0.000,0.0
2026-03-18 07:54:12,1,100000,0.1617,0.0100,0.000,0.0
2026-03-18 07:54:17,1,100000,0.1727,0.0102,0.000,0.0
2026-03-18 07:54:23,1,100000,0.1672,0.0103,0.000,0.0
2026-03-18 07:54:29,1,100000,0.1615,0.0101,0.000,0.0
2026-03-18 07:54:35,1,100000,0.1546,0.0099,0.000,0.0
2026-03-18 07:54:41,1,100000,0.1650,0.0104,0.000,0.0
2026-03-18 07:54:47,1,100000,0.1660,0.0100,0.000,0.0
2026-03-18 07:54:53,1,100000,0.1589,0.0099,0.000,0.0
2026-03-18 07:54:59,1,100000,0.1613,0.0101,0.000,0.0
2026-03-18 07:55:04,1,100000,0.1639,0.0100,0.000,0.0
2026-03-18 07:55:10,1,100000,0.1585,0.0100,0.000,0.0
2026-03-18 07:55:16,1,100000,0.1634,0.0097,0.000,0.0
2026-03-18 07:55:22,1,100000,0.1572,0.0098,0.000,0.0
2026-03-18 07:55:28,1,100000,0.1576,0.0099,0.000,0.0
2026-03-18 07:55:34,1,100000,0.1525,0.0099,0.000,0.0
2026-03-18 07:55:40,1,100000,0.1593,0.0098,0.000,0.0
2026-03-18 07:55:46,1,100000,0.1548,0.0099,0.000,0.0
2026-03-18 07:55:52,1,100000,0.1573,0.0097,0.000,0.0
2026-03-18 07:55:58,1,100000,0.1729,0.0102,0.000,0.0
2026-03-18 07:56:04,1,100000,0.1685,0.0100,0.000,0.0
2026-03-18 07:56:10,1,100000,0.1680,0.0098,0.000,0.0
2026-03-18 07:56:16,1,100000,0.1692,0.0100,0.000,0.0
2026-03-18 07:56:21,1,100000,0.1569,0.0097,0.000,0.0
2026-03-18 07:56:27,1,100000,0.1580,0.0098,0.000,0.0
2026-03-18 07:56:33,1,100000,0.1527,0.0097,0.000,0.0
2026-03-18 07:56:39,1,100000,0.1550,0.0101,0.000,0.0
2026-03-18 07:56:45,1,100000,0.1571,0.0102,0.000,0.0
2026-03-18 07:58:21,1,100000,0.1641,0.0098,0.420,-32.9
2026-03-18 07:58:28,1,100000,0.2021,0.0105,0.000,0.0
2026-03-18 07:58:34,1,100000,0.1962,0.0107,0.000,0.0
2026-03-18 07:58:40,1,100000,0.1849,0.0101,0.000,0.0
2026-03-18 07:58:46,1,100000,0.1936,0.0104,0.000,0.0
2026-03-18 07:58:52,1,100000,0.1902,0.0104,0.000,0.0
2026-03-18 07:58:58,1,100000,0.1795,0.0100,0.000,0.0
2026-03-18 07:59:04,1,100000,0.1852,0.0101,0.000,0.0
2026-03-18 07:59:09,1,100000,0.1741,0.0103,0.000,0.0
2026-03-18 07:59:15,1,100000,0.1743,0.0101,0.000,0.0
2026-03-18 07:59:21,1,100000,0.1732,0.0101,0.000,0.0
2026-03-18 07:59:27,1,100000,0.1719,0.0102,0.000,0.0
2026-03-18 07:59:33,1,100000,0.1772,0.0102,0.000,0.0
2026-03-18 07:59:38,1,100000,0.1696,0.0102,0.000,0.0
2026-03-18 07:59:44,1,100000,0.1670,0.0101,0.000,0.0
2026-03-18 07:59:50,1,100000,0.1714,0.0101,0.000,0.0
2026-03-18 07:59:56,1,100000,0.1699,0.0100,0.000,0.0
2026-03-18 08:00:02,1,100000,0.1675,0.0100,0.000,0.0
2026-03-18 08:00:08,1,100000,0.1649,0.0099,0.000,0.0
2026-03-18 08:00:14,1,100000,0.1714,0.0102,0.000,0.0
2026-03-18 08:00:20,1,100000,0.1769,0.0097,0.000,0.0
2026-03-18 08:00:25,1,100000,0.1675,0.0098,0.000,0.0
2026-03-18 08:00:31,1,100000,0.1666,0.0100,0.000,0.0
2026-03-18 08:00:37,1,100000,0.1671,0.0098,0.000,0.0
2026-03-18 08:00:43,1,100000,0.1663,0.0102,0.000,0.0
2026-03-18 08:00:49,1,100000,0.1605,0.0098,0.000,0.0
2026-03-18 08:00:54,1,100000,0.1740,0.0101,0.000,0.0
2026-03-18 08:01:00,1,100000,0.1623,0.0096,0.000,0.0
2026-03-18 08:01:06,1,100000,0.1631,0.0096,0.000,0.0
2026-03-18 08:01:12,1,100000,0.1632,0.0100,0.000,0.0
2026-03-18 08:01:18,1,100000,0.1657,0.0101,0.000,0.0
2026-03-18 08:01:23,1,100000,0.1642,0.0100,0.000,0.0
2026-03-18 08:01:29,1,100000,0.1602,0.0097,0.000,0.0
2026-03-18 08:01:35,1,100000,0.1613,0.0097,0.000,0.0
2026-03-18 08:01:41,1,100000,0.1609,0.0099,0.000,0.0
2026-03-18 08:01:47,1,100000,0.1660,0.0097,0.000,0.0
2026-03-18 08:01:53,1,100000,0.1566,0.0098,0.000,0.0
2026-03-18 08:01:58,1,100000,0.1506,0.0101,0.000,0.0
2026-03-18 08:02:04,1,100000,0.1604,0.0099,0.000,0.0
2026-03-18 08:02:10,1,100000,0.1531,0.0097,0.000,0.0
2026-03-18 08:02:16,1,100000,0.1604,0.0099,0.000,0.0
2026-03-18 08:02:22,1,100000,0.1591,0.0099,0.000,0.0
2026-03-18 08:02:28,1,100000,0.1610,0.0099,0.000,0.0
2026-03-18 08:02:34,1,100000,0.1582,0.0098,0.000,0.0
2026-03-18 08:02:40,1,100000,0.1531,0.0097,0.000,0.0
2026-03-18 08:02:45,1,100000,0.1556,0.0101,0.000,0.0
2026-03-18 08:02:51,1,100000,0.1565,0.0103,0.000,0.0
2026-03-18 08:02:57,1,100000,0.1559,0.0102,0.000,0.0
2026-03-18 08:03:03,1,100000,0.1520,0.0099,0.000,0.0
2026-03-18 08:03:09,1,100000,0.1579,0.0098,0.000,0.0
2026-03-18 08:03:15,1,100000,0.1524,0.0094,0.000,0.0
2026-03-18 08:03:20,1,100000,0.1546,0.0094,0.000,0.0
2026-03-18 08:04:50,1,100000,0.1559,0.0101,0.360,-26.2
2026-03-18 08:04:57,1,100000,0.2058,0.0105,0.000,0.0
2026-03-18 08:05:03,1,100000,0.1993,0.0105,0.000,0.0
2026-03-18 08:05:08,1,100000,0.1879,0.0102,0.000,0.0
2026-03-18 08:05:14,1,100000,0.1817,0.0102,0.000,0.0
2026-03-18 08:05:20,1,100000,0.1900,0.0105,0.000,0.0
2026-03-18 08:05:26,1,100000,0.1892,0.0104,0.000,0.0
2026-03-18 08:05:32,1,100000,0.1853,0.0104,0.000,0.0
2026-03-18 08:05:38,1,100000,0.1835,0.0100,0.000,0.0
2026-03-18 08:05:44,1,100000,0.1835,0.0102,0.000,0.0
2026-03-18 08:05:50,1,100000,0.1840,0.0101,0.000,0.0
2026-03-18 08:05:56,1,100000,0.1690,0.0102,0.000,0.0
2026-03-18 08:06:01,1,100000,0.1706,0.0099,0.000,0.0
2026-03-18 08:06:07,1,100000,0.1793,0.0101,0.000,0.0
2026-03-18 08:06:13,1,100000,0.1670,0.0104,0.000,0.0
2026-03-18 08:06:19,1,100000,0.1746,0.0099,0.000,0.0
2026-03-18 08:06:25,1,100000,0.1778,0.0101,0.000,0.0
2026-03-18 08:06:30,1,100000,0.1750,0.0098,0.000,0.0
2026-03-18 08:06:36,1,100000,0.1732,0.0100,0.000,0.0
2026-03-18 08:06:42,1,100000,0.1708,0.0100,0.000,0.0
2026-03-18 08:06:49,1,100000,0.1637,0.0102,0.000,0.0
2026-03-18 08:06:54,1,100000,0.1662,0.0102,0.000,0.0
2026-03-18 08:07:00,1,100000,0.1629,0.0100,0.000,0.0
2026-03-18 08:07:06,1,100000,0.1641,0.0102,0.000,0.0
2026-03-18 08:07:12,1,100000,0.1584,0.0101,0.000,0.0
2026-03-18 08:07:18,1,100000,0.1630,0.0101,0.000,0.0
2026-03-18 08:07:24,1,100000,0.1658,0.0100,0.000,0.0
2026-03-18 08:07:29,1,100000,0.1598,0.0103,0.000,0.0
2026-03-18 08:07:36,1,100000,0.1594,0.0101,0.000,0.0
2026-03-18 08:07:41,1,100000,0.1624,0.0100,0.000,0.0
2026-03-18 08:07:47,1,100000,0.1677,0.0097,0.000,0.0
2026-03-18 08:07:53,1,100000,0.1660,0.0099,0.000,0.0
2026-03-18 08:07:59,1,100000,0.1560,0.0101,0.000,0.0
2026-03-18 08:08:05,1,100000,0.1596,0.0099,0.000,0.0
2026-03-18 08:08:11,1,100000,0.1538,0.0097,0.000,0.0
2026-03-18 08:08:17,1,100000,0.1594,0.0100,0.000,0.0
2026-03-18 08:08:23,1,100000,0.1579,0.0100,0.000,0.0
2026-03-18 08:08:29,1,100000,0.1606,0.0097,0.000,0.0
2026-03-18 08:08:35,1,100000,0.1557,0.0097,0.000,0.0
2026-03-18 08:08:40,1,100000,0.1584,0.0098,0.000,0.0
2026-03-18 08:08:46,1,100000,0.1586,0.0099,0.000,0.0
2026-03-18 08:08:52,1,100000,0.1497,0.0096,0.000,0.0
2026-03-18 08:08:58,1,100000,0.1519,0.0098,0.000,0.0
2026-03-18 08:09:04,1,100000,0.1574,0.0097,0.000,0.0
2026-03-18 08:09:09,1,100000,0.1578,0.0097,0.000,0.0
2026-03-18 08:09:15,1,100000,0.1450,0.0094,0.000,0.0
2026-03-18 08:09:21,1,100000,0.1541,0.0102,0.000,0.0
2026-03-18 08:09:27,1,100000,0.1584,0.0099,0.000,0.0
2026-03-18 08:09:33,1,100000,0.1625,0.0095,0.000,0.0
2026-03-18 08:09:39,1,100000,0.1580,0.0101,0.000,0.0
2026-03-18 08:09:45,1,100000,0.1503,0.0094,0.000,0.0
2026-03-18 08:09:51,1,100000,0.1472,0.0096,0.000,0.0
2026-03-18 08:09:57,1,100000,0.1492,0.0096,0.000,0.0
2026-03-18 08:11:27,1,100000,0.1594,0.0099,0.380,-15.1
2026-03-18 08:11:34,1,100000,0.1977,0.0102,0.000,0.0
2026-03-18 08:11:40,1,100000,0.1950,0.0102,0.000,0.0
2026-03-18 08:11:46,1,100000,0.1848,0.0099,0.000,0.0
2026-03-18 08:11:51,1,100000,0.1919,0.0100,0.000,0.0
2026-03-18 08:11:57,1,100000,0.1730,0.0097,0.000,0.0
2026-03-18 08:12:03,1,100000,0.1807,0.0099,0.000,0.0
2026-03-18 08:12:09,1,100000,0.1755,0.0096,0.000,0.0
2026-03-18 08:12:15,1,100000,0.1794,0.0100,0.000,0.0
2026-03-18 08:12:21,1,100000,0.1794,0.0103,0.000,0.0
2026-03-18 08:12:27,1,100000,0.1750,0.0102,0.000,0.0
2026-03-18 08:12:32,1,100000,0.1790,0.0103,0.000,0.0
2026-03-18 08:12:38,1,100000,0.1603,0.0097,0.000,0.0
2026-03-18 08:12:44,1,100000,0.1789,0.0100,0.000,0.0
2026-03-18 08:12:50,1,100000,0.1700,0.0097,0.000,0.0
2026-03-18 08:12:56,1,100000,0.1751,0.0102,0.000,0.0
2026-03-18 08:13:02,1,100000,0.1690,0.0099,0.000,0.0
2026-03-18 08:13:08,1,100000,0.1714,0.0097,0.000,0.0
2026-03-18 08:13:14,1,100000,0.1671,0.0099,0.000,0.0
2026-03-18 08:13:19,1,100000,0.1662,0.0097,0.000,0.0
2026-03-18 08:13:25,1,100000,0.1608,0.0100,0.000,0.0
2026-03-18 08:13:31,1,100000,0.1625,0.0097,0.000,0.0
2026-03-18 08:13:37,1,100000,0.1585,0.0097,0.000,0.0
2026-03-18 08:13:43,1,100000,0.1663,0.0099,0.000,0.0
2026-03-18 08:13:49,1,100000,0.1641,0.0099,0.000,0.0
2026-03-18 08:13:54,1,100000,0.1656,0.0100,0.000,0.0
2026-03-18 08:14:00,1,100000,0.1596,0.0099,0.000,0.0
2026-03-18 08:14:06,1,100000,0.1515,0.0098,0.000,0.0
2026-03-18 08:14:12,1,100000,0.1549,0.0098,0.000,0.0
2026-03-18 08:14:18,1,100000,0.1589,0.0101,0.000,0.0
2026-03-18 08:14:24,1,100000,0.1510,0.0099,0.000,0.0
2026-03-18 08:14:30,1,100000,0.1578,0.0100,0.000,0.0
2026-03-18 08:14:35,1,100000,0.1503,0.0099,0.000,0.0
2026-03-18 08:14:41,1,100000,0.1514,0.0098,0.000,0.0
2026-03-18 08:14:47,1,100000,0.1599,0.0096,0.000,0.0
2026-03-18 08:14:53,1,100000,0.1559,0.0098,0.000,0.0
2026-03-18 08:14:59,1,100000,0.1492,0.0096,0.000,0.0
2026-03-18 08:15:05,1,100000,0.1523,0.0099,0.000,0.0
2026-03-18 08:15:11,1,100000,0.1546,0.0098,0.000,0.0
2026-03-18 08:15:16,1,100000,0.1531,0.0099,0.000,0.0
2026-03-18 08:15:22,1,100000,0.1559,0.0097,0.000,0.0
2026-03-18 08:15:28,1,100000,0.1453,0.0097,0.000,0.0
2026-03-18 08:15:34,1,100000,0.1567,0.0096,0.000,0.0
2026-03-18 08:15:39,1,100000,0.1493,0.0100,0.000,0.0
2026-03-18 08:15:45,1,100000,0.1403,0.0096,0.000,0.0
2026-03-18 08:15:51,1,100000,0.1537,0.0100,0.000,0.0
2026-03-18 08:15:57,1,100000,0.1429,0.0096,0.000,0.0
2026-03-18 08:16:03,1,100000,0.1554,0.0098,0.000,0.0
2026-03-18 08:16:09,1,100000,0.1586,0.0102,0.000,0.0
2026-03-18 08:16:15,1,100000,0.1394,0.0095,0.000,0.0
2026-03-18 08:16:21,1,100000,0.1460,0.0097,0.000,0.0
2026-03-18 08:16:27,1,100000,0.1495,0.0099,0.000,0.0
2026-03-18 08:17:55,1,100000,0.1474,0.0095,0.280,-31.7
2026-03-18 08:18:02,1,100000,0.1997,0.0103,0.000,0.0
2026-03-18 08:18:08,1,100000,0.1829,0.0099,0.000,0.0
2026-03-18 08:18:14,1,100000,0.1818,0.0100,0.000,0.0
2026-03-18 08:18:20,1,100000,0.1832,0.0102,0.000,0.0
2026-03-18 08:18:26,1,100000,0.1794,0.0100,0.000,0.0
2026-03-18 08:18:31,1,100000,0.1813,0.0102,0.000,0.0
2026-03-18 08:18:37,1,100000,0.1729,0.0099,0.000,0.0
2026-03-18 08:18:43,1,100000,0.1724,0.0099,0.000,0.0
2026-03-18 08:18:48,1,100000,0.1650,0.0102,0.000,0.0
2026-03-18 08:18:54,1,100000,0.1741,0.0102,0.000,0.0
2026-03-18 08:19:00,1,100000,0.1613,0.0098,0.000,0.0
2026-03-18 08:19:06,1,100000,0.1726,0.0099,0.000,0.0
2026-03-18 08:19:12,1,100000,0.1668,0.0100,0.000,0.0
2026-03-18 08:19:17,1,100000,0.1605,0.0099,0.000,0.0
2026-03-18 08:19:23,1,100000,0.1604,0.0097,0.000,0.0
2026-03-18 08:19:29,1,100000,0.1630,0.0099,0.000,0.0
2026-03-18 08:19:35,1,100000,0.1698,0.0099,0.000,0.0
2026-03-18 08:19:40,1,100000,0.1620,0.0100,0.000,0.0
2026-03-18 08:19:46,1,100000,0.1624,0.0098,0.000,0.0
2026-03-18 08:19:52,1,100000,0.1626,0.0101,0.000,0.0
2026-03-18 08:19:58,1,100000,0.1576,0.0097,0.000,0.0
2026-03-18 08:20:04,1,100000,0.1483,0.0099,0.000,0.0
2026-03-18 08:20:10,1,100000,0.1568,0.0097,0.000,0.0
2026-03-18 08:20:16,1,100000,0.1566,0.0098,0.000,0.0
2026-03-18 08:20:21,1,100000,0.1576,0.0099,0.000,0.0
2026-03-18 08:20:27,1,100000,0.1610,0.0097,0.000,0.0
2026-03-18 08:20:33,1,100000,0.1623,0.0100,0.000,0.0
2026-03-18 08:20:39,1,100000,0.1586,0.0096,0.000,0.0
2026-03-18 08:20:45,1,100000,0.1557,0.0096,0.000,0.0
2026-03-18 08:20:50,1,100000,0.1519,0.0097,0.000,0.0
2026-03-18 08:20:56,1,100000,0.1488,0.0099,0.000,0.0
2026-03-18 08:21:02,1,100000,0.1498,0.0098,0.000,0.0
2026-03-18 08:21:08,1,100000,0.1621,0.0100,0.000,0.0
2026-03-18 08:21:14,1,100000,0.1497,0.0100,0.000,0.0
2026-03-18 08:21:20,1,100000,0.1521,0.0097,0.000,0.0
2026-03-18 08:21:26,1,100000,0.1524,0.0100,0.000,0.0
2026-03-18 08:21:31,1,100000,0.1541,0.0095,0.000,0.0
2026-03-18 08:21:37,1,100000,0.1579,0.0098,0.000,0.0
2026-03-18 08:21:43,1,100000,0.1539,0.0099,0.000,0.0
2026-03-18 08:21:49,1,100000,0.1494,0.0098,0.000,0.0
2026-03-18 08:21:55,1,100000,0.1535,0.0100,0.000,0.0
2026-03-18 08:22:00,1,100000,0.1450,0.0099,0.000,0.0
2026-03-18 08:22:07,1,100000,0.1448,0.0095,0.000,0.0
2026-03-18 08:22:12,1,100000,0.1458,0.0098,0.000,0.0
2026-03-18 08:22:18,1,100000,0.1439,0.0097,0.000,0.0
2026-03-18 08:22:24,1,100000,0.1405,0.0097,0.000,0.0
2026-03-18 08:22:30,1,100000,0.1384,0.0095,0.000,0.0
2026-03-18 08:22:36,1,100000,0.1475,0.0099,0.000,0.0
2026-03-18 08:22:42,1,100000,0.1508,0.0098,0.000,0.0
2026-03-18 08:22:47,1,100000,0.1475,0.0097,0.000,0.0
2026-03-18 08:22:53,1,100000,0.1434,0.0096,0.000,0.0
2026-03-18 08:24:19,1,100000,0.1510,0.0097,0.440,-20.9
2026-03-18 08:24:25,1,100000,0.2023,0.0103,0.000,0.0
2026-03-18 08:24:31,1,100000,0.1829,0.0102,0.000,0.0
2026-03-18 08:24:37,1,100000,0.1794,0.0101,0.000,0.0
2026-03-18 08:24:43,1,100000,0.1747,0.0098,0.000,0.0
2026-03-18 08:24:49,1,100000,0.1748,0.0103,0.000,0.0
2026-03-18 08:24:54,1,100000,0.1708,0.0099,0.000,0.0
2026-03-18 08:25:00,1,100000,0.1603,0.0095,0.000,0.0
2026-03-18 08:25:06,1,100000,0.1746,0.0100,0.000,0.0
2026-03-18 08:25:12,1,100000,0.1639,0.0101,0.000,0.0
2026-03-18 08:25:18,1,100000,0.1599,0.0099,0.000,0.0
2026-03-18 08:25:23,1,100000,0.1666,0.0100,0.000,0.0
2026-03-18 08:25:29,1,100000,0.1574,0.0098,0.000,0.0
2026-03-18 08:25:35,1,100000,0.1566,0.0095,0.000,0.0
2026-03-18 08:25:41,1,100000,0.1645,0.0100,0.000,0.0
2026-03-18 08:25:46,1,100000,0.1620,0.0093,0.000,0.0
2026-03-18 08:25:52,1,100000,0.1679,0.0098,0.000,0.0
2026-03-18 08:25:58,1,100000,0.1603,0.0100,0.000,0.0
2026-03-18 08:26:04,1,100000,0.1663,0.0101,0.000,0.0
2026-03-18 08:26:10,1,100000,0.1766,0.0099,0.000,0.0
2026-03-18 08:26:16,1,100000,0.1636,0.0101,0.000,0.0
2026-03-18 08:26:22,1,100000,0.1663,0.0097,0.000,0.0
2026-03-18 08:26:28,1,100000,0.1716,0.0100,0.000,0.0
2026-03-18 08:26:34,1,100000,0.1641,0.0101,0.000,0.0
2026-03-18 08:26:40,1,100000,0.1565,0.0095,0.000,0.0
2026-03-18 08:26:45,1,100000,0.1628,0.0096,0.000,0.0
2026-03-18 08:26:51,1,100000,0.1561,0.0098,0.000,0.0
2026-03-18 08:26:57,1,100000,0.1567,0.0100,0.000,0.0
2026-03-18 08:27:03,1,100000,0.1577,0.0098,0.000,0.0
2026-03-18 08:27:09,1,100000,0.1595,0.0097,0.000,0.0
2026-03-18 08:27:14,1,100000,0.1617,0.0099,0.000,0.0
2026-03-18 08:27:21,1,100000,0.1581,0.0096,0.000,0.0
2026-03-18 08:27:26,1,100000,0.1572,0.0096,0.000,0.0
2026-03-18 08:27:32,1,100000,0.1554,0.0097,0.000,0.0
2026-03-18 08:27:37,1,100000,0.1623,0.0097,0.000,0.0
2026-03-18 08:27:43,1,100000,0.1597,0.0099,0.000,0.0
2026-03-18 08:27:49,1,100000,0.1582,0.0098,0.000,0.0
2026-03-18 08:27:55,1,100000,0.1600,0.0102,0.000,0.0
2026-03-18 08:28:00,1,100000,0.1511,0.0097,0.000,0.0
2026-03-18 08:28:06,1,100000,0.1608,0.0099,0.000,0.0
2026-03-18 08:28:13,1,100000,0.1578,0.0098,0.000,0.0
2026-03-18 08:28:19,1,100000,0.1612,0.0096,0.000,0.0
2026-03-18 08:28:24,1,100000,0.1578,0.0099,0.000,0.0
2026-03-18 08:28:30,1,100000,0.1523,0.0095,0.000,0.0
2026-03-18 08:28:36,1,100000,0.1548,0.0098,0.000,0.0
2026-03-18 08:28:42,1,100000,0.1512,0.0096,0.000,0.0
2026-03-18 08:28:48,1,100000,0.1549,0.0097,0.000,0.0
2026-03-18 08:28:54,1,100000,0.1503,0.0099,0.000,0.0
2026-03-18 08:28:59,1,100000,0.1577,0.0096,0.000,0.0
2026-03-18 08:29:05,1,100000,0.1596,0.0095,0.000,0.0
2026-03-18 08:29:11,1,100000,0.1531,0.0097,0.000,0.0
2026-03-18 08:29:17,1,100000,0.1517,0.0095,0.000,0.0
2026-03-18 08:29:23,1,100000,0.1535,0.0095,0.000,0.0
2026-03-18 08:30:52,1,100000,0.1594,0.0096,0.360,-31.2
2026-03-18 08:31:00,1,100000,0.2064,0.0104,0.000,0.0
2026-03-18 08:31:05,1,100000,0.1962,0.0100,0.000,0.0
2026-03-18 08:31:11,1,100000,0.1913,0.0104,0.000,0.0
2026-03-18 08:31:17,1,100000,0.1842,0.0100,0.000,0.0
2026-03-18 08:31:23,1,100000,0.1893,0.0104,0.000,0.0
2026-03-18 08:31:29,1,100000,0.1922,0.0103,0.000,0.0
2026-03-18 08:31:35,1,100000,0.1821,0.0101,0.000,0.0
2026-03-18 08:31:41,1,100000,0.1818,0.0099,0.000,0.0
2026-03-18 08:31:47,1,100000,0.1860,0.0099,0.000,0.0
2026-03-18 08:31:53,1,100000,0.1833,0.0100,0.000,0.0
2026-03-18 08:31:58,1,100000,0.1845,0.0104,0.000,0.0
2026-03-18 08:32:04,1,100000,0.1778,0.0099,0.000,0.0
2026-03-18 08:32:10,1,100000,0.1817,0.0102,0.000,0.0
2026-03-18 08:32:16,1,100000,0.1708,0.0099,0.000,0.0
2026-03-18 08:32:21,1,100000,0.1733,0.0101,0.000,0.0
2026-03-18 08:32:27,1,100000,0.1670,0.0101,0.000,0.0
2026-03-18 08:32:33,1,100000,0.1674,0.0097,0.000,0.0
2026-03-18 08:32:39,1,100000,0.1670,0.0099,0.000,0.0
2026-03-18 08:32:45,1,100000,0.1724,0.0099,0.000,0.0
2026-03-18 08:32:50,1,100000,0.1729,0.0101,0.000,0.0
2026-03-18 08:32:56,1,100000,0.1624,0.0097,0.000,0.0
2026-03-18 08:33:02,1,100000,0.1708,0.0095,0.000,0.0
2026-03-18 08:33:08,1,100000,0.1705,0.0099,0.000,0.0
2026-03-18 08:33:14,1,100000,0.1721,0.0103,0.000,0.0
2026-03-18 08:33:20,1,100000,0.1708,0.0099,0.000,0.0
2026-03-18 08:33:25,1,100000,0.1632,0.0099,0.000,0.0
2026-03-18 08:33:31,1,100000,0.1664,0.0098,0.000,0.0
2026-03-18 08:33:37,1,100000,0.1692,0.0103,0.000,0.0
2026-03-18 08:33:43,1,100000,0.1607,0.0098,0.000,0.0
2026-03-18 08:33:49,1,100000,0.1655,0.0096,0.000,0.0
2026-03-18 08:33:55,1,100000,0.1662,0.0100,0.000,0.0
2026-03-18 08:34:01,1,100000,0.1652,0.0099,0.000,0.0
2026-03-18 08:34:06,1,100000,0.1647,0.0099,0.000,0.0
2026-03-18 08:34:12,1,100000,0.1674,0.0101,0.000,0.0
2026-03-18 08:34:18,1,100000,0.1586,0.0100,0.000,0.0
2026-03-18 08:34:25,1,100000,0.1578,0.0096,0.000,0.0
2026-03-18 08:34:31,1,100000,0.1664,0.0101,0.000,0.0
2026-03-18 08:34:37,1,100000,0.1589,0.0099,0.000,0.0
2026-03-18 08:34:42,1,100000,0.1650,0.0098,0.000,0.0
2026-03-18 08:34:48,1,100000,0.1564,0.0098,0.000,0.0
2026-03-18 08:34:54,1,100000,0.1599,0.0097,0.000,0.0
2026-03-18 08:35:00,1,100000,0.1644,0.0100,0.000,0.0
2026-03-18 08:35:06,1,100000,0.1615,0.0095,0.000,0.0
2026-03-18 08:35:12,1,100000,0.1611,0.0101,0.000,0.0
2026-03-18 08:35:18,1,100000,0.1616,0.0096,0.000,0.0
2026-03-18 08:35:24,1,100000,0.1618,0.0098,0.000,0.0
2026-03-18 08:35:29,1,100000,0.1610,0.0099,0.000,0.0
2026-03-18 08:35:35,1,100000,0.1525,0.0098,0.000,0.0
2026-03-18 08:35:41,1,100000,0.1529,0.0100,0.000,0.0
2026-03-18 08:35:47,1,100000,0.1746,0.0103,0.000,0.0
2026-03-18 08:37:13,1,100000,0.1608,0.0102,0.260,-45.0
2026-03-18 08:37:20,1,100000,0.2118,0.0105,0.000,0.0
2026-03-18 08:37:26,1,100000,0.1992,0.0105,0.000,0.0
2026-03-18 08:37:32,1,100000,0.1922,0.0105,0.000,0.0
2026-03-18 08:37:38,1,100000,0.1907,0.0103,0.000,0.0
2026-03-18 08:37:44,1,100000,0.1993,0.0104,0.000,0.0
2026-03-18 08:37:50,1,100000,0.1952,0.0102,0.000,0.0
2026-03-18 08:37:56,1,100000,0.1930,0.0104,0.000,0.0
2026-03-18 08:38:02,1,100000,0.1915,0.0102,0.000,0.0
2026-03-18 08:38:07,1,100000,0.1845,0.0103,0.000,0.0
2026-03-18 08:38:13,1,100000,0.1789,0.0099,0.000,0.0
2026-03-18 08:38:19,1,100000,0.1854,0.0101,0.000,0.0
2026-03-18 08:38:25,1,100000,0.1791,0.0103,0.000,0.0
2026-03-18 08:38:30,1,100000,0.1858,0.0102,0.000,0.0
2026-03-18 08:38:36,1,100000,0.1834,0.0104,0.000,0.0
2026-03-18 08:38:42,1,100000,0.1867,0.0100,0.000,0.0
2026-03-18 08:38:48,1,100000,0.1811,0.0098,0.000,0.0
2026-03-18 08:38:54,1,100000,0.1687,0.0097,0.000,0.0
2026-03-18 08:39:00,1,100000,0.1761,0.0099,0.000,0.0
2026-03-18 08:39:06,1,100000,0.1785,0.0103,0.000,0.0
2026-03-18 08:39:12,1,100000,0.1830,0.0105,0.000,0.0
2026-03-18 08:39:18,1,100000,0.1791,0.0103,0.000,0.0
2026-03-18 08:39:24,1,100000,0.1756,0.0100,0.000,0.0
2026-03-18 08:39:30,1,100000,0.1723,0.0100,0.000,0.0
2026-03-18 08:39:36,1,100000,0.1731,0.0097,0.000,0.0
2026-03-18 08:39:42,1,100000,0.1721,0.0098,0.000,0.0
2026-03-18 08:39:47,1,100000,0.1589,0.0096,0.000,0.0
2026-03-18 08:39:53,1,100000,0.1730,0.0101,0.000,0.0
2026-03-18 08:39:59,1,100000,0.1699,0.0099,0.000,0.0
2026-03-18 08:40:05,1,100000,0.1631,0.0099,0.000,0.0
2026-03-18 08:40:11,1,100000,0.1735,0.0101,0.000,0.0
2026-03-18 08:40:17,1,100000,0.1670,0.0100,0.000,0.0
2026-03-18 08:40:23,1,100000,0.1697,0.0099,0.000,0.0
2026-03-18 08:40:28,1,100000,0.1714,0.0102,0.000,0.0
2026-03-18 08:40:34,1,100000,0.1618,0.0102,0.000,0.0
2026-03-18 08:40:41,1,100000,0.1719,0.0100,0.000,0.0
2026-03-18 08:40:47,1,100000,0.1753,0.0105,0.000,0.0
2026-03-18 08:40:53,1,100000,0.1625,0.0099,0.000,0.0
2026-03-18 08:40:58,1,100000,0.1664,0.0103,0.000,0.0
2026-03-18 08:41:04,1,100000,0.1588,0.0098,0.000,0.0
2026-03-18 08:41:10,1,100000,0.1578,0.0098,0.000,0.0
2026-03-18 08:41:16,1,100000,0.1661,0.0101,0.000,0.0
2026-03-18 08:41:22,1,100000,0.1616,0.0100,0.000,0.0
2026-03-18 08:41:28,1,100000,0.1592,0.0097,0.000,0.0
2026-03-18 08:41:34,1,100000,0.1553,0.0096,0.000,0.0
2026-03-18 08:41:40,1,100000,0.1671,0.0097,0.000,0.0
2026-03-18 08:41:46,1,100000,0.1551,0.0099,0.000,0.0
2026-03-18 08:41:52,1,100000,0.1611,0.0099,0.000,0.0
2026-03-18 08:41:58,1,100000,0.1702,0.0098,0.000,0.0
2026-03-18 08:42:04,1,100000,0.1601,0.0101,0.000,0.0
2026-03-18 08:42:10,1,100000,0.1678,0.0098,0.000,0.0
2026-03-18 08:42:15,1,100000,0.1575,0.0098,0.000,0.0
2026-03-18 08:43:45,1,100000,0.1584,0.0097,0.300,-27.6
2026-03-18 08:43:52,1,100000,0.2072,0.0105,0.000,0.0
2026-03-18 08:43:58,1,100000,0.1939,0.0101,0.000,0.0
2026-03-18 08:44:04,1,100000,0.1851,0.0103,0.000,0.0
2026-03-18 08:44:10,1,100000,0.1922,0.0102,0.000,0.0
2026-03-18 08:44:15,1,100000,0.1879,0.0100,0.000,0.0
2026-03-18 08:44:21,1,100000,0.1831,0.0101,0.000,0.0
2026-03-18 08:44:27,1,100000,0.1881,0.0104,0.000,0.0
2026-03-18 08:44:33,1,100000,0.1802,0.0103,0.000,0.0
2026-03-18 08:44:39,1,100000,0.1976,0.0102,0.000,0.0
2026-03-18 08:44:45,1,100000,0.1852,0.0102,0.000,0.0
2026-03-18 08:44:51,1,100000,0.1795,0.0100,0.000,0.0
2026-03-18 08:44:57,1,100000,0.1800,0.0101,0.000,0.0
2026-03-18 08:45:02,1,100000,0.1844,0.0102,0.000,0.0
2026-03-18 08:45:08,1,100000,0.1890,0.0102,0.000,0.0
2026-03-18 08:45:14,1,100000,0.1771,0.0101,0.000,0.0
2026-03-18 08:45:20,1,100000,0.1804,0.0102,0.000,0.0
2026-03-18 08:45:26,1,100000,0.1726,0.0099,0.000,0.0
2026-03-18 08:45:32,1,100000,0.1749,0.0101,0.000,0.0
2026-03-18 08:45:38,1,100000,0.1787,0.0103,0.000,0.0
2026-03-18 08:45:43,1,100000,0.1697,0.0102,0.000,0.0
2026-03-18 08:45:49,1,100000,0.1665,0.0099,0.000,0.0
2026-03-18 08:45:55,1,100000,0.1706,0.0101,0.000,0.0
2026-03-18 08:46:01,1,100000,0.1751,0.0100,0.000,0.0
2026-03-18 08:46:07,1,100000,0.1736,0.0101,0.000,0.0
2026-03-18 08:46:13,1,100000,0.1762,0.0101,0.000,0.0
2026-03-18 08:46:18,1,100000,0.1735,0.0100,0.000,0.0
2026-03-18 08:46:24,1,100000,0.1702,0.0101,0.000,0.0
2026-03-18 08:46:30,1,100000,0.1714,0.0103,0.000,0.0
2026-03-18 08:46:36,1,100000,0.1674,0.0100,0.000,0.0
2026-03-18 08:46:42,1,100000,0.1665,0.0098,0.000,0.0
2026-03-18 08:46:48,1,100000,0.1716,0.0098,0.000,0.0
2026-03-18 08:46:54,1,100000,0.1815,0.0101,0.000,0.0
2026-03-18 08:47:00,1,100000,0.1593,0.0100,0.000,0.0
2026-03-18 08:47:06,1,100000,0.1762,0.0103,0.000,0.0
2026-03-18 08:47:12,1,100000,0.1640,0.0101,0.000,0.0
2026-03-18 08:47:17,1,100000,0.1617,0.0102,0.000,0.0
2026-03-18 08:47:23,1,100000,0.1653,0.0101,0.000,0.0
2026-03-18 08:47:29,1,100000,0.1746,0.0100,0.000,0.0
2026-03-18 08:47:35,1,100000,0.1670,0.0100,0.000,0.0
2026-03-18 08:47:41,1,100000,0.1732,0.0096,0.000,0.0
2026-03-18 08:47:47,1,100000,0.1682,0.0101,0.000,0.0
2026-03-18 08:47:53,1,100000,0.1701,0.0100,0.000,0.0
2026-03-18 08:47:59,1,100000,0.1608,0.0099,0.000,0.0
2026-03-18 08:48:04,1,100000,0.1627,0.0101,0.000,0.0
2026-03-18 08:48:10,1,100000,0.1660,0.0098,0.000,0.0
2026-03-18 08:48:16,1,100000,0.1586,0.0102,0.000,0.0
2026-03-18 08:48:22,1,100000,0.1642,0.0100,0.000,0.0
2026-03-18 08:48:28,1,100000,0.1533,0.0100,0.000,0.0
2026-03-18 08:48:33,1,100000,0.1624,0.0101,0.000,0.0
2026-03-18 08:48:39,1,100000,0.1565,0.0099,0.000,0.0
2026-03-18 08:48:45,1,100000,0.1517,0.0100,0.000,0.0
2026-03-18 08:50:07,1,100000,0.1597,0.0099,0.340,-33.3
2026-03-18 08:50:14,1,100000,0.2013,0.0105,0.000,0.0
2026-03-18 08:50:20,1,100000,0.2009,0.0108,0.000,0.0
2026-03-18 08:50:26,1,100000,0.1938,0.0105,0.000,0.0
2026-03-18 08:50:32,1,100000,0.1886,0.0104,0.000,0.0
2026-03-18 08:50:37,1,100000,0.1799,0.0104,0.000,0.0
2026-03-18 08:50:43,1,100000,0.1900,0.0107,0.000,0.0
2026-03-18 08:50:49,1,100000,0.1907,0.0109,0.000,0.0
2026-03-18 08:50:55,1,100000,0.1923,0.0104,0.000,0.0
2026-03-18 08:51:01,1,100000,0.1882,0.0104,0.000,0.0
2026-03-18 08:51:06,1,100000,0.1730,0.0102,0.000,0.0
2026-03-18 08:51:12,1,100000,0.1764,0.0102,0.000,0.0
2026-03-18 08:51:18,1,100000,0.1758,0.0105,0.000,0.0
2026-03-18 08:51:24,1,100000,0.1788,0.0105,0.000,0.0
2026-03-18 08:51:29,1,100000,0.1756,0.0103,0.000,0.0
2026-03-18 08:51:35,1,100000,0.1755,0.0102,0.000,0.0
2026-03-18 08:51:41,1,100000,0.1670,0.0106,0.000,0.0
2026-03-18 08:51:47,1,100000,0.1766,0.0106,0.000,0.0
2026-03-18 08:51:53,1,100000,0.1698,0.0102,0.000,0.0
2026-03-18 08:51:58,1,100000,0.1680,0.0104,0.000,0.0
2026-03-18 08:52:04,1,100000,0.1695,0.0104,0.000,0.0
2026-03-18 08:52:10,1,100000,0.1656,0.0099,0.000,0.0
2026-03-18 08:52:16,1,100000,0.1735,0.0100,0.000,0.0
2026-03-18 08:52:22,1,100000,0.1611,0.0099,0.000,0.0
2026-03-18 08:52:28,1,100000,0.1635,0.0102,0.000,0.0
2026-03-18 08:52:34,1,100000,0.1677,0.0105,0.000,0.0
2026-03-18 08:52:40,1,100000,0.1564,0.0100,0.000,0.0
2026-03-18 08:52:46,1,100000,0.1567,0.0102,0.000,0.0
2026-03-18 08:52:51,1,100000,0.1635,0.0101,0.000,0.0
2026-03-18 08:52:57,1,100000,0.1590,0.0102,0.000,0.0
2026-03-18 08:53:03,1,100000,0.1642,0.0103,0.000,0.0
2026-03-18 08:53:09,1,100000,0.1688,0.0102,0.000,0.0
2026-03-18 08:53:15,1,100000,0.1583,0.0100,0.000,0.0
2026-03-18 08:53:21,1,100000,0.1644,0.0102,0.000,0.0
2026-03-18 08:53:26,1,100000,0.1683,0.0105,0.000,0.0
2026-03-18 08:53:32,1,100000,0.1661,0.0100,0.000,0.0
2026-03-18 08:53:38,1,100000,0.1634,0.0101,0.000,0.0
2026-03-18 08:53:44,1,100000,0.1646,0.0106,0.000,0.0
2026-03-18 08:53:50,1,100000,0.1679,0.0102,0.000,0.0
2026-03-18 08:53:55,1,100000,0.1540,0.0101,0.000,0.0
2026-03-18 08:54:01,1,100000,0.1652,0.0102,0.000,0.0
2026-03-18 08:54:07,1,100000,0.1673,0.0101,0.000,0.0
2026-03-18 08:54:13,1,100000,0.1625,0.0101,0.000,0.0
2026-03-18 08:54:19,1,100000,0.1656,0.0099,0.000,0.0
2026-03-18 08:54:26,1,100000,0.1451,0.0099,0.000,0.0
2026-03-18 08:54:32,1,100000,0.1586,0.0103,0.000,0.0
2026-03-18 08:54:38,1,100000,0.1595,0.0103,0.000,0.0
2026-03-18 08:54:43,1,100000,0.1580,0.0101,0.000,0.0
2026-03-18 08:54:49,1,100000,0.1488,0.0102,0.000,0.0
2026-03-18 08:54:55,1,100000,0.1468,0.0102,0.000,0.0
2026-03-18 08:55:01,1,100000,0.1579,0.0105,0.000,0.0
2026-03-18 08:55:07,1,100000,0.1561,0.0107,0.000,0.0
2026-03-18 08:55:13,1,100000,0.1591,0.0101,0.000,0.0
2026-03-18 08:55:20,1,100000,0.1496,0.0104,0.000,0.0
2026-03-18 08:56:54,1,100000,0.1639,0.0104,0.240,-45.0
2026-03-18 08:57:01,1,100000,0.2045,0.0110,0.000,0.0
2026-03-18 08:57:07,1,100000,0.1866,0.0103,0.000,0.0
